SET SQL_MODE = "NO_AUTO_VALUE_ON_ZERO";
SET AUTOCOMMIT = 0;
SET time_zone = "+00:00";
SET NAMES utf8mb4;
SET @OLD_FOREIGN_KEY_CHECKS=@@FOREIGN_KEY_CHECKS, FOREIGN_KEY_CHECKS=0;
START TRANSACTION;
DROP TABLE `u7417506_dosyatakip`.`acente`;
CREATE TABLE IF NOT EXISTS `u7417506_dosyatakip`.`acente` (
	`id` binary(16) NOT NULL,
	`name` longtext COLLATE utf8mb4_unicode_ci NOT NULL,
	`createdate` datetime,
	`modifydate` datetime,
	`deletedate` datetime,
	PRIMARY KEY(`id`)
);

DROP TABLE `u7417506_dosyatakip`.`file`;
CREATE TABLE IF NOT EXISTS `u7417506_dosyatakip`.`file` (
	`id` binary(16),
	`name` text COLLATE utf8mb4_general_ci,
	`required_forms` text COLLATE utf8mb4_general_ci,
	`acente_id` binary(16),
	`personel_id` binary(16),
	`avukat_id` binary(16),
	`lastinsetdate` datetime,
	`createdate` datetime,
	`modifydate` datetime,
	`deletedate` datetime,
	`order` int(11)
);

DROP TABLE `u7417506_dosyatakip`.`form_fields`;
CREATE TABLE IF NOT EXISTS `u7417506_dosyatakip`.`form_fields` (
	`id` binary(16) NOT NULL,
	`name` varchar(255) COLLATE utf8mb4_general_ci,
	`order` int(11),
	`type` varchar(50) COLLATE latin1_swedish_ci,
	`createdate` datetime,
	`modifydate` datetime,
	`deletedate` datetime,
	PRIMARY KEY(`id`)
);

DROP TABLE `u7417506_dosyatakip`.`form_files`;
CREATE TABLE IF NOT EXISTS `u7417506_dosyatakip`.`form_files` (
	`id` binary(16) NOT NULL,
	`user` binary(16),
	`requireid` binary(16),
	`fileid` binary(16),
	`filepath` text COLLATE utf8mb4_general_ci,
	`createdate` datetime,
	`modifydate` datetime,
	`deletedate` datetime,
	PRIMARY KEY(`id`)
);

DROP TABLE `u7417506_dosyatakip`.`form_notes`;
CREATE TABLE IF NOT EXISTS `u7417506_dosyatakip`.`form_notes` (
	`id` binary(16) NOT NULL,
	`file_id` binary(16),
	`user` binary(16),
	`text` text COLLATE utf8mb4_general_ci,
	`type` varchar(45) COLLATE utf8mb4_general_ci,
	`createdate` datetime,
	`modifydate` datetime,
	`deletedate` datetime,
	PRIMARY KEY(`id`)
);

DROP TABLE `u7417506_dosyatakip`.`form_require`;
CREATE TABLE IF NOT EXISTS `u7417506_dosyatakip`.`form_require` (
	`id` binary(16),
	`name` varchar(50) COLLATE utf8mb4_general_ci,
	`createdate` datetime,
	`modifydate` datetime,
	`deletedate` datetime
);

DROP TABLE `u7417506_dosyatakip`.`form_types`;
CREATE TABLE IF NOT EXISTS `u7417506_dosyatakip`.`form_types` (
	`id` binary(16) NOT NULL,
	`name` varchar(50) COLLATE utf8mb4_unicode_ci NOT NULL,
	`createdate` datetime,
	`modifydate` datetime,
	`deletedate` datetime,
	PRIMARY KEY(`id`)
);

DROP TABLE `u7417506_dosyatakip`.`form_variables`;
CREATE TABLE IF NOT EXISTS `u7417506_dosyatakip`.`form_variables` (
	`id` binary(16) NOT NULL,
	`field_id` binary(16),
	`name` text COLLATE utf8mb4_general_ci,
	`order` int(11),
	`createdate` datetime,
	`modifydate` datetime,
	`deletedate` datetime,
	PRIMARY KEY(`id`)
);

DROP TABLE `u7417506_dosyatakip`.`forms`;
CREATE TABLE IF NOT EXISTS `u7417506_dosyatakip`.`forms` (
	`id` binary(16) NOT NULL,
	`file_id` binary(16),
	`require_id` binary(16),
	`user` binary(16) NOT NULL,
	`createdate` datetime,
	`modifydate` datetime,
	`deletedate` datetime,
	PRIMARY KEY(`id`)
);

DROP TABLE `u7417506_dosyatakip`.`notification`;
CREATE TABLE IF NOT EXISTS `u7417506_dosyatakip`.`notification` (
	`id` binary(16),
	`islem` text COLLATE utf8mb4_general_ci,
	`dosya` binary(16),
	`form` binary(16),
	`personel` binary(16),
	`createdate` datetime,
	`modifydate` datetime,
	`deletedate` datetime
);

DROP TABLE `u7417506_dosyatakip`.`settings`;
CREATE TABLE IF NOT EXISTS `u7417506_dosyatakip`.`settings` (
	`name` varchar(255) COLLATE utf8mb4_unicode_ci NOT NULL,
	`value` longtext COLLATE utf8mb4_unicode_ci,
	`createdate` datetime,
	`modifydate` datetime,
	`deletedate` datetime
);

DROP TABLE `u7417506_dosyatakip`.`user`;
CREATE TABLE IF NOT EXISTS `u7417506_dosyatakip`.`user` (
	`id` binary(16) NOT NULL,
	`name` varchar(50) COLLATE utf8mb4_unicode_ci NOT NULL,
	`surname` varchar(50) COLLATE utf8mb4_unicode_ci NOT NULL,
	`password` longtext COLLATE utf8mb4_unicode_ci NOT NULL,
	`role` varchar(10) COLLATE utf8mb4_unicode_ci NOT NULL,
	`acente_id` binary(16),
	`birthday` datetime,
	`image` longtext COLLATE utf8mb4_unicode_ci,
	`email` longtext COLLATE utf8mb4_unicode_ci NOT NULL,
	`extra` longtext COLLATE utf8mb4_unicode_ci,
	`createdate` datetime,
	`deletedate` datetime,
	`modifydate` datetime,
	PRIMARY KEY(`id`)
);

DROP TABLE `u7417506_dosyatakip`.`values`;
CREATE TABLE IF NOT EXISTS `u7417506_dosyatakip`.`values` (
	`id` binary(16),
	`formid` binary(16),
	`field` binary(16),
	`text` text COLLATE utf8mb4_general_ci
);


TRUNCATE TABLE `u7417506_dosyatakip`.`acente`;
TRUNCATE TABLE `u7417506_dosyatakip`.`file`;
TRUNCATE TABLE `u7417506_dosyatakip`.`form_fields`;
TRUNCATE TABLE `u7417506_dosyatakip`.`form_files`;
TRUNCATE TABLE `u7417506_dosyatakip`.`form_notes`;
TRUNCATE TABLE `u7417506_dosyatakip`.`form_require`;
TRUNCATE TABLE `u7417506_dosyatakip`.`form_types`;
TRUNCATE TABLE `u7417506_dosyatakip`.`form_variables`;
TRUNCATE TABLE `u7417506_dosyatakip`.`forms`;
TRUNCATE TABLE `u7417506_dosyatakip`.`notification`;
TRUNCATE TABLE `u7417506_dosyatakip`.`settings`;
TRUNCATE TABLE `u7417506_dosyatakip`.`user`;
TRUNCATE TABLE `u7417506_dosyatakip`.`values`;

SET sql_notes = 1;
INSERT INTO `u7417506_dosyatakip`.`acente` (`id`,`name`,`createdate`,`modifydate`,`deletedate`) VALUES (UNHEX('11d8dbc5f4cfd1084da2c48d838c6ce1'),'Kayseri','2020-11-24 14:29:05','2020-11-24 14:29:05',NULL);
INSERT INTO `u7417506_dosyatakip`.`acente` (`id`,`name`,`createdate`,`modifydate`,`deletedate`) VALUES (UNHEX('4c87fa5ac62b1da2e618f8431d1759e4'),'Yozgat','2020-11-24 14:29:28','2020-11-24 14:29:28','2020-12-04 11:33:50');
INSERT INTO `u7417506_dosyatakip`.`acente` (`id`,`name`,`createdate`,`modifydate`,`deletedate`) VALUES (UNHEX('5394864051d9f4b04c56c5b0ae13fd47'),'Bursa','2020-11-24 14:29:32','2020-11-24 14:29:32',NULL);
INSERT INTO `u7417506_dosyatakip`.`acente` (`id`,`name`,`createdate`,`modifydate`,`deletedate`) VALUES (UNHEX('62465906f0ccf5ddac733ea86eacc061'),'Konya','2020-11-24 14:29:21','2020-11-24 14:29:21',NULL);
INSERT INTO `u7417506_dosyatakip`.`acente` (`id`,`name`,`createdate`,`modifydate`,`deletedate`) VALUES (UNHEX('6664ac6c3249d2994d395a750d26fdc3'),'İstanbul','2020-11-24 14:29:25','2020-11-24 14:29:25',NULL);
INSERT INTO `u7417506_dosyatakip`.`acente` (`id`,`name`,`createdate`,`modifydate`,`deletedate`) VALUES (UNHEX('86a3bc863225834cf244dfcf7840c56f'),'Sivas','2020-11-24 14:29:08','2020-11-24 14:29:08',NULL);
INSERT INTO `u7417506_dosyatakip`.`acente` (`id`,`name`,`createdate`,`modifydate`,`deletedate`) VALUES (UNHEX('c0c3ff36086b4b0708fc80f17a8e9f9c'),'Niğde','2020-11-24 14:29:14','2020-11-24 14:29:14',NULL);
INSERT INTO `u7417506_dosyatakip`.`acente` (`id`,`name`,`createdate`,`modifydate`,`deletedate`) VALUES (UNHEX('fb4ae21e062fa3c50f836cf74d779573'),'Adana','2020-11-24 14:29:17','2020-11-24 14:29:17',NULL);
INSERT INTO `u7417506_dosyatakip`.`acente` (`id`,`name`,`createdate`,`modifydate`,`deletedate`) VALUES (UNHEX('2885195ca8cca49f5bc09a291433ebdb'),'jhgfcx','2020-12-04 11:59:08','2020-12-04 11:59:08','2020-12-04 11:59:22');
INSERT INTO `u7417506_dosyatakip`.`acente` (`id`,`name`,`createdate`,`modifydate`,`deletedate`) VALUES (UNHEX('3012504a6fefd415a788edcdb6755286'),'Yozgat','2020-12-04 11:59:53','2020-12-04 11:59:53',NULL);
INSERT INTO `u7417506_dosyatakip`.`acente` (`id`,`name`,`createdate`,`modifydate`,`deletedate`) VALUES (UNHEX('0c3b5b130a60541ab0e05247b01c40be'),'YOZGOT','2020-12-04 12:00:02','2020-12-04 12:00:02','2020-12-04 12:04:45');
INSERT INTO `u7417506_dosyatakip`.`acente` (`id`,`name`,`createdate`,`modifydate`,`deletedate`) VALUES (UNHEX('8c01df717e02f6d0bb7b4678ae1f1b67'),'YOZGAT','2020-12-04 12:00:06','2020-12-04 12:00:06','2020-12-04 12:04:54');
INSERT INTO `u7417506_dosyatakip`.`acente` (`id`,`name`,`createdate`,`modifydate`,`deletedate`) VALUES (UNHEX('0e5440149e6851d9e7bdb1500d90898d'),'Yozgat','2020-12-04 12:03:21','2020-12-04 12:03:21','2020-12-04 12:04:51');
INSERT INTO `u7417506_dosyatakip`.`acente` (`id`,`name`,`createdate`,`modifydate`,`deletedate`) VALUES (UNHEX('ce19972a1223c7b1327b9433e434d758'),'Yozgat','2020-12-04 12:04:41','2020-12-04 12:04:41','2020-12-04 12:04:48');
INSERT INTO `u7417506_dosyatakip`.`acente` (`id`,`name`,`createdate`,`modifydate`,`deletedate`) VALUES (UNHEX('ec6ca7904fcc086bf2b177d5f20cdcbb'),'mugla','2020-12-11 11:06:59','2020-12-11 11:06:59','2020-12-11 11:07:16');
INSERT INTO `u7417506_dosyatakip`.`file` (`id`,`name`,`required_forms`,`acente_id`,`personel_id`,`avukat_id`,`lastinsetdate`,`createdate`,`modifydate`,`deletedate`,`order`) VALUES (UNHEX('b33ed42f395fab6af9bf206064539976'),'ABDUL KADİR ATEŞ','',UNHEX('11d8dbc5f4cfd1084da2c48d838c6ce1'),UNHEX('e45fd2ee4e4a5167a99117a9be1876aa'),UNHEX('4b9a5dcef97c279fded0e89fe098a64d'),'2020-12-14 15:46:26','2020-12-10 12:54:34','2020-12-10 13:55:05',NULL,'1');
INSERT INTO `u7417506_dosyatakip`.`file` (`id`,`name`,`required_forms`,`acente_id`,`personel_id`,`avukat_id`,`lastinsetdate`,`createdate`,`modifydate`,`deletedate`,`order`) VALUES (UNHEX('3f1702a790fe5608aa09a5c568543166'),'AYŞE TEKİN','',UNHEX('11d8dbc5f4cfd1084da2c48d838c6ce1'),UNHEX('e45fd2ee4e4a5167a99117a9be1876aa'),UNHEX('4b9a5dcef97c279fded0e89fe098a64d'),'2020-12-10 13:34:53','2020-12-10 13:34:53','2020-12-10 22:17:09',NULL,'2');
INSERT INTO `u7417506_dosyatakip`.`file` (`id`,`name`,`required_forms`,`acente_id`,`personel_id`,`avukat_id`,`lastinsetdate`,`createdate`,`modifydate`,`deletedate`,`order`) VALUES (UNHEX('e6bc542c102320bab470956dab02f6bb'),'BATUHAN KARABULUT','',UNHEX('11d8dbc5f4cfd1084da2c48d838c6ce1'),UNHEX('e45fd2ee4e4a5167a99117a9be1876aa'),UNHEX('4b9a5dcef97c279fded0e89fe098a64d'),'2020-12-10 14:04:25','2020-12-10 14:04:25','2020-12-11 13:37:15',NULL,'3');
INSERT INTO `u7417506_dosyatakip`.`file` (`id`,`name`,`required_forms`,`acente_id`,`personel_id`,`avukat_id`,`lastinsetdate`,`createdate`,`modifydate`,`deletedate`,`order`) VALUES (UNHEX('ac8544d15cac427f0c937aa3e46da806'),'HÜRMÜZ BOZBEK','',UNHEX('11d8dbc5f4cfd1084da2c48d838c6ce1'),UNHEX('e45fd2ee4e4a5167a99117a9be1876aa'),UNHEX('4b9a5dcef97c279fded0e89fe098a64d'),'2020-12-10 14:23:35','2020-12-10 14:23:35','2020-12-11 13:37:42',NULL,'4');
INSERT INTO `u7417506_dosyatakip`.`file` (`id`,`name`,`required_forms`,`acente_id`,`personel_id`,`avukat_id`,`lastinsetdate`,`createdate`,`modifydate`,`deletedate`,`order`) VALUES (UNHEX('09364f5bad7a95d8216cd37b3fedf93a'),'BORAN BOZBEK','',UNHEX('11d8dbc5f4cfd1084da2c48d838c6ce1'),UNHEX('e45fd2ee4e4a5167a99117a9be1876aa'),UNHEX('4b9a5dcef97c279fded0e89fe098a64d'),'2020-12-10 14:26:39','2020-12-10 14:26:39','2020-12-11 13:38:08',NULL,'5');
INSERT INTO `u7417506_dosyatakip`.`file` (`id`,`name`,`required_forms`,`acente_id`,`personel_id`,`avukat_id`,`lastinsetdate`,`createdate`,`modifydate`,`deletedate`,`order`) VALUES (UNHEX('810c930ad408d6184a7c0774dbfe945c'),'MERVE NUR BOZBEK','',UNHEX('11d8dbc5f4cfd1084da2c48d838c6ce1'),UNHEX('e45fd2ee4e4a5167a99117a9be1876aa'),UNHEX('4b9a5dcef97c279fded0e89fe098a64d'),'2020-12-10 14:28:20','2020-12-10 14:28:20','2020-12-11 13:41:07',NULL,'6');
INSERT INTO `u7417506_dosyatakip`.`file` (`id`,`name`,`required_forms`,`acente_id`,`personel_id`,`avukat_id`,`lastinsetdate`,`createdate`,`modifydate`,`deletedate`,`order`) VALUES (UNHEX('77307092eff5bd4a7ca538d0d635c761'),'KANİYE BOZBEK','',UNHEX('11d8dbc5f4cfd1084da2c48d838c6ce1'),UNHEX('e45fd2ee4e4a5167a99117a9be1876aa'),UNHEX('4b9a5dcef97c279fded0e89fe098a64d'),'2020-12-10 14:29:49','2020-12-10 14:29:49','2020-12-11 13:42:28',NULL,'7');
INSERT INTO `u7417506_dosyatakip`.`file` (`id`,`name`,`required_forms`,`acente_id`,`personel_id`,`avukat_id`,`lastinsetdate`,`createdate`,`modifydate`,`deletedate`,`order`) VALUES (UNHEX('5fbba27e6df3a3b09a8ec497d7c4467c'),'BUKET OKYAY','',UNHEX('11d8dbc5f4cfd1084da2c48d838c6ce1'),UNHEX('e45fd2ee4e4a5167a99117a9be1876aa'),UNHEX('4b9a5dcef97c279fded0e89fe098a64d'),'2020-12-10 14:33:53','2020-12-10 14:33:53','2020-12-11 14:13:28',NULL,'8');
INSERT INTO `u7417506_dosyatakip`.`file` (`id`,`name`,`required_forms`,`acente_id`,`personel_id`,`avukat_id`,`lastinsetdate`,`createdate`,`modifydate`,`deletedate`,`order`) VALUES (UNHEX('0b5f70f93ba0ea2e91d69ab6f2a4e8d6'),'ERDEM GÜL','',UNHEX('11d8dbc5f4cfd1084da2c48d838c6ce1'),UNHEX('e45fd2ee4e4a5167a99117a9be1876aa'),UNHEX('4b9a5dcef97c279fded0e89fe098a64d'),'2020-12-10 22:05:00','2020-12-10 22:05:00','2020-12-11 14:14:08',NULL,'9');
INSERT INTO `u7417506_dosyatakip`.`file` (`id`,`name`,`required_forms`,`acente_id`,`personel_id`,`avukat_id`,`lastinsetdate`,`createdate`,`modifydate`,`deletedate`,`order`) VALUES (UNHEX('71c97846502de593b742a23a45d89bf0'),'FATMA AYDIN','',UNHEX('86a3bc863225834cf244dfcf7840c56f'),UNHEX('e45fd2ee4e4a5167a99117a9be1876aa'),UNHEX('81587627f25f5813d8ac0f3e8b62acd7'),'2020-12-11 16:34:32','2020-12-10 22:10:50','2020-12-11 16:34:02',NULL,'10');
INSERT INTO `u7417506_dosyatakip`.`file` (`id`,`name`,`required_forms`,`acente_id`,`personel_id`,`avukat_id`,`lastinsetdate`,`createdate`,`modifydate`,`deletedate`,`order`) VALUES (UNHEX('fb25c3a1603dd80fc3063f464d5bece7'),'İBRAHİM PİLAVCI','',UNHEX('11d8dbc5f4cfd1084da2c48d838c6ce1'),UNHEX('e45fd2ee4e4a5167a99117a9be1876aa'),UNHEX('4b9a5dcef97c279fded0e89fe098a64d'),'2020-12-10 22:15:53','2020-12-10 22:15:53','2020-12-11 14:44:35',NULL,'11');
INSERT INTO `u7417506_dosyatakip`.`file` (`id`,`name`,`required_forms`,`acente_id`,`personel_id`,`avukat_id`,`lastinsetdate`,`createdate`,`modifydate`,`deletedate`,`order`) VALUES (UNHEX('2c5536c3f4d5a0aa44dcf94b2497b4dd'),'İBRAHİM BİRGÜL','',UNHEX('11d8dbc5f4cfd1084da2c48d838c6ce1'),UNHEX('e45fd2ee4e4a5167a99117a9be1876aa'),UNHEX('4b9a5dcef97c279fded0e89fe098a64d'),'2020-12-10 22:22:49','2020-12-10 22:22:49','2020-12-11 14:43:33',NULL,'12');
INSERT INTO `u7417506_dosyatakip`.`file` (`id`,`name`,`required_forms`,`acente_id`,`personel_id`,`avukat_id`,`lastinsetdate`,`createdate`,`modifydate`,`deletedate`,`order`) VALUES (UNHEX('f8ba29d2d32569f4f9be182a8ae3656d'),'KEMAL BÜYÜKTÜRKERİ','',UNHEX('fb4ae21e062fa3c50f836cf74d779573'),UNHEX('e45fd2ee4e4a5167a99117a9be1876aa'),UNHEX('81587627f25f5813d8ac0f3e8b62acd7'),'2020-12-11 16:36:25','2020-12-10 22:26:56','2020-12-11 16:36:20',NULL,'13');
INSERT INTO `u7417506_dosyatakip`.`file` (`id`,`name`,`required_forms`,`acente_id`,`personel_id`,`avukat_id`,`lastinsetdate`,`createdate`,`modifydate`,`deletedate`,`order`) VALUES (UNHEX('4cb9fbc38166907fc10ae62ee4c91033'),'MEHMET ÖZTÜRK','',UNHEX('11d8dbc5f4cfd1084da2c48d838c6ce1'),UNHEX('e45fd2ee4e4a5167a99117a9be1876aa'),UNHEX('4b9a5dcef97c279fded0e89fe098a64d'),'2020-12-10 22:36:21','2020-12-10 22:36:21','2020-12-11 14:42:41',NULL,'14');
INSERT INTO `u7417506_dosyatakip`.`file` (`id`,`name`,`required_forms`,`acente_id`,`personel_id`,`avukat_id`,`lastinsetdate`,`createdate`,`modifydate`,`deletedate`,`order`) VALUES (UNHEX('bf971d5056caab1fbf8610ca72e05c9e'),'MEHMET SARGIN','',UNHEX('11d8dbc5f4cfd1084da2c48d838c6ce1'),UNHEX('e45fd2ee4e4a5167a99117a9be1876aa'),UNHEX('4b9a5dcef97c279fded0e89fe098a64d'),'2020-12-10 22:40:50','2020-12-10 22:40:50','2020-12-11 14:42:22',NULL,'15');
INSERT INTO `u7417506_dosyatakip`.`file` (`id`,`name`,`required_forms`,`acente_id`,`personel_id`,`avukat_id`,`lastinsetdate`,`createdate`,`modifydate`,`deletedate`,`order`) VALUES (UNHEX('2e5e412e6dfcdf1b5ed6d21105aa2886'),'MUHAMMED TATLI','',UNHEX('11d8dbc5f4cfd1084da2c48d838c6ce1'),UNHEX('e45fd2ee4e4a5167a99117a9be1876aa'),UNHEX('4b9a5dcef97c279fded0e89fe098a64d'),'2020-12-10 23:15:16','2020-12-10 23:15:16','2020-12-11 14:41:56',NULL,'16');
INSERT INTO `u7417506_dosyatakip`.`file` (`id`,`name`,`required_forms`,`acente_id`,`personel_id`,`avukat_id`,`lastinsetdate`,`createdate`,`modifydate`,`deletedate`,`order`) VALUES (UNHEX('cd1c27e8afdf703378fdd446dd7398ba'),'ARTAN ORAN DOSYASI','',UNHEX('11d8dbc5f4cfd1084da2c48d838c6ce1'),UNHEX('e45fd2ee4e4a5167a99117a9be1876aa'),UNHEX('4b9a5dcef97c279fded0e89fe098a64d'),'2020-12-11 16:39:58','2020-12-10 23:19:08','2020-12-11 16:39:53',NULL,'17');
INSERT INTO `u7417506_dosyatakip`.`file` (`id`,`name`,`required_forms`,`acente_id`,`personel_id`,`avukat_id`,`lastinsetdate`,`createdate`,`modifydate`,`deletedate`,`order`) VALUES (UNHEX('ffd1259431c287ff130432f858aedb4e'),'NARİN ÖDEM','',UNHEX('11d8dbc5f4cfd1084da2c48d838c6ce1'),UNHEX('e45fd2ee4e4a5167a99117a9be1876aa'),UNHEX('4b9a5dcef97c279fded0e89fe098a64d'),'2020-12-10 23:22:39','2020-12-10 23:22:39','2020-12-11 14:41:33',NULL,'18');
INSERT INTO `u7417506_dosyatakip`.`file` (`id`,`name`,`required_forms`,`acente_id`,`personel_id`,`avukat_id`,`lastinsetdate`,`createdate`,`modifydate`,`deletedate`,`order`) VALUES (UNHEX('1b60544e504bd7c14ea42a1ac04be419'),'NAZİK KARADEMİR','',UNHEX('11d8dbc5f4cfd1084da2c48d838c6ce1'),UNHEX('e45fd2ee4e4a5167a99117a9be1876aa'),UNHEX('4b9a5dcef97c279fded0e89fe098a64d'),'2020-12-10 23:27:04','2020-12-10 23:27:04','2020-12-11 14:41:11',NULL,'19');
INSERT INTO `u7417506_dosyatakip`.`file` (`id`,`name`,`required_forms`,`acente_id`,`personel_id`,`avukat_id`,`lastinsetdate`,`createdate`,`modifydate`,`deletedate`,`order`) VALUES (UNHEX('25ef1e1c62577933b4d979601b73b2fd'),'NUH MEHMET ÖZGÜN','',UNHEX('11d8dbc5f4cfd1084da2c48d838c6ce1'),UNHEX('e45fd2ee4e4a5167a99117a9be1876aa'),UNHEX('4b9a5dcef97c279fded0e89fe098a64d'),'2020-12-11 14:51:15','2020-12-10 23:34:02','2020-12-11 14:40:46',NULL,'20');
INSERT INTO `u7417506_dosyatakip`.`file` (`id`,`name`,`required_forms`,`acente_id`,`personel_id`,`avukat_id`,`lastinsetdate`,`createdate`,`modifydate`,`deletedate`,`order`) VALUES (UNHEX('c96d0107025e7acc61c8f4de97c2cc56'),'RAMAZAN ATSIZ','',UNHEX('11d8dbc5f4cfd1084da2c48d838c6ce1'),UNHEX('e45fd2ee4e4a5167a99117a9be1876aa'),UNHEX('4b9a5dcef97c279fded0e89fe098a64d'),'2020-12-11 14:50:57','2020-12-10 23:39:15','2020-12-11 14:40:22',NULL,'21');
INSERT INTO `u7417506_dosyatakip`.`file` (`id`,`name`,`required_forms`,`acente_id`,`personel_id`,`avukat_id`,`lastinsetdate`,`createdate`,`modifydate`,`deletedate`,`order`) VALUES (UNHEX('2b19c41e3a09edf7395ac02031905b33'),'TUNCAY TAPIK','',UNHEX('11d8dbc5f4cfd1084da2c48d838c6ce1'),UNHEX('e45fd2ee4e4a5167a99117a9be1876aa'),UNHEX('4b9a5dcef97c279fded0e89fe098a64d'),'2020-12-11 14:50:20','2020-12-10 23:44:23','2020-12-11 14:39:55',NULL,'22');
INSERT INTO `u7417506_dosyatakip`.`file` (`id`,`name`,`required_forms`,`acente_id`,`personel_id`,`avukat_id`,`lastinsetdate`,`createdate`,`modifydate`,`deletedate`,`order`) VALUES (UNHEX('c2f819a341373a20b572d8a85024530d'),'YUSUF ŞİŞMAN','',UNHEX('11d8dbc5f4cfd1084da2c48d838c6ce1'),UNHEX('e45fd2ee4e4a5167a99117a9be1876aa'),UNHEX('4b9a5dcef97c279fded0e89fe098a64d'),'2020-12-11 14:49:08','2020-12-11 00:06:51','2020-12-11 14:39:24',NULL,'23');
INSERT INTO `u7417506_dosyatakip`.`file` (`id`,`name`,`required_forms`,`acente_id`,`personel_id`,`avukat_id`,`lastinsetdate`,`createdate`,`modifydate`,`deletedate`,`order`) VALUES (UNHEX('97f7c8ecb36498fc3912e4c8f606c7bb'),'ZEKİYE TÜRKARSLAN','',UNHEX('11d8dbc5f4cfd1084da2c48d838c6ce1'),UNHEX('e45fd2ee4e4a5167a99117a9be1876aa'),UNHEX('4b9a5dcef97c279fded0e89fe098a64d'),'2020-12-11 14:51:56','2020-12-11 00:15:03','2020-12-11 14:21:48',NULL,'24');
INSERT INTO `u7417506_dosyatakip`.`file` (`id`,`name`,`required_forms`,`acente_id`,`personel_id`,`avukat_id`,`lastinsetdate`,`createdate`,`modifydate`,`deletedate`,`order`) VALUES (UNHEX('e0d978419aba735d752524b5e959d93c'),'','',UNHEX('11d8dbc5f4cfd1084da2c48d838c6ce1'),UNHEX('e45fd2ee4e4a5167a99117a9be1876aa'),UNHEX('4b9a5dcef97c279fded0e89fe098a64d'),'2020-12-11 14:51:50','2020-12-11 14:51:50','2020-12-11 14:51:50',NULL,'25');
INSERT INTO `u7417506_dosyatakip`.`file` (`id`,`name`,`required_forms`,`acente_id`,`personel_id`,`avukat_id`,`lastinsetdate`,`createdate`,`modifydate`,`deletedate`,`order`) VALUES (UNHEX('3202eee822ec0347351126b07ea6c018'),'','',UNHEX('11d8dbc5f4cfd1084da2c48d838c6ce1'),UNHEX('e45fd2ee4e4a5167a99117a9be1876aa'),UNHEX('4b9a5dcef97c279fded0e89fe098a64d'),'2020-12-11 14:52:04','2020-12-11 14:52:04','2020-12-11 14:52:04','2020-12-11 14:54:55','26');
INSERT INTO `u7417506_dosyatakip`.`file` (`id`,`name`,`required_forms`,`acente_id`,`personel_id`,`avukat_id`,`lastinsetdate`,`createdate`,`modifydate`,`deletedate`,`order`) VALUES (UNHEX('175041b84c15703e23ef75eba6aaaf0c'),'','',UNHEX('11d8dbc5f4cfd1084da2c48d838c6ce1'),UNHEX('e45fd2ee4e4a5167a99117a9be1876aa'),UNHEX('4b9a5dcef97c279fded0e89fe098a64d'),'2020-12-11 14:52:06','2020-12-11 14:52:06','2020-12-11 14:52:06','2020-12-11 14:54:46','27');
INSERT INTO `u7417506_dosyatakip`.`file` (`id`,`name`,`required_forms`,`acente_id`,`personel_id`,`avukat_id`,`lastinsetdate`,`createdate`,`modifydate`,`deletedate`,`order`) VALUES (UNHEX('7867845bb6c2d2df36e170747ddc20e2'),'','',UNHEX('11d8dbc5f4cfd1084da2c48d838c6ce1'),UNHEX('e45fd2ee4e4a5167a99117a9be1876aa'),UNHEX('4b9a5dcef97c279fded0e89fe098a64d'),'2020-12-11 14:52:12','2020-12-11 14:52:12','2020-12-11 14:52:12','2020-12-11 14:54:32','28');
INSERT INTO `u7417506_dosyatakip`.`file` (`id`,`name`,`required_forms`,`acente_id`,`personel_id`,`avukat_id`,`lastinsetdate`,`createdate`,`modifydate`,`deletedate`,`order`) VALUES (UNHEX('4059354b9d9e11a809c9ea0b78fa5948'),'KILAVİKULA KIRIĞI','',UNHEX('11d8dbc5f4cfd1084da2c48d838c6ce1'),UNHEX('e45fd2ee4e4a5167a99117a9be1876aa'),UNHEX('4b9a5dcef97c279fded0e89fe098a64d'),'2020-12-11 15:09:40','2020-12-11 15:04:29','2020-12-11 15:06:56',NULL,'26');
INSERT INTO `u7417506_dosyatakip`.`file` (`id`,`name`,`required_forms`,`acente_id`,`personel_id`,`avukat_id`,`lastinsetdate`,`createdate`,`modifydate`,`deletedate`,`order`) VALUES (UNHEX('5543f2b8b2fdd4be698b5407fc1de29a'),'','',UNHEX('fb4ae21e062fa3c50f836cf74d779573'),UNHEX('e45fd2ee4e4a5167a99117a9be1876aa'),UNHEX('4b9a5dcef97c279fded0e89fe098a64d'),'2020-12-11 15:24:23','2020-12-11 15:23:46','2020-12-11 15:23:46',NULL,'27');
INSERT INTO `u7417506_dosyatakip`.`file` (`id`,`name`,`required_forms`,`acente_id`,`personel_id`,`avukat_id`,`lastinsetdate`,`createdate`,`modifydate`,`deletedate`,`order`) VALUES (UNHEX('8de1f4401d7780f1c764c3473354deed'),'','',UNHEX('11d8dbc5f4cfd1084da2c48d838c6ce1'),UNHEX('e45fd2ee4e4a5167a99117a9be1876aa'),UNHEX('4b9a5dcef97c279fded0e89fe098a64d'),'2020-12-11 15:27:56','2020-12-11 15:27:18','2020-12-11 15:27:18',NULL,'28');
INSERT INTO `u7417506_dosyatakip`.`file` (`id`,`name`,`required_forms`,`acente_id`,`personel_id`,`avukat_id`,`lastinsetdate`,`createdate`,`modifydate`,`deletedate`,`order`) VALUES (UNHEX('94ce1bb6335b02077caf2140f19ecc3f'),'','',UNHEX('3012504a6fefd415a788edcdb6755286'),UNHEX('e45fd2ee4e4a5167a99117a9be1876aa'),UNHEX('4b9a5dcef97c279fded0e89fe098a64d'),'2020-12-11 15:35:16','2020-12-11 15:34:31','2020-12-11 15:34:31',NULL,'29');
INSERT INTO `u7417506_dosyatakip`.`file` (`id`,`name`,`required_forms`,`acente_id`,`personel_id`,`avukat_id`,`lastinsetdate`,`createdate`,`modifydate`,`deletedate`,`order`) VALUES (UNHEX('c4299ab376b4e4bd65b60d11575657f6'),'','',UNHEX('3012504a6fefd415a788edcdb6755286'),UNHEX('e45fd2ee4e4a5167a99117a9be1876aa'),UNHEX('4b9a5dcef97c279fded0e89fe098a64d'),'2020-12-11 15:37:19','2020-12-11 15:36:43','2020-12-11 15:37:07',NULL,'30');
INSERT INTO `u7417506_dosyatakip`.`file` (`id`,`name`,`required_forms`,`acente_id`,`personel_id`,`avukat_id`,`lastinsetdate`,`createdate`,`modifydate`,`deletedate`,`order`) VALUES (UNHEX('3ab522d0bac2c07cfefc933796d5e5c1'),'','',UNHEX('3012504a6fefd415a788edcdb6755286'),UNHEX('e45fd2ee4e4a5167a99117a9be1876aa'),UNHEX('4b9a5dcef97c279fded0e89fe098a64d'),'2020-12-11 15:39:34','2020-12-11 15:39:06','2020-12-11 15:39:06',NULL,'31');
INSERT INTO `u7417506_dosyatakip`.`file` (`id`,`name`,`required_forms`,`acente_id`,`personel_id`,`avukat_id`,`lastinsetdate`,`createdate`,`modifydate`,`deletedate`,`order`) VALUES (UNHEX('97f4a972fa7c3a45f894d808dcab6770'),'','',UNHEX('3012504a6fefd415a788edcdb6755286'),UNHEX('e45fd2ee4e4a5167a99117a9be1876aa'),UNHEX('4b9a5dcef97c279fded0e89fe098a64d'),'2020-12-11 15:40:55','2020-12-11 15:40:32','2020-12-11 15:40:32',NULL,'32');
INSERT INTO `u7417506_dosyatakip`.`file` (`id`,`name`,`required_forms`,`acente_id`,`personel_id`,`avukat_id`,`lastinsetdate`,`createdate`,`modifydate`,`deletedate`,`order`) VALUES (UNHEX('dfc2717d7ad3cb50f305b9c26bdb3034'),'','',UNHEX('11d8dbc5f4cfd1084da2c48d838c6ce1'),UNHEX('e45fd2ee4e4a5167a99117a9be1876aa'),UNHEX('4b9a5dcef97c279fded0e89fe098a64d'),'2020-12-11 15:44:34','2020-12-11 15:44:16','2020-12-11 15:44:16',NULL,'33');
INSERT INTO `u7417506_dosyatakip`.`file` (`id`,`name`,`required_forms`,`acente_id`,`personel_id`,`avukat_id`,`lastinsetdate`,`createdate`,`modifydate`,`deletedate`,`order`) VALUES (UNHEX('18653dd482490209a78b56f72926b2d3'),'','',UNHEX('11d8dbc5f4cfd1084da2c48d838c6ce1'),UNHEX('e45fd2ee4e4a5167a99117a9be1876aa'),UNHEX('4b9a5dcef97c279fded0e89fe098a64d'),'2020-12-11 15:47:53','2020-12-11 15:46:50','2020-12-11 15:46:50',NULL,'34');
INSERT INTO `u7417506_dosyatakip`.`file` (`id`,`name`,`required_forms`,`acente_id`,`personel_id`,`avukat_id`,`lastinsetdate`,`createdate`,`modifydate`,`deletedate`,`order`) VALUES (UNHEX('ccc1f5fded52b0e03303a820c716afc3'),'','',UNHEX('11d8dbc5f4cfd1084da2c48d838c6ce1'),UNHEX('e45fd2ee4e4a5167a99117a9be1876aa'),UNHEX('4b9a5dcef97c279fded0e89fe098a64d'),'2020-12-11 15:50:45','2020-12-11 15:50:07','2020-12-11 15:50:38',NULL,'35');
INSERT INTO `u7417506_dosyatakip`.`file` (`id`,`name`,`required_forms`,`acente_id`,`personel_id`,`avukat_id`,`lastinsetdate`,`createdate`,`modifydate`,`deletedate`,`order`) VALUES (UNHEX('c505bdf98d3cc7d8eaf49b20297c8841'),'','',UNHEX('11d8dbc5f4cfd1084da2c48d838c6ce1'),UNHEX('e45fd2ee4e4a5167a99117a9be1876aa'),UNHEX('4b9a5dcef97c279fded0e89fe098a64d'),'2020-12-11 15:54:06','2020-12-11 15:51:55','2020-12-11 15:53:56',NULL,'36');
INSERT INTO `u7417506_dosyatakip`.`file` (`id`,`name`,`required_forms`,`acente_id`,`personel_id`,`avukat_id`,`lastinsetdate`,`createdate`,`modifydate`,`deletedate`,`order`) VALUES (UNHEX('9c7450760298af894e1b1247b481c6a5'),'','',UNHEX('11d8dbc5f4cfd1084da2c48d838c6ce1'),UNHEX('e45fd2ee4e4a5167a99117a9be1876aa'),UNHEX('4b9a5dcef97c279fded0e89fe098a64d'),'2020-12-11 15:58:00','2020-12-11 15:57:46','2020-12-11 15:57:46',NULL,'37');
INSERT INTO `u7417506_dosyatakip`.`file` (`id`,`name`,`required_forms`,`acente_id`,`personel_id`,`avukat_id`,`lastinsetdate`,`createdate`,`modifydate`,`deletedate`,`order`) VALUES (UNHEX('152a2c8865a4f96bd6454afa7baa6cfb'),'','',UNHEX('11d8dbc5f4cfd1084da2c48d838c6ce1'),UNHEX('e45fd2ee4e4a5167a99117a9be1876aa'),UNHEX('4b9a5dcef97c279fded0e89fe098a64d'),'2020-12-11 15:59:58','2020-12-11 15:59:44','2020-12-11 15:59:44',NULL,'38');
INSERT INTO `u7417506_dosyatakip`.`file` (`id`,`name`,`required_forms`,`acente_id`,`personel_id`,`avukat_id`,`lastinsetdate`,`createdate`,`modifydate`,`deletedate`,`order`) VALUES (UNHEX('ce57395925a5c968f3921608355e7ddc'),'','',UNHEX('11d8dbc5f4cfd1084da2c48d838c6ce1'),UNHEX('e45fd2ee4e4a5167a99117a9be1876aa'),UNHEX('4b9a5dcef97c279fded0e89fe098a64d'),'2020-12-11 16:01:56','2020-12-11 16:01:26','2020-12-11 16:01:50',NULL,'39');
INSERT INTO `u7417506_dosyatakip`.`file` (`id`,`name`,`required_forms`,`acente_id`,`personel_id`,`avukat_id`,`lastinsetdate`,`createdate`,`modifydate`,`deletedate`,`order`) VALUES (UNHEX('50ac352978dbf35bb93f535fc1098253'),'ARTAN ORAN','',UNHEX('11d8dbc5f4cfd1084da2c48d838c6ce1'),UNHEX('e45fd2ee4e4a5167a99117a9be1876aa'),UNHEX('4b9a5dcef97c279fded0e89fe098a64d'),'2020-12-11 16:14:27','2020-12-11 16:11:46','2020-12-11 16:14:22',NULL,'40');
INSERT INTO `u7417506_dosyatakip`.`file` (`id`,`name`,`required_forms`,`acente_id`,`personel_id`,`avukat_id`,`lastinsetdate`,`createdate`,`modifydate`,`deletedate`,`order`) VALUES (UNHEX('e0aaccf52981023a9c3bd003d9b997e0'),'','',UNHEX('11d8dbc5f4cfd1084da2c48d838c6ce1'),UNHEX('e45fd2ee4e4a5167a99117a9be1876aa'),UNHEX('4b9a5dcef97c279fded0e89fe098a64d'),'2020-12-11 16:15:42','2020-12-11 16:15:27','2020-12-11 16:15:27',NULL,'41');
INSERT INTO `u7417506_dosyatakip`.`file` (`id`,`name`,`required_forms`,`acente_id`,`personel_id`,`avukat_id`,`lastinsetdate`,`createdate`,`modifydate`,`deletedate`,`order`) VALUES (UNHEX('fbc2444ad6a586c8883c32634e7e6f43'),'','',UNHEX('11d8dbc5f4cfd1084da2c48d838c6ce1'),UNHEX('e45fd2ee4e4a5167a99117a9be1876aa'),UNHEX('4b9a5dcef97c279fded0e89fe098a64d'),'2020-12-11 16:19:57','2020-12-11 16:19:43','2020-12-11 16:19:43',NULL,'42');
INSERT INTO `u7417506_dosyatakip`.`file` (`id`,`name`,`required_forms`,`acente_id`,`personel_id`,`avukat_id`,`lastinsetdate`,`createdate`,`modifydate`,`deletedate`,`order`) VALUES (UNHEX('84e0cfa7f4e7643791020b88382b9e39'),'','',UNHEX('11d8dbc5f4cfd1084da2c48d838c6ce1'),UNHEX('e45fd2ee4e4a5167a99117a9be1876aa'),UNHEX('4b9a5dcef97c279fded0e89fe098a64d'),'2020-12-11 16:20:49','2020-12-11 16:20:37','2020-12-11 16:20:37',NULL,'43');
INSERT INTO `u7417506_dosyatakip`.`file` (`id`,`name`,`required_forms`,`acente_id`,`personel_id`,`avukat_id`,`lastinsetdate`,`createdate`,`modifydate`,`deletedate`,`order`) VALUES (UNHEX('fc1e7d6456721941235a94969a2eca86'),'','',UNHEX('11d8dbc5f4cfd1084da2c48d838c6ce1'),UNHEX('e45fd2ee4e4a5167a99117a9be1876aa'),UNHEX('4b9a5dcef97c279fded0e89fe098a64d'),'2020-12-11 16:24:21','2020-12-11 16:24:05','2020-12-11 16:24:05',NULL,'44');
INSERT INTO `u7417506_dosyatakip`.`file` (`id`,`name`,`required_forms`,`acente_id`,`personel_id`,`avukat_id`,`lastinsetdate`,`createdate`,`modifydate`,`deletedate`,`order`) VALUES (UNHEX('08b61a78c20a81aa2c1c1185ede35a00'),'','',UNHEX('11d8dbc5f4cfd1084da2c48d838c6ce1'),UNHEX('e45fd2ee4e4a5167a99117a9be1876aa'),UNHEX('4b9a5dcef97c279fded0e89fe098a64d'),'2020-12-11 16:27:27','2020-12-11 16:27:04','2020-12-11 16:27:04',NULL,'45');
INSERT INTO `u7417506_dosyatakip`.`file` (`id`,`name`,`required_forms`,`acente_id`,`personel_id`,`avukat_id`,`lastinsetdate`,`createdate`,`modifydate`,`deletedate`,`order`) VALUES (UNHEX('0c5256dc606d089492d8f54f33fe2c00'),'ARTAN DOSYASI BELDE PLATİN - BACAKTA FEMUR KEMİĞİ  KIRIK','',UNHEX('11d8dbc5f4cfd1084da2c48d838c6ce1'),UNHEX('e45fd2ee4e4a5167a99117a9be1876aa'),UNHEX('81587627f25f5813d8ac0f3e8b62acd7'),'2020-12-11 16:42:41','2020-12-11 16:42:21','2020-12-11 16:49:13',NULL,'46');
INSERT INTO `u7417506_dosyatakip`.`file` (`id`,`name`,`required_forms`,`acente_id`,`personel_id`,`avukat_id`,`lastinsetdate`,`createdate`,`modifydate`,`deletedate`,`order`) VALUES (UNHEX('c7e70389eeb15f07426fa8a978d65a7f'),'','',UNHEX('11d8dbc5f4cfd1084da2c48d838c6ce1'),UNHEX('e45fd2ee4e4a5167a99117a9be1876aa'),UNHEX('81587627f25f5813d8ac0f3e8b62acd7'),'2020-12-11 16:48:33','2020-12-11 16:48:22','2020-12-11 16:48:22',NULL,'47');
INSERT INTO `u7417506_dosyatakip`.`file` (`id`,`name`,`required_forms`,`acente_id`,`personel_id`,`avukat_id`,`lastinsetdate`,`createdate`,`modifydate`,`deletedate`,`order`) VALUES (UNHEX('f7fc010af3aa13498f4263496f90481a'),'SAĞ BACAK KIRIK SOL EL BAŞ PARMAK KIRIK ','',UNHEX('c0c3ff36086b4b0708fc80f17a8e9f9c'),UNHEX('e45fd2ee4e4a5167a99117a9be1876aa'),UNHEX('81587627f25f5813d8ac0f3e8b62acd7'),'2020-12-11 16:55:32','2020-12-11 16:54:40','2020-12-11 16:54:40',NULL,'48');
INSERT INTO `u7417506_dosyatakip`.`file` (`id`,`name`,`required_forms`,`acente_id`,`personel_id`,`avukat_id`,`lastinsetdate`,`createdate`,`modifydate`,`deletedate`,`order`) VALUES (UNHEX('18abd9afb32dfc4a7b5978862016f234'),'SOL KOL KIRIK PLATİN VAR','',UNHEX('c0c3ff36086b4b0708fc80f17a8e9f9c'),UNHEX('e45fd2ee4e4a5167a99117a9be1876aa'),UNHEX('81587627f25f5813d8ac0f3e8b62acd7'),'2020-12-11 16:59:29','2020-12-11 16:57:39','2020-12-11 17:00:24',NULL,'49');
INSERT INTO `u7417506_dosyatakip`.`file` (`id`,`name`,`required_forms`,`acente_id`,`personel_id`,`avukat_id`,`lastinsetdate`,`createdate`,`modifydate`,`deletedate`,`order`) VALUES (UNHEX('19e487c77cddcc17352729684095ee37'),'½25 HAKLI SAĞ DİZ KAPAK VE AYAK ÜSTÜNDE PLATİN VAR, DİZ KAPAK ARKASI İLİK AMELİYATI OLMUŞTUR','',UNHEX('c0c3ff36086b4b0708fc80f17a8e9f9c'),UNHEX('e45fd2ee4e4a5167a99117a9be1876aa'),UNHEX('81587627f25f5813d8ac0f3e8b62acd7'),'2020-12-11 17:06:04','2020-12-11 17:05:43','2020-12-11 17:05:43',NULL,'50');
INSERT INTO `u7417506_dosyatakip`.`file` (`id`,`name`,`required_forms`,`acente_id`,`personel_id`,`avukat_id`,`lastinsetdate`,`createdate`,`modifydate`,`deletedate`,`order`) VALUES (UNHEX('a9a09eaeb45835bd87759df2311c2805'),'KAZADA EX','',UNHEX('11d8dbc5f4cfd1084da2c48d838c6ce1'),UNHEX('e45fd2ee4e4a5167a99117a9be1876aa'),UNHEX('81587627f25f5813d8ac0f3e8b62acd7'),'2020-12-11 17:09:05','2020-12-11 17:08:50','2020-12-11 17:08:50',NULL,'51');
INSERT INTO `u7417506_dosyatakip`.`file` (`id`,`name`,`required_forms`,`acente_id`,`personel_id`,`avukat_id`,`lastinsetdate`,`createdate`,`modifydate`,`deletedate`,`order`) VALUES (UNHEX('07b6f13e8ec7cdbaa8ff44cb269f0e8d'),'','',UNHEX('11d8dbc5f4cfd1084da2c48d838c6ce1'),UNHEX('e45fd2ee4e4a5167a99117a9be1876aa'),UNHEX('81587627f25f5813d8ac0f3e8b62acd7'),'2020-12-11 17:13:20','2020-12-11 17:12:57','2020-12-11 17:27:24',NULL,'52');
INSERT INTO `u7417506_dosyatakip`.`file` (`id`,`name`,`required_forms`,`acente_id`,`personel_id`,`avukat_id`,`lastinsetdate`,`createdate`,`modifydate`,`deletedate`,`order`) VALUES (UNHEX('7a83df53b0becf6050cc53cfe2b41413'),'','',UNHEX('11d8dbc5f4cfd1084da2c48d838c6ce1'),UNHEX('e45fd2ee4e4a5167a99117a9be1876aa'),UNHEX('81587627f25f5813d8ac0f3e8b62acd7'),'2020-12-11 17:20:49','2020-12-11 17:20:13','2020-12-11 17:20:44',NULL,'53');
INSERT INTO `u7417506_dosyatakip`.`file` (`id`,`name`,`required_forms`,`acente_id`,`personel_id`,`avukat_id`,`lastinsetdate`,`createdate`,`modifydate`,`deletedate`,`order`) VALUES (UNHEX('4e6ce15eeece33fe7b58cd348814af7b'),'','',UNHEX('11d8dbc5f4cfd1084da2c48d838c6ce1'),UNHEX('e45fd2ee4e4a5167a99117a9be1876aa'),UNHEX('81587627f25f5813d8ac0f3e8b62acd7'),'2020-12-11 17:22:41','2020-12-11 17:22:25','2020-12-11 17:27:39',NULL,'54');
INSERT INTO `u7417506_dosyatakip`.`file` (`id`,`name`,`required_forms`,`acente_id`,`personel_id`,`avukat_id`,`lastinsetdate`,`createdate`,`modifydate`,`deletedate`,`order`) VALUES (UNHEX('f77740b7cc9d1fc6aae55a903915942e'),'','',UNHEX('11d8dbc5f4cfd1084da2c48d838c6ce1'),UNHEX('e45fd2ee4e4a5167a99117a9be1876aa'),UNHEX('81587627f25f5813d8ac0f3e8b62acd7'),'2020-12-11 17:23:53','2020-12-11 17:23:53','2020-12-11 17:27:54',NULL,'55');
INSERT INTO `u7417506_dosyatakip`.`file` (`id`,`name`,`required_forms`,`acente_id`,`personel_id`,`avukat_id`,`lastinsetdate`,`createdate`,`modifydate`,`deletedate`,`order`) VALUES (UNHEX('c475b3d7fe0ef90acd830a30a1fa1689'),'','',UNHEX('11d8dbc5f4cfd1084da2c48d838c6ce1'),UNHEX('e45fd2ee4e4a5167a99117a9be1876aa'),UNHEX('81587627f25f5813d8ac0f3e8b62acd7'),'2020-12-11 17:26:59','2020-12-11 17:26:59','2020-12-11 17:28:10',NULL,'56');
INSERT INTO `u7417506_dosyatakip`.`file` (`id`,`name`,`required_forms`,`acente_id`,`personel_id`,`avukat_id`,`lastinsetdate`,`createdate`,`modifydate`,`deletedate`,`order`) VALUES (UNHEX('f341c3190158fb310d694dd63f5eba03'),'','',UNHEX('11d8dbc5f4cfd1084da2c48d838c6ce1'),UNHEX('e45fd2ee4e4a5167a99117a9be1876aa'),UNHEX('81587627f25f5813d8ac0f3e8b62acd7'),'2020-12-11 17:29:40','2020-12-11 17:29:26','2020-12-11 17:29:26',NULL,'57');
INSERT INTO `u7417506_dosyatakip`.`file` (`id`,`name`,`required_forms`,`acente_id`,`personel_id`,`avukat_id`,`lastinsetdate`,`createdate`,`modifydate`,`deletedate`,`order`) VALUES (UNHEX('1cd296262f89142ba28c6c4ec211313c'),'','',UNHEX('11d8dbc5f4cfd1084da2c48d838c6ce1'),UNHEX('e45fd2ee4e4a5167a99117a9be1876aa'),UNHEX('81587627f25f5813d8ac0f3e8b62acd7'),'2020-12-11 17:31:08','2020-12-11 17:30:46','2020-12-11 17:30:46',NULL,'58');
INSERT INTO `u7417506_dosyatakip`.`file` (`id`,`name`,`required_forms`,`acente_id`,`personel_id`,`avukat_id`,`lastinsetdate`,`createdate`,`modifydate`,`deletedate`,`order`) VALUES (UNHEX('47fa86acf121c929dbfc82150bb0330d'),'','',UNHEX('11d8dbc5f4cfd1084da2c48d838c6ce1'),UNHEX('e45fd2ee4e4a5167a99117a9be1876aa'),UNHEX('81587627f25f5813d8ac0f3e8b62acd7'),'2020-12-11 17:32:30','2020-12-11 17:32:18','2020-12-11 17:32:18',NULL,'59');
INSERT INTO `u7417506_dosyatakip`.`file` (`id`,`name`,`required_forms`,`acente_id`,`personel_id`,`avukat_id`,`lastinsetdate`,`createdate`,`modifydate`,`deletedate`,`order`) VALUES (UNHEX('96cfee752db0448fd330ae1b8b516f2d'),'','',UNHEX('11d8dbc5f4cfd1084da2c48d838c6ce1'),UNHEX('e45fd2ee4e4a5167a99117a9be1876aa'),UNHEX('81587627f25f5813d8ac0f3e8b62acd7'),'2020-12-11 17:34:14','2020-12-11 17:33:59','2020-12-11 17:33:59',NULL,'60');
INSERT INTO `u7417506_dosyatakip`.`file` (`id`,`name`,`required_forms`,`acente_id`,`personel_id`,`avukat_id`,`lastinsetdate`,`createdate`,`modifydate`,`deletedate`,`order`) VALUES (UNHEX('1cde73362b2c1b0a60c9798a6ccf0919'),'BELDE 2 KIRIK, BOYUNDA 3 KIRIK, ELMACIK KEMİĞİ KIRIK','',UNHEX('11d8dbc5f4cfd1084da2c48d838c6ce1'),UNHEX('e45fd2ee4e4a5167a99117a9be1876aa'),UNHEX('81587627f25f5813d8ac0f3e8b62acd7'),'2020-12-11 17:38:27','2020-12-11 17:38:08','2020-12-11 17:38:08',NULL,'61');
INSERT INTO `u7417506_dosyatakip`.`file` (`id`,`name`,`required_forms`,`acente_id`,`personel_id`,`avukat_id`,`lastinsetdate`,`createdate`,`modifydate`,`deletedate`,`order`) VALUES (UNHEX('79054766bf9666938917fd32154ed68e'),'','',UNHEX('c0c3ff36086b4b0708fc80f17a8e9f9c'),UNHEX('e45fd2ee4e4a5167a99117a9be1876aa'),UNHEX('81587627f25f5813d8ac0f3e8b62acd7'),'2020-12-11 17:43:53','2020-12-11 17:43:37','2020-12-11 17:43:37',NULL,'62');
INSERT INTO `u7417506_dosyatakip`.`file` (`id`,`name`,`required_forms`,`acente_id`,`personel_id`,`avukat_id`,`lastinsetdate`,`createdate`,`modifydate`,`deletedate`,`order`) VALUES (UNHEX('5c1d6f320f62261f2234fbe15fd79302'),'','',UNHEX('11d8dbc5f4cfd1084da2c48d838c6ce1'),UNHEX('e45fd2ee4e4a5167a99117a9be1876aa'),UNHEX('bcc1c20c29d730772b1636ccf148d5cd'),'2020-12-14 17:26:36','2020-12-14 17:26:36','2020-12-14 17:26:36',NULL,'63');
INSERT INTO `u7417506_dosyatakip`.`file` (`id`,`name`,`required_forms`,`acente_id`,`personel_id`,`avukat_id`,`lastinsetdate`,`createdate`,`modifydate`,`deletedate`,`order`) VALUES (UNHEX('e8ab4142272e4832d21cf168fa4ecfd1'),'','',UNHEX('11d8dbc5f4cfd1084da2c48d838c6ce1'),UNHEX('e45fd2ee4e4a5167a99117a9be1876aa'),UNHEX('bcc1c20c29d730772b1636ccf148d5cd'),'2020-12-14 17:26:44','2020-12-14 17:26:44','2020-12-14 17:26:44','2020-12-14 17:36:14','64');
INSERT INTO `u7417506_dosyatakip`.`file` (`id`,`name`,`required_forms`,`acente_id`,`personel_id`,`avukat_id`,`lastinsetdate`,`createdate`,`modifydate`,`deletedate`,`order`) VALUES (UNHEX('0a344417e5268d6e190970c1035af34a'),'','',UNHEX('11d8dbc5f4cfd1084da2c48d838c6ce1'),UNHEX('e45fd2ee4e4a5167a99117a9be1876aa'),UNHEX('bcc1c20c29d730772b1636ccf148d5cd'),'2020-12-14 17:26:46','2020-12-14 17:26:46','2020-12-14 17:26:46','2020-12-14 17:35:57','65');
INSERT INTO `u7417506_dosyatakip`.`file` (`id`,`name`,`required_forms`,`acente_id`,`personel_id`,`avukat_id`,`lastinsetdate`,`createdate`,`modifydate`,`deletedate`,`order`) VALUES (UNHEX('7bdc42fc115855b9ab5120800f2a4b80'),'','',UNHEX('11d8dbc5f4cfd1084da2c48d838c6ce1'),UNHEX('e45fd2ee4e4a5167a99117a9be1876aa'),UNHEX('bcc1c20c29d730772b1636ccf148d5cd'),'2020-12-14 17:26:47','2020-12-14 17:26:47','2020-12-14 17:26:47','2020-12-14 17:35:45','66');
INSERT INTO `u7417506_dosyatakip`.`file` (`id`,`name`,`required_forms`,`acente_id`,`personel_id`,`avukat_id`,`lastinsetdate`,`createdate`,`modifydate`,`deletedate`,`order`) VALUES (UNHEX('44b9d5f8c5513de4013d7f5c6b19a5d0'),' omurğa  çatlak kürek kemiğı kırık var  evraklar kayseri adliyesi   kayseri eğitim araştırma hastanesi kayseri erciyes üni. tıp fakultesi','',UNHEX('11d8dbc5f4cfd1084da2c48d838c6ce1'),UNHEX('e45fd2ee4e4a5167a99117a9be1876aa'),UNHEX('bcc1c20c29d730772b1636ccf148d5cd'),'2020-12-14 17:29:46','2020-12-14 17:29:46','2020-12-14 17:29:46','2020-12-14 17:35:31','67');
INSERT INTO `u7417506_dosyatakip`.`file` (`id`,`name`,`required_forms`,`acente_id`,`personel_id`,`avukat_id`,`lastinsetdate`,`createdate`,`modifydate`,`deletedate`,`order`) VALUES (UNHEX('4a280a9aa034e7e09224a7ad505ec498'),' omurğa  çatlak kürek kemiğı kırık var  evraklar kayseri adliyesi   kayseri eğitim araştırma hastanesi kayseri erciyes üni. tıp fakultesi','',UNHEX('11d8dbc5f4cfd1084da2c48d838c6ce1'),UNHEX('e45fd2ee4e4a5167a99117a9be1876aa'),UNHEX('bcc1c20c29d730772b1636ccf148d5cd'),'2020-12-14 17:29:47','2020-12-14 17:29:47','2020-12-14 17:29:47','2020-12-14 17:35:13','68');
INSERT INTO `u7417506_dosyatakip`.`file` (`id`,`name`,`required_forms`,`acente_id`,`personel_id`,`avukat_id`,`lastinsetdate`,`createdate`,`modifydate`,`deletedate`,`order`) VALUES (UNHEX('6b929f380d993ff697e97c1adee43d69'),' omurğa  çatlak kürek kemiğı kırık var  evraklar kayseri adliyesi   kayseri eğitim araştırma hastanesi kayseri erciyes üni. tıp fakultesi','',UNHEX('11d8dbc5f4cfd1084da2c48d838c6ce1'),UNHEX('e45fd2ee4e4a5167a99117a9be1876aa'),UNHEX('bcc1c20c29d730772b1636ccf148d5cd'),'2020-12-14 17:29:55','2020-12-14 17:29:55','2020-12-14 17:29:55','2020-12-14 17:35:01','69');
INSERT INTO `u7417506_dosyatakip`.`file` (`id`,`name`,`required_forms`,`acente_id`,`personel_id`,`avukat_id`,`lastinsetdate`,`createdate`,`modifydate`,`deletedate`,`order`) VALUES (UNHEX('7e162aa13d21352b94fdb1fd083cfe7e'),' omurğa  çatlak kürek kemiğı kırık var  evraklar kayseri adliyesi   kayseri eğitim araştırma hastanesi kayseri erciyes üni. tıp fakultesi','',UNHEX('11d8dbc5f4cfd1084da2c48d838c6ce1'),UNHEX('e45fd2ee4e4a5167a99117a9be1876aa'),UNHEX('bcc1c20c29d730772b1636ccf148d5cd'),'2020-12-14 17:29:57','2020-12-14 17:29:57','2020-12-14 17:29:57','2020-12-14 17:34:29','70');
INSERT INTO `u7417506_dosyatakip`.`file` (`id`,`name`,`required_forms`,`acente_id`,`personel_id`,`avukat_id`,`lastinsetdate`,`createdate`,`modifydate`,`deletedate`,`order`) VALUES (UNHEX('5070259f1ea4447923780eb6694e0887'),' omurğa  çatlak kürek kemiğı kırık var  evraklar kayseri adliyesi   kayseri eğitim araştırma hastanesi kayseri erciyes üni. tıp fakultesi','',UNHEX('11d8dbc5f4cfd1084da2c48d838c6ce1'),UNHEX('e45fd2ee4e4a5167a99117a9be1876aa'),UNHEX('bcc1c20c29d730772b1636ccf148d5cd'),'2020-12-14 17:30:23','2020-12-14 17:30:23','2020-12-14 17:33:24','2020-12-14 17:34:16','71');
INSERT INTO `u7417506_dosyatakip`.`file` (`id`,`name`,`required_forms`,`acente_id`,`personel_id`,`avukat_id`,`lastinsetdate`,`createdate`,`modifydate`,`deletedate`,`order`) VALUES (UNHEX('89a06a85f8ad77169876f17f823a011b'),' omurğa  çatlak kürek kemiğı kırık var  evraklar kayseri adliyesi   kayseri eğitim araştırma hastanesi kayseri erciyes üni. tıp fakultesi','',UNHEX('11d8dbc5f4cfd1084da2c48d838c6ce1'),UNHEX('e45fd2ee4e4a5167a99117a9be1876aa'),UNHEX('bcc1c20c29d730772b1636ccf148d5cd'),'2020-12-14 17:30:25','2020-12-14 17:30:25','2020-12-14 17:30:25','2020-12-14 17:31:02','72');
INSERT INTO `u7417506_dosyatakip`.`form_fields` (`id`,`name`,`order`,`type`,`createdate`,`modifydate`,`deletedate`) VALUES (UNHEX('059cc94c8260ad2c5162613daa2ef5a2'),'Hasar Adli Tıp Teslim Tarihi','5','date','2020-11-24 08:51:41','2020-12-05 09:03:35',NULL);
INSERT INTO `u7417506_dosyatakip`.`form_fields` (`id`,`name`,`order`,`type`,`createdate`,`modifydate`,`deletedate`) VALUES (UNHEX('0b6072368adb397a71b6a742d984eb8a'),'Mağdurun konumu','1','select','2020-11-24 08:50:35','2020-12-05 09:03:12',NULL);
INSERT INTO `u7417506_dosyatakip`.`form_fields` (`id`,`name`,`order`,`type`,`createdate`,`modifydate`,`deletedate`) VALUES (UNHEX('21d25dcf24373baeb847f52815bbd746'),'Sigorta Şirketi','8','select','2020-11-24 17:10:09','2020-12-05 09:04:01',NULL);
INSERT INTO `u7417506_dosyatakip`.`form_fields` (`id`,`name`,`order`,`type`,`createdate`,`modifydate`,`deletedate`) VALUES (UNHEX('223ed9aed75b31321b0e4c7b14d4741a'),'Tazminat Türü','9','select','2020-11-24 08:51:54','2020-11-24 08:51:54','2020-12-01 11:49:39');
INSERT INTO `u7417506_dosyatakip`.`form_fields` (`id`,`name`,`order`,`type`,`createdate`,`modifydate`,`deletedate`) VALUES (UNHEX('44a9c75c7e4763114699697a6307bd00'),'Dosya Durumu','0','select','2020-11-24 08:48:57','2020-11-24 08:48:57',NULL);
INSERT INTO `u7417506_dosyatakip`.`form_fields` (`id`,`name`,`order`,`type`,`createdate`,`modifydate`,`deletedate`) VALUES (UNHEX('4df05a2dae5fddf6b06cb7f9201427ab'),'Hasar  Hukuk Teslim Tarihi','4','date','2020-11-24 08:51:36','2020-12-05 09:03:27',NULL);
INSERT INTO `u7417506_dosyatakip`.`form_fields` (`id`,`name`,`order`,`type`,`createdate`,`modifydate`,`deletedate`) VALUES (UNHEX('91a88b64d7685a98ac35414143de41da'),'İlgili Avukat','1','select','2020-11-24 08:50:14','2020-12-01 11:52:44','2020-12-02 13:35:41');
INSERT INTO `u7417506_dosyatakip`.`form_fields` (`id`,`name`,`order`,`type`,`createdate`,`modifydate`,`deletedate`) VALUES (UNHEX('9ad70292ddac62f604f79c57e78896d9'),'Müvekkil İsmi','7','text','2020-11-24 11:23:22','2020-12-05 09:03:58',NULL);
INSERT INTO `u7417506_dosyatakip`.`form_fields` (`id`,`name`,`order`,`type`,`createdate`,`modifydate`,`deletedate`) VALUES (UNHEX('a97169a98f9e367527ef3f39ec8dbc65'),'Hasar Tarihi','11','date','2020-11-24 08:51:16','2020-12-05 09:04:13',NULL);
INSERT INTO `u7417506_dosyatakip`.`form_fields` (`id`,`name`,`order`,`type`,`createdate`,`modifydate`,`deletedate`) VALUES (UNHEX('de359388539e4d1e2ad32756ed576fd6'),'Adli Tıp Hukuk Teslim Tarihi','6','date','2020-11-24 08:51:48','2020-12-05 09:03:36',NULL);
INSERT INTO `u7417506_dosyatakip`.`form_fields` (`id`,`name`,`order`,`type`,`createdate`,`modifydate`,`deletedate`) VALUES (UNHEX('eba9bfbf7bd43efae89813f1dac07bcd'),'Dosya Geliş Tarihi','3','date','2020-11-24 08:51:25','2020-12-05 09:03:26',NULL);
INSERT INTO `u7417506_dosyatakip`.`form_fields` (`id`,`name`,`order`,`type`,`createdate`,`modifydate`,`deletedate`) VALUES (UNHEX('f2d0e64de5f3425bad0811bfd26f8d81'),'Dosya Türü','2','select','2020-11-24 08:50:57','2020-12-05 09:03:17',NULL);
INSERT INTO `u7417506_dosyatakip`.`form_fields` (`id`,`name`,`order`,`type`,`createdate`,`modifydate`,`deletedate`) VALUES (UNHEX('166ef8d7bb247111578c2e1f6bb0c484'),'Sigorta Başvuru','9','date','2020-12-01 11:45:31','2020-12-05 09:04:04',NULL);
INSERT INTO `u7417506_dosyatakip`.`form_fields` (`id`,`name`,`order`,`type`,`createdate`,`modifydate`,`deletedate`) VALUES (UNHEX('097a549f860f84424aedf9c75a6eeb59'),'Tahkim Başvuru','10','date','2020-12-01 11:45:44','2020-12-05 09:04:10',NULL);
INSERT INTO `u7417506_dosyatakip`.`form_fields` (`id`,`name`,`order`,`type`,`createdate`,`modifydate`,`deletedate`) VALUES (UNHEX('de5fb36d33660ab3673fe022872e6b04'),'İlgili Avukat','12','text','2020-12-10 12:52:57','2020-12-10 12:52:57','2020-12-10 12:54:14');
INSERT INTO `u7417506_dosyatakip`.`form_fields` (`id`,`name`,`order`,`type`,`createdate`,`modifydate`,`deletedate`) VALUES (UNHEX('51e57a173e7ced7821a46b1bc326ceae'),'Müvekkil İsmi','12','text','2020-12-10 13:44:30','2020-12-10 13:44:30','2020-12-10 13:45:52');
INSERT INTO `u7417506_dosyatakip`.`form_notes` (`id`,`file_id`,`user`,`text`,`type`,`createdate`,`modifydate`,`deletedate`) VALUES (UNHEX('0823b715a7551b2bcfac907d19776651'),UNHEX('b33ed42f395fab6af9bf206064539976'),UNHEX('004ed586c5378cbd940a31c0f01b9a97'),'YENİ DOSYA EKLENDİ\n','Hasar','2020-12-10 13:28:31',NULL,NULL);
INSERT INTO `u7417506_dosyatakip`.`form_notes` (`id`,`file_id`,`user`,`text`,`type`,`createdate`,`modifydate`,`deletedate`) VALUES (UNHEX('133580e93c32fa9bb7b894f6447ef00a'),UNHEX('97f7c8ecb36498fc3912e4c8f606c7bb'),UNHEX('004ed586c5378cbd940a31c0f01b9a97'),'YENİ DOSYA EKLENDİ','Hasar','2020-12-11 14:48:55',NULL,NULL);
INSERT INTO `u7417506_dosyatakip`.`form_notes` (`id`,`file_id`,`user`,`text`,`type`,`createdate`,`modifydate`,`deletedate`) VALUES (UNHEX('bf7003610c12746a649a30a3a95062e8'),UNHEX('c2f819a341373a20b572d8a85024530d'),UNHEX('004ed586c5378cbd940a31c0f01b9a97'),'YENİ DOSYA EKLENDİ','Hasar','2020-12-11 14:49:08',NULL,NULL);
INSERT INTO `u7417506_dosyatakip`.`form_notes` (`id`,`file_id`,`user`,`text`,`type`,`createdate`,`modifydate`,`deletedate`) VALUES (UNHEX('f6a65b13c1b67e07474a2d9b8eab3e76'),UNHEX('2b19c41e3a09edf7395ac02031905b33'),UNHEX('004ed586c5378cbd940a31c0f01b9a97'),'YENİ DOSYA EKLENDİ','Hasar','2020-12-11 14:49:18',NULL,'2020-12-11 14:49:57');
INSERT INTO `u7417506_dosyatakip`.`form_notes` (`id`,`file_id`,`user`,`text`,`type`,`createdate`,`modifydate`,`deletedate`) VALUES (UNHEX('f4ca3652d04f6ddb869f9422fee57d9e'),UNHEX('c96d0107025e7acc61c8f4de97c2cc56'),UNHEX('004ed586c5378cbd940a31c0f01b9a97'),'YENİ DOSYA EKLENDİ','Hasar','2020-12-11 14:49:36',NULL,NULL);
INSERT INTO `u7417506_dosyatakip`.`form_notes` (`id`,`file_id`,`user`,`text`,`type`,`createdate`,`modifydate`,`deletedate`) VALUES (UNHEX('8b1993e9e3e50d089c9d28d8f3ebe93c'),UNHEX('2b19c41e3a09edf7395ac02031905b33'),UNHEX('004ed586c5378cbd940a31c0f01b9a97'),'YENİ DOSYA EKLENDİ - ARTAN ORAN DOSYASI\n','Hasar','2020-12-11 14:50:20',NULL,NULL);
INSERT INTO `u7417506_dosyatakip`.`form_notes` (`id`,`file_id`,`user`,`text`,`type`,`createdate`,`modifydate`,`deletedate`) VALUES (UNHEX('df56ddbf44ee6fc5d758f732895b30e5'),UNHEX('c96d0107025e7acc61c8f4de97c2cc56'),UNHEX('004ed586c5378cbd940a31c0f01b9a97'),'YENİ DOSYA EKLENDİ','Hasar','2020-12-11 14:50:57',NULL,NULL);
INSERT INTO `u7417506_dosyatakip`.`form_notes` (`id`,`file_id`,`user`,`text`,`type`,`createdate`,`modifydate`,`deletedate`) VALUES (UNHEX('b3b666e25da97e3c3895f8014a2d9b16'),UNHEX('25ef1e1c62577933b4d979601b73b2fd'),UNHEX('004ed586c5378cbd940a31c0f01b9a97'),'YENİ DOSYA EKLENDİ','Hasar','2020-12-11 14:51:15',NULL,NULL);
INSERT INTO `u7417506_dosyatakip`.`form_notes` (`id`,`file_id`,`user`,`text`,`type`,`createdate`,`modifydate`,`deletedate`) VALUES (UNHEX('716d57259f4b35f15ffc4312f0f205ff'),UNHEX('97f7c8ecb36498fc3912e4c8f606c7bb'),UNHEX('004ed586c5378cbd940a31c0f01b9a97'),'KVDNFKNBDİB','Hasar','2020-12-11 14:51:56',NULL,'2020-12-11 14:52:01');
INSERT INTO `u7417506_dosyatakip`.`form_notes` (`id`,`file_id`,`user`,`text`,`type`,`createdate`,`modifydate`,`deletedate`) VALUES (UNHEX('a3215cbca92c7e15e0be5bc3e79c3ff6'),UNHEX('4059354b9d9e11a809c9ea0b78fa5948'),UNHEX('004ed586c5378cbd940a31c0f01b9a97'),'YENİ DOSYA EKLENDİ','Hasar','2020-12-11 15:09:40',NULL,NULL);
INSERT INTO `u7417506_dosyatakip`.`form_notes` (`id`,`file_id`,`user`,`text`,`type`,`createdate`,`modifydate`,`deletedate`) VALUES (UNHEX('77e2fcdd1d303189df26f630057d281c'),UNHEX('5543f2b8b2fdd4be698b5407fc1de29a'),UNHEX('c5306a3585dd5138bf7e4a8c71bbb963'),'YENİ DOSYA EKLENDİ','Hasar','2020-12-11 15:24:23',NULL,NULL);
INSERT INTO `u7417506_dosyatakip`.`form_notes` (`id`,`file_id`,`user`,`text`,`type`,`createdate`,`modifydate`,`deletedate`) VALUES (UNHEX('046098997ea3dabf2c7315f1f97a6032'),UNHEX('8de1f4401d7780f1c764c3473354deed'),UNHEX('004ed586c5378cbd940a31c0f01b9a97'),'YENİ DOSYA EKLENDİ','Hasar','2020-12-11 15:27:56',NULL,NULL);
INSERT INTO `u7417506_dosyatakip`.`form_notes` (`id`,`file_id`,`user`,`text`,`type`,`createdate`,`modifydate`,`deletedate`) VALUES (UNHEX('9a0dcb33cce4e10a87b072b11cecf478'),UNHEX('94ce1bb6335b02077caf2140f19ecc3f'),UNHEX('004ed586c5378cbd940a31c0f01b9a97'),'YENİ DOSYA EKLENDİ','Hasar','2020-12-11 15:35:16',NULL,NULL);
INSERT INTO `u7417506_dosyatakip`.`form_notes` (`id`,`file_id`,`user`,`text`,`type`,`createdate`,`modifydate`,`deletedate`) VALUES (UNHEX('9687f28871c7e4e4fcf9302d78a7d92e'),UNHEX('c4299ab376b4e4bd65b60d11575657f6'),UNHEX('004ed586c5378cbd940a31c0f01b9a97'),'YENİ DOSYA EKLENDİ','Hasar','2020-12-11 15:37:19',NULL,NULL);
INSERT INTO `u7417506_dosyatakip`.`form_notes` (`id`,`file_id`,`user`,`text`,`type`,`createdate`,`modifydate`,`deletedate`) VALUES (UNHEX('d6c43e5ac25343d929d272305ddfd6af'),UNHEX('3ab522d0bac2c07cfefc933796d5e5c1'),UNHEX('004ed586c5378cbd940a31c0f01b9a97'),'YENİ DOSYA EKLENDİ','Hasar','2020-12-11 15:39:34',NULL,NULL);
INSERT INTO `u7417506_dosyatakip`.`form_notes` (`id`,`file_id`,`user`,`text`,`type`,`createdate`,`modifydate`,`deletedate`) VALUES (UNHEX('5c89b9d6a1bbce91163e5f157c742914'),UNHEX('97f4a972fa7c3a45f894d808dcab6770'),UNHEX('004ed586c5378cbd940a31c0f01b9a97'),'YENİ DOSYA EKLENDİ','Hasar','2020-12-11 15:40:55',NULL,NULL);
INSERT INTO `u7417506_dosyatakip`.`form_notes` (`id`,`file_id`,`user`,`text`,`type`,`createdate`,`modifydate`,`deletedate`) VALUES (UNHEX('06f4c6b8574035832ace7e95fbe7c17b'),UNHEX('dfc2717d7ad3cb50f305b9c26bdb3034'),UNHEX('004ed586c5378cbd940a31c0f01b9a97'),'YENİ DOSYA EKLENDİ','Hasar','2020-12-11 15:44:34',NULL,NULL);
INSERT INTO `u7417506_dosyatakip`.`form_notes` (`id`,`file_id`,`user`,`text`,`type`,`createdate`,`modifydate`,`deletedate`) VALUES (UNHEX('88f9ae7e9ea3384cd810dce57f6d052a'),UNHEX('18653dd482490209a78b56f72926b2d3'),UNHEX('004ed586c5378cbd940a31c0f01b9a97'),'YENİ DOSYA EKLENDİ','Hasar','2020-12-11 15:47:53',NULL,NULL);
INSERT INTO `u7417506_dosyatakip`.`form_notes` (`id`,`file_id`,`user`,`text`,`type`,`createdate`,`modifydate`,`deletedate`) VALUES (UNHEX('5cd19fcfe4904d72ad4c13f9a55df6c3'),UNHEX('ccc1f5fded52b0e03303a820c716afc3'),UNHEX('004ed586c5378cbd940a31c0f01b9a97'),'YENİ DOSYA EKLENDİ','Hasar','2020-12-11 15:50:45',NULL,NULL);
INSERT INTO `u7417506_dosyatakip`.`form_notes` (`id`,`file_id`,`user`,`text`,`type`,`createdate`,`modifydate`,`deletedate`) VALUES (UNHEX('6d1ed3134fb9ba004e4e81e312d1fcde'),UNHEX('c505bdf98d3cc7d8eaf49b20297c8841'),UNHEX('004ed586c5378cbd940a31c0f01b9a97'),'YENİ DOSYA EKLENDİ','Hasar','2020-12-11 15:54:06',NULL,NULL);
INSERT INTO `u7417506_dosyatakip`.`form_notes` (`id`,`file_id`,`user`,`text`,`type`,`createdate`,`modifydate`,`deletedate`) VALUES (UNHEX('0fb2b254ffb44d7cb5a2a62409492b8b'),UNHEX('9c7450760298af894e1b1247b481c6a5'),UNHEX('004ed586c5378cbd940a31c0f01b9a97'),'YENİ DOSYA EKLENDİ','Hasar','2020-12-11 15:58:00',NULL,NULL);
INSERT INTO `u7417506_dosyatakip`.`form_notes` (`id`,`file_id`,`user`,`text`,`type`,`createdate`,`modifydate`,`deletedate`) VALUES (UNHEX('d4ff22dd75f14a8e0933c0f834e365c6'),UNHEX('152a2c8865a4f96bd6454afa7baa6cfb'),UNHEX('004ed586c5378cbd940a31c0f01b9a97'),'YENİ DOSYA EKLENDİ','Hasar','2020-12-11 15:59:58',NULL,NULL);
INSERT INTO `u7417506_dosyatakip`.`form_notes` (`id`,`file_id`,`user`,`text`,`type`,`createdate`,`modifydate`,`deletedate`) VALUES (UNHEX('eef93799f2f5cd6123f83947d779fe13'),UNHEX('ce57395925a5c968f3921608355e7ddc'),UNHEX('004ed586c5378cbd940a31c0f01b9a97'),'YENİ DOSYA EKLENDİ','Hasar','2020-12-11 16:01:56',NULL,NULL);
INSERT INTO `u7417506_dosyatakip`.`form_notes` (`id`,`file_id`,`user`,`text`,`type`,`createdate`,`modifydate`,`deletedate`) VALUES (UNHEX('7630f9de7056410c0101bad2f33e77ef'),UNHEX('50ac352978dbf35bb93f535fc1098253'),UNHEX('004ed586c5378cbd940a31c0f01b9a97'),'YENİ DOSYA EKLENDİ','Hasar','2020-12-11 16:12:03',NULL,NULL);
INSERT INTO `u7417506_dosyatakip`.`form_notes` (`id`,`file_id`,`user`,`text`,`type`,`createdate`,`modifydate`,`deletedate`) VALUES (UNHEX('f24a0858a648b0c7ce2e002f52878e5e'),UNHEX('50ac352978dbf35bb93f535fc1098253'),UNHEX('004ed586c5378cbd940a31c0f01b9a97'),'YENİ DOSYA EKLENDİ','Hasar','2020-12-11 16:14:27',NULL,NULL);
INSERT INTO `u7417506_dosyatakip`.`form_notes` (`id`,`file_id`,`user`,`text`,`type`,`createdate`,`modifydate`,`deletedate`) VALUES (UNHEX('700992a97985c3d3c8067e702558fc0b'),UNHEX('e0aaccf52981023a9c3bd003d9b997e0'),UNHEX('004ed586c5378cbd940a31c0f01b9a97'),'YENİ DOSYA EKLENDİ','Hasar','2020-12-11 16:15:42',NULL,NULL);
INSERT INTO `u7417506_dosyatakip`.`form_notes` (`id`,`file_id`,`user`,`text`,`type`,`createdate`,`modifydate`,`deletedate`) VALUES (UNHEX('fda9b60a67708a9babc3dc077cadd861'),UNHEX('fbc2444ad6a586c8883c32634e7e6f43'),UNHEX('004ed586c5378cbd940a31c0f01b9a97'),'YENİ DOSYA EKLENDİ','Hasar','2020-12-11 16:19:57',NULL,NULL);
INSERT INTO `u7417506_dosyatakip`.`form_notes` (`id`,`file_id`,`user`,`text`,`type`,`createdate`,`modifydate`,`deletedate`) VALUES (UNHEX('22c7bdc225aa41596c6d99fec4a1c083'),UNHEX('84e0cfa7f4e7643791020b88382b9e39'),UNHEX('004ed586c5378cbd940a31c0f01b9a97'),'YENİ DOSYA EKLENDİ','Hasar','2020-12-11 16:20:49',NULL,NULL);
INSERT INTO `u7417506_dosyatakip`.`form_notes` (`id`,`file_id`,`user`,`text`,`type`,`createdate`,`modifydate`,`deletedate`) VALUES (UNHEX('0b0ff6b7cc54c1df66bbf47354e1ae8a'),UNHEX('fc1e7d6456721941235a94969a2eca86'),UNHEX('004ed586c5378cbd940a31c0f01b9a97'),'YENİ DOSYA EKLENDİ','Hasar','2020-12-11 16:24:21',NULL,NULL);
INSERT INTO `u7417506_dosyatakip`.`form_notes` (`id`,`file_id`,`user`,`text`,`type`,`createdate`,`modifydate`,`deletedate`) VALUES (UNHEX('9f9dd573265f6b60619e6a5278cba9a2'),UNHEX('08b61a78c20a81aa2c1c1185ede35a00'),UNHEX('004ed586c5378cbd940a31c0f01b9a97'),'YENİ DOSYA EKLENDİ','Hasar','2020-12-11 16:27:27',NULL,NULL);
INSERT INTO `u7417506_dosyatakip`.`form_notes` (`id`,`file_id`,`user`,`text`,`type`,`createdate`,`modifydate`,`deletedate`) VALUES (UNHEX('0636a0880deef3d100ce4df9dfefac8f'),UNHEX('71c97846502de593b742a23a45d89bf0'),UNHEX('004ed586c5378cbd940a31c0f01b9a97'),'YENİ DOSYA EKLENDİ','Hasar','2020-12-11 16:34:32',NULL,NULL);
INSERT INTO `u7417506_dosyatakip`.`form_notes` (`id`,`file_id`,`user`,`text`,`type`,`createdate`,`modifydate`,`deletedate`) VALUES (UNHEX('9094ab075d7c5bb356aab159ad473cb0'),UNHEX('f8ba29d2d32569f4f9be182a8ae3656d'),UNHEX('004ed586c5378cbd940a31c0f01b9a97'),'YENİ DOSYA EKLENDİ','Hasar','2020-12-11 16:36:25',NULL,NULL);
INSERT INTO `u7417506_dosyatakip`.`form_notes` (`id`,`file_id`,`user`,`text`,`type`,`createdate`,`modifydate`,`deletedate`) VALUES (UNHEX('df7fbc3606e81b1f31dbe68e501d0839'),UNHEX('cd1c27e8afdf703378fdd446dd7398ba'),UNHEX('004ed586c5378cbd940a31c0f01b9a97'),'YENİ DOSYA EKLENDİ','Hasar','2020-12-11 16:39:58',NULL,NULL);
INSERT INTO `u7417506_dosyatakip`.`form_notes` (`id`,`file_id`,`user`,`text`,`type`,`createdate`,`modifydate`,`deletedate`) VALUES (UNHEX('5447fb0d3317ea8cd833be35d2720087'),UNHEX('0c5256dc606d089492d8f54f33fe2c00'),UNHEX('004ed586c5378cbd940a31c0f01b9a97'),'YENİ DOSYA EKLENDİ','Hasar','2020-12-11 16:42:41',NULL,NULL);
INSERT INTO `u7417506_dosyatakip`.`form_notes` (`id`,`file_id`,`user`,`text`,`type`,`createdate`,`modifydate`,`deletedate`) VALUES (UNHEX('903f662bed879807dfca4c768b3a0334'),UNHEX('c7e70389eeb15f07426fa8a978d65a7f'),UNHEX('004ed586c5378cbd940a31c0f01b9a97'),'YENİ DOSYA EKLENDİ','Hasar','2020-12-11 16:48:33',NULL,NULL);
INSERT INTO `u7417506_dosyatakip`.`form_notes` (`id`,`file_id`,`user`,`text`,`type`,`createdate`,`modifydate`,`deletedate`) VALUES (UNHEX('27a3c72f6d2e013d6678815ee3a10713'),UNHEX('f7fc010af3aa13498f4263496f90481a'),UNHEX('004ed586c5378cbd940a31c0f01b9a97'),'YENİ DOSYA EKLENDİ','Hasar','2020-12-11 16:55:32',NULL,NULL);
INSERT INTO `u7417506_dosyatakip`.`form_notes` (`id`,`file_id`,`user`,`text`,`type`,`createdate`,`modifydate`,`deletedate`) VALUES (UNHEX('e96e1aea6e6ff21c00fd14fb861a34d7'),UNHEX('18abd9afb32dfc4a7b5978862016f234'),UNHEX('004ed586c5378cbd940a31c0f01b9a97'),'YENİ DOSYA EKLENDİ','Hasar','2020-12-11 16:59:29',NULL,NULL);
INSERT INTO `u7417506_dosyatakip`.`form_notes` (`id`,`file_id`,`user`,`text`,`type`,`createdate`,`modifydate`,`deletedate`) VALUES (UNHEX('a11da1801864e566f977916022a21d27'),UNHEX('19e487c77cddcc17352729684095ee37'),UNHEX('004ed586c5378cbd940a31c0f01b9a97'),'YENİ DOSYA EKLENDİ','Hasar','2020-12-11 17:06:04',NULL,NULL);
INSERT INTO `u7417506_dosyatakip`.`form_notes` (`id`,`file_id`,`user`,`text`,`type`,`createdate`,`modifydate`,`deletedate`) VALUES (UNHEX('7085689a4dbf4c59a688aee5f63d5144'),UNHEX('a9a09eaeb45835bd87759df2311c2805'),UNHEX('004ed586c5378cbd940a31c0f01b9a97'),'YENİ DOSYA EKLENDİ','Hasar','2020-12-11 17:09:05',NULL,NULL);
INSERT INTO `u7417506_dosyatakip`.`form_notes` (`id`,`file_id`,`user`,`text`,`type`,`createdate`,`modifydate`,`deletedate`) VALUES (UNHEX('18d747e42801202a556d278207f979eb'),UNHEX('07b6f13e8ec7cdbaa8ff44cb269f0e8d'),UNHEX('004ed586c5378cbd940a31c0f01b9a97'),'YENİ DOSYA EKLENDİ','Hasar','2020-12-11 17:13:20',NULL,NULL);
INSERT INTO `u7417506_dosyatakip`.`form_notes` (`id`,`file_id`,`user`,`text`,`type`,`createdate`,`modifydate`,`deletedate`) VALUES (UNHEX('7cc8597740eb82fc03eb6afeb2181595'),UNHEX('7a83df53b0becf6050cc53cfe2b41413'),UNHEX('004ed586c5378cbd940a31c0f01b9a97'),'YENİ DOSYA EKLENDİ','Hasar','2020-12-11 17:20:49',NULL,NULL);
INSERT INTO `u7417506_dosyatakip`.`form_notes` (`id`,`file_id`,`user`,`text`,`type`,`createdate`,`modifydate`,`deletedate`) VALUES (UNHEX('0a1dfaab32399bc959a63684a04b7077'),UNHEX('4e6ce15eeece33fe7b58cd348814af7b'),UNHEX('004ed586c5378cbd940a31c0f01b9a97'),'YENİ DOSYA EKLENDİ','Hasar','2020-12-11 17:22:41',NULL,NULL);
INSERT INTO `u7417506_dosyatakip`.`form_notes` (`id`,`file_id`,`user`,`text`,`type`,`createdate`,`modifydate`,`deletedate`) VALUES (UNHEX('fc373b3d2bcea7bfd67f6cb8a1cd48bf'),UNHEX('f341c3190158fb310d694dd63f5eba03'),UNHEX('004ed586c5378cbd940a31c0f01b9a97'),'YENİ DOSYA EKLENDİ','Hasar','2020-12-11 17:29:39',NULL,NULL);
INSERT INTO `u7417506_dosyatakip`.`form_notes` (`id`,`file_id`,`user`,`text`,`type`,`createdate`,`modifydate`,`deletedate`) VALUES (UNHEX('aeb4f9a61fb2c47ed61684a776e94f48'),UNHEX('1cd296262f89142ba28c6c4ec211313c'),UNHEX('004ed586c5378cbd940a31c0f01b9a97'),'YENİ DOSYA EKLENDİ','Hasar','2020-12-11 17:31:08',NULL,NULL);
INSERT INTO `u7417506_dosyatakip`.`form_notes` (`id`,`file_id`,`user`,`text`,`type`,`createdate`,`modifydate`,`deletedate`) VALUES (UNHEX('b70ec5aac2b5c56c6248b339b7ac0dc7'),UNHEX('47fa86acf121c929dbfc82150bb0330d'),UNHEX('004ed586c5378cbd940a31c0f01b9a97'),'YENİ DOSYA EKLENDİ','Hasar','2020-12-11 17:32:30',NULL,NULL);
INSERT INTO `u7417506_dosyatakip`.`form_notes` (`id`,`file_id`,`user`,`text`,`type`,`createdate`,`modifydate`,`deletedate`) VALUES (UNHEX('1ee774dd3bbd8c167c61e9ffccdf48fa'),UNHEX('96cfee752db0448fd330ae1b8b516f2d'),UNHEX('004ed586c5378cbd940a31c0f01b9a97'),'YENİ DOSYA EKLENDİ','Hasar','2020-12-11 17:34:14',NULL,NULL);
INSERT INTO `u7417506_dosyatakip`.`form_notes` (`id`,`file_id`,`user`,`text`,`type`,`createdate`,`modifydate`,`deletedate`) VALUES (UNHEX('0ae2a664ed1b707e8058fa058752e8d7'),UNHEX('1cde73362b2c1b0a60c9798a6ccf0919'),UNHEX('004ed586c5378cbd940a31c0f01b9a97'),'YENİ DOSYA EKLENDİ','Hasar','2020-12-11 17:38:27',NULL,NULL);
INSERT INTO `u7417506_dosyatakip`.`form_notes` (`id`,`file_id`,`user`,`text`,`type`,`createdate`,`modifydate`,`deletedate`) VALUES (UNHEX('f81b211e2594259de0fa3221f8079280'),UNHEX('79054766bf9666938917fd32154ed68e'),UNHEX('004ed586c5378cbd940a31c0f01b9a97'),'YENİ DOSYA EKLENDİ','Hasar','2020-12-11 17:43:53',NULL,NULL);
INSERT INTO `u7417506_dosyatakip`.`form_notes` (`id`,`file_id`,`user`,`text`,`type`,`createdate`,`modifydate`,`deletedate`) VALUES (UNHEX('039329c04f6d1367c0e5bfe502da51c3'),UNHEX('b33ed42f395fab6af9bf206064539976'),UNHEX('4b9a5dcef97c279fded0e89fe098a64d'),'savcılık dosyası tamamlandı','Hasar','2020-12-14 15:45:07',NULL,NULL);
INSERT INTO `u7417506_dosyatakip`.`form_notes` (`id`,`file_id`,`user`,`text`,`type`,`createdate`,`modifydate`,`deletedate`) VALUES (UNHEX('5fc91cc505bd48a9b76fda77fd7a0ce5'),UNHEX('b33ed42f395fab6af9bf206064539976'),UNHEX('4b9a5dcef97c279fded0e89fe098a64d'),'Hastane evrakları geldi. Rapor sunulduğunda tahkim için hazır. ','Hasar','2020-12-14 15:46:26',NULL,NULL);
INSERT INTO `u7417506_dosyatakip`.`form_require` (`id`,`name`,`createdate`,`modifydate`,`deletedate`) VALUES (UNHEX('b9b06a5ffb7b3bd62fc70a73d9e7013e'),'Vekaletname','2020-11-24 08:45:45','2020-11-24 08:45:45',NULL);
INSERT INTO `u7417506_dosyatakip`.`form_require` (`id`,`name`,`createdate`,`modifydate`,`deletedate`) VALUES (UNHEX('262e41cbd5de10bf121c1ffe5e02b5fe'),'Sözleşme','2020-11-24 08:45:52','2020-11-24 08:45:52',NULL);
INSERT INTO `u7417506_dosyatakip`.`form_require` (`id`,`name`,`createdate`,`modifydate`,`deletedate`) VALUES (UNHEX('00e1d4ad694712587e485828ba6a4d4c'),'Poliçe','2020-11-24 08:45:57','2020-11-24 08:45:57',NULL);
INSERT INTO `u7417506_dosyatakip`.`form_require` (`id`,`name`,`createdate`,`modifydate`,`deletedate`) VALUES (UNHEX('efa13b1c2aa092d46df4d7bee243da6e'),'Kaza Tespit Tutanağı','2020-11-24 08:46:10','2020-11-24 08:46:10',NULL);
INSERT INTO `u7417506_dosyatakip`.`form_require` (`id`,`name`,`createdate`,`modifydate`,`deletedate`) VALUES (UNHEX('ba2bb3d918e53f43e4f31b8540bfe3f0'),'Ruhsat','2020-11-24 08:46:15','2020-11-24 08:46:15',NULL);
INSERT INTO `u7417506_dosyatakip`.`form_require` (`id`,`name`,`createdate`,`modifydate`,`deletedate`) VALUES (UNHEX('5514f7256f1b2a160c73f8d63860fda0'),'Ehliyet','2020-11-24 08:46:20','2020-11-24 08:46:20',NULL);
INSERT INTO `u7417506_dosyatakip`.`form_require` (`id`,`name`,`createdate`,`modifydate`,`deletedate`) VALUES (UNHEX('dd595578e638171bd69f0b9efea7c5d5'),'Alkol Raporu','2020-11-24 08:46:28','2020-11-24 08:46:28',NULL);
INSERT INTO `u7417506_dosyatakip`.`form_require` (`id`,`name`,`createdate`,`modifydate`,`deletedate`) VALUES (UNHEX('7e0edcbcb37791f4d6064764d977308e'),'İfade Tutanakları','2020-11-24 08:46:38','2020-11-24 08:46:38',NULL);
INSERT INTO `u7417506_dosyatakip`.`form_require` (`id`,`name`,`createdate`,`modifydate`,`deletedate`) VALUES (UNHEX('7b46673ed7a97e0616750c6ba5b54acf'),'İddianame','2020-11-24 08:46:43','2020-11-24 08:46:43',NULL);
INSERT INTO `u7417506_dosyatakip`.`form_require` (`id`,`name`,`createdate`,`modifydate`,`deletedate`) VALUES (UNHEX('e58db53ea13b32bdb77f70e1d2de3e7a'),'Bilir Kişi Raporu','2020-11-24 08:46:55','2020-11-24 08:46:55',NULL);
INSERT INTO `u7417506_dosyatakip`.`form_require` (`id`,`name`,`createdate`,`modifydate`,`deletedate`) VALUES (UNHEX('7159727ea59c6a267fb8c1ff4ce21b33'),'Mahkeme Kararı','2020-11-24 08:47:03','2020-11-24 08:47:03',NULL);
INSERT INTO `u7417506_dosyatakip`.`form_require` (`id`,`name`,`createdate`,`modifydate`,`deletedate`) VALUES (UNHEX('f7b39df7d75dce5f37b6def64faa7c50'),'Engelli Sağlık Kurul Raporu','2020-11-24 08:47:17','2020-11-24 08:47:17',NULL);
INSERT INTO `u7417506_dosyatakip`.`form_require` (`id`,`name`,`createdate`,`modifydate`,`deletedate`) VALUES (UNHEX('ec40215b95eb29eaf6dddd00dbffeab9'),'Tedavi Evrakları','2020-11-24 08:47:24','2020-11-24 08:47:24',NULL);
INSERT INTO `u7417506_dosyatakip`.`form_require` (`id`,`name`,`createdate`,`modifydate`,`deletedate`) VALUES (UNHEX('7a69774fa6b472b0bacb2db942951f95'),'Gelir Belgesi','2020-11-24 08:47:30','2020-11-24 08:47:30',NULL);
INSERT INTO `u7417506_dosyatakip`.`form_require` (`id`,`name`,`createdate`,`modifydate`,`deletedate`) VALUES (UNHEX('9028ea420516b019a03fc9f89e70aeeb'),'Vuk. Nüf. Kayıt Örneği','2020-11-24 08:47:45','2020-11-24 08:47:45',NULL);
INSERT INTO `u7417506_dosyatakip`.`form_require` (`id`,`name`,`createdate`,`modifydate`,`deletedate`) VALUES (UNHEX('d30e0d52ba5480edaf5674b4c92073fc'),'Diğer','2020-11-24 08:48:05','2020-11-24 08:48:05',NULL);
INSERT INTO `u7417506_dosyatakip`.`form_require` (`id`,`name`,`createdate`,`modifydate`,`deletedate`) VALUES (UNHEX('ce4274b3d794dddefd2e97990c5dca5a'),'Tahkim Başvurusu','2020-12-01 11:51:29','2020-12-01 11:51:29',NULL);
INSERT INTO `u7417506_dosyatakip`.`form_require` (`id`,`name`,`createdate`,`modifydate`,`deletedate`) VALUES (UNHEX('720c8d8d57eaddf61f390996f393928a'),'Sigorta Başvurusu','2020-12-01 11:51:37','2020-12-01 11:51:37',NULL);
INSERT INTO `u7417506_dosyatakip`.`form_require` (`id`,`name`,`createdate`,`modifydate`,`deletedate`) VALUES (UNHEX('35f877ec7cf4db5294d119748028891f'),'Tahkim Hesap Raporu','2020-12-01 11:51:46','2020-12-01 11:51:46',NULL);
INSERT INTO `u7417506_dosyatakip`.`form_require` (`id`,`name`,`createdate`,`modifydate`,`deletedate`) VALUES (UNHEX('87d75ac32649bf70a1d9367e6dbc995c'),'Tahkim Kusur Raporu','2020-12-01 11:51:55','2020-12-01 11:51:55',NULL);
INSERT INTO `u7417506_dosyatakip`.`form_require` (`id`,`name`,`createdate`,`modifydate`,`deletedate`) VALUES (UNHEX('77fcbe01ab9eb2159c6e663bea182a91'),'Tahkim Kararı','2020-12-01 11:52:04','2020-12-01 11:52:04',NULL);
INSERT INTO `u7417506_dosyatakip`.`form_require` (`id`,`name`,`createdate`,`modifydate`,`deletedate`) VALUES (UNHEX('7143fd766b080c643a0749b5f161e18b'),'TTTTTTTTTTTTTTTTT','2020-12-11 14:09:37','2020-12-11 14:09:37','2020-12-11 14:09:55');
INSERT INTO `u7417506_dosyatakip`.`form_variables` (`id`,`field_id`,`name`,`order`,`createdate`,`modifydate`,`deletedate`) VALUES (UNHEX('0af0caf76201c3e2246d730b0b26dcc2'),UNHEX('f2d0e64de5f3425bad0811bfd26f8d81'),'Destek Tazminatı','0','2020-11-24 08:51:09','2020-11-24 08:51:09',NULL);
INSERT INTO `u7417506_dosyatakip`.`form_variables` (`id`,`field_id`,`name`,`order`,`createdate`,`modifydate`,`deletedate`) VALUES (UNHEX('10744252eb9739899160157ba27ebefa'),UNHEX('21d25dcf24373baeb847f52815bbd746'),'Türk Nippon Sigorta','0','2020-11-24 17:19:32','2020-11-24 17:19:32',NULL);
INSERT INTO `u7417506_dosyatakip`.`form_variables` (`id`,`field_id`,`name`,`order`,`createdate`,`modifydate`,`deletedate`) VALUES (UNHEX('1539ebc16366851579264a52ff6b255d'),UNHEX('21d25dcf24373baeb847f52815bbd746'),'Unico Sigorta','0','2020-11-24 17:19:41','2020-11-24 17:19:41',NULL);
INSERT INTO `u7417506_dosyatakip`.`form_variables` (`id`,`field_id`,`name`,`order`,`createdate`,`modifydate`,`deletedate`) VALUES (UNHEX('15c251c60a73c448b7f9c18acc32af20'),UNHEX('21d25dcf24373baeb847f52815bbd746'),'HDI Sigorta','0','2020-11-24 17:17:44','2020-11-24 17:17:44',NULL);
INSERT INTO `u7417506_dosyatakip`.`form_variables` (`id`,`field_id`,`name`,`order`,`createdate`,`modifydate`,`deletedate`) VALUES (UNHEX('1a403e90179cefcd582ebba90d52d512'),UNHEX('44a9c75c7e4763114699697a6307bd00'),'Hazırlık','0','2020-11-24 08:49:12','2020-11-24 08:49:12',NULL);
INSERT INTO `u7417506_dosyatakip`.`form_variables` (`id`,`field_id`,`name`,`order`,`createdate`,`modifydate`,`deletedate`) VALUES (UNHEX('262b29ea6482f14f73d1c942a2e6f57a'),UNHEX('91a88b64d7685a98ac35414143de41da'),'A. Cengiz','0','2020-11-24 08:50:20','2020-11-24 08:50:20',NULL);
INSERT INTO `u7417506_dosyatakip`.`form_variables` (`id`,`field_id`,`name`,`order`,`createdate`,`modifydate`,`deletedate`) VALUES (UNHEX('2aee9d86b6ce734bf0ff33839a2d470b'),UNHEX('44a9c75c7e4763114699697a6307bd00'),'İstinaf','0','2020-11-24 08:49:57','2020-11-24 08:49:57',NULL);
INSERT INTO `u7417506_dosyatakip`.`form_variables` (`id`,`field_id`,`name`,`order`,`createdate`,`modifydate`,`deletedate`) VALUES (UNHEX('2e4fe27cc8dc59cde5ea61e2e133a4cb'),UNHEX('21d25dcf24373baeb847f52815bbd746'),'Ray Sigorta','0','2020-11-24 17:18:53','2020-11-24 17:18:53',NULL);
INSERT INTO `u7417506_dosyatakip`.`form_variables` (`id`,`field_id`,`name`,`order`,`createdate`,`modifydate`,`deletedate`) VALUES (UNHEX('380862adeb08d334ab9b90a9bbd54c93'),UNHEX('44a9c75c7e4763114699697a6307bd00'),'Tahkim','0','2020-11-24 08:50:05','2020-11-24 08:50:05',NULL);
INSERT INTO `u7417506_dosyatakip`.`form_variables` (`id`,`field_id`,`name`,`order`,`createdate`,`modifydate`,`deletedate`) VALUES (UNHEX('3ca6c3a96185b20fb28088a0455f700b'),UNHEX('21d25dcf24373baeb847f52815bbd746'),'SBN Sigorta','0','2020-11-24 17:19:01','2020-11-24 17:19:01',NULL);
INSERT INTO `u7417506_dosyatakip`.`form_variables` (`id`,`field_id`,`name`,`order`,`createdate`,`modifydate`,`deletedate`) VALUES (UNHEX('3d24f1e52e52b5237df409950e65bc6d'),UNHEX('21d25dcf24373baeb847f52815bbd746'),'Mapfre Sigorta','0','2020-11-24 17:18:29','2020-11-24 17:18:29',NULL);
INSERT INTO `u7417506_dosyatakip`.`form_variables` (`id`,`field_id`,`name`,`order`,`createdate`,`modifydate`,`deletedate`) VALUES (UNHEX('40b73697149b94ac44534b921bc98d3e'),UNHEX('21d25dcf24373baeb847f52815bbd746'),'Ergo Sigorta','0','2020-11-24 17:11:55','2020-11-24 17:11:55',NULL);
INSERT INTO `u7417506_dosyatakip`.`form_variables` (`id`,`field_id`,`name`,`order`,`createdate`,`modifydate`,`deletedate`) VALUES (UNHEX('5e855b10418081b955629777a6138c87'),UNHEX('44a9c75c7e4763114699697a6307bd00'),'Tahsilatlı Arşiv','0','2020-11-24 08:49:33','2020-11-24 08:49:33',NULL);
INSERT INTO `u7417506_dosyatakip`.`form_variables` (`id`,`field_id`,`name`,`order`,`createdate`,`modifydate`,`deletedate`) VALUES (UNHEX('6337e4de93f1c98e5d235f76237e242e'),UNHEX('44a9c75c7e4763114699697a6307bd00'),'Tahsilatsız Arşiv','0','2020-11-24 08:49:52','2020-11-24 08:49:52',NULL);
INSERT INTO `u7417506_dosyatakip`.`form_variables` (`id`,`field_id`,`name`,`order`,`createdate`,`modifydate`,`deletedate`) VALUES (UNHEX('65762d7583d8c21aedfaf3a8e6d43460'),UNHEX('0b6072368adb397a71b6a742d984eb8a'),'Yolcu','0','2020-11-24 08:50:45','2020-11-24 08:50:45',NULL);
INSERT INTO `u7417506_dosyatakip`.`form_variables` (`id`,`field_id`,`name`,`order`,`createdate`,`modifydate`,`deletedate`) VALUES (UNHEX('728c82c8ad58b3857f1148c806c42faa'),UNHEX('223ed9aed75b31321b0e4c7b14d4741a'),'Geçici İş göremezlik','0','2020-11-24 08:52:15','2020-11-24 08:52:15',NULL);
INSERT INTO `u7417506_dosyatakip`.`form_variables` (`id`,`field_id`,`name`,`order`,`createdate`,`modifydate`,`deletedate`) VALUES (UNHEX('74174aee618a6a6f4d8278e16a624577'),UNHEX('21d25dcf24373baeb847f52815bbd746'),'Ak Sigorta','0','2020-11-24 17:10:56','2020-11-24 17:10:56',NULL);
INSERT INTO `u7417506_dosyatakip`.`form_variables` (`id`,`field_id`,`name`,`order`,`createdate`,`modifydate`,`deletedate`) VALUES (UNHEX('76e09d7fd6e3dba8342d64d1bbf61ce2'),UNHEX('21d25dcf24373baeb847f52815bbd746'),'Neova Sigorta','0','2020-11-24 17:18:48','2020-11-24 17:18:48',NULL);
INSERT INTO `u7417506_dosyatakip`.`form_variables` (`id`,`field_id`,`name`,`order`,`createdate`,`modifydate`,`deletedate`) VALUES (UNHEX('7b30e562434a2fedea969b592e802dab'),UNHEX('21d25dcf24373baeb847f52815bbd746'),'Ege Sigorta','0','2020-11-24 17:19:53','2020-11-24 17:19:53',NULL);
INSERT INTO `u7417506_dosyatakip`.`form_variables` (`id`,`field_id`,`name`,`order`,`createdate`,`modifydate`,`deletedate`) VALUES (UNHEX('7beb50c6a8c7e85522722bb5a6677f7e'),UNHEX('0b6072368adb397a71b6a742d984eb8a'),'Sürücü','0','2020-11-24 08:50:41','2020-11-24 08:50:41',NULL);
INSERT INTO `u7417506_dosyatakip`.`form_variables` (`id`,`field_id`,`name`,`order`,`createdate`,`modifydate`,`deletedate`) VALUES (UNHEX('8210397a5ba30760c2610576fbb7f8d0'),UNHEX('223ed9aed75b31321b0e4c7b14d4741a'),'Manevi','0','2020-11-24 08:52:10','2020-11-24 08:52:10',NULL);
INSERT INTO `u7417506_dosyatakip`.`form_variables` (`id`,`field_id`,`name`,`order`,`createdate`,`modifydate`,`deletedate`) VALUES (UNHEX('831432218d977a0440de83bd0bcc92c3'),UNHEX('21d25dcf24373baeb847f52815bbd746'),'Ankara Sigorta','0','2020-11-24 17:19:47','2020-11-24 17:19:47',NULL);
INSERT INTO `u7417506_dosyatakip`.`form_variables` (`id`,`field_id`,`name`,`order`,`createdate`,`modifydate`,`deletedate`) VALUES (UNHEX('8775df7b97d7305f0a8f831863077239'),UNHEX('21d25dcf24373baeb847f52815bbd746'),'Halk Sigorta','0','2020-11-24 17:16:36','2020-11-24 17:16:36',NULL);
INSERT INTO `u7417506_dosyatakip`.`form_variables` (`id`,`field_id`,`name`,`order`,`createdate`,`modifydate`,`deletedate`) VALUES (UNHEX('94d2e72fe6c5a13e1d414fa9e8cfca74'),UNHEX('21d25dcf24373baeb847f52815bbd746'),'Güneş Sigorta','0','2020-11-24 17:15:34','2020-11-24 17:15:34',NULL);
INSERT INTO `u7417506_dosyatakip`.`form_variables` (`id`,`field_id`,`name`,`order`,`createdate`,`modifydate`,`deletedate`) VALUES (UNHEX('955c2ca1b2a3dcaee07de11ea31d7b1d'),UNHEX('21d25dcf24373baeb847f52815bbd746'),'Axa Sigorta','0','2020-11-24 17:11:14','2020-11-24 17:11:14',NULL);
INSERT INTO `u7417506_dosyatakip`.`form_variables` (`id`,`field_id`,`name`,`order`,`createdate`,`modifydate`,`deletedate`) VALUES (UNHEX('98c4626cfc9789a95b5b8dd500303f88'),UNHEX('21d25dcf24373baeb847f52815bbd746'),'Eureko Sigorta','0','2020-11-24 17:12:07','2020-11-24 17:12:07',NULL);
INSERT INTO `u7417506_dosyatakip`.`form_variables` (`id`,`field_id`,`name`,`order`,`createdate`,`modifydate`,`deletedate`) VALUES (UNHEX('a882a198daf7e7782fe5cef6c9cc2bc4'),UNHEX('44a9c75c7e4763114699697a6307bd00'),'Arşiv','0','2020-11-24 08:49:23','2020-11-24 08:49:23',NULL);
INSERT INTO `u7417506_dosyatakip`.`form_variables` (`id`,`field_id`,`name`,`order`,`createdate`,`modifydate`,`deletedate`) VALUES (UNHEX('af4b2c4b2e038eb2ac219b301f1a5be2'),UNHEX('223ed9aed75b31321b0e4c7b14d4741a'),'Geçici Bakıcı','0','2020-11-24 08:52:20','2020-11-24 08:52:20',NULL);
INSERT INTO `u7417506_dosyatakip`.`form_variables` (`id`,`field_id`,`name`,`order`,`createdate`,`modifydate`,`deletedate`) VALUES (UNHEX('b8a20656f1898b350ea8d65a66533cbd'),UNHEX('91a88b64d7685a98ac35414143de41da'),'A. Özdemir','0','2020-11-24 08:50:27','2020-11-24 08:50:27',NULL);
INSERT INTO `u7417506_dosyatakip`.`form_variables` (`id`,`field_id`,`name`,`order`,`createdate`,`modifydate`,`deletedate`) VALUES (UNHEX('bfae27c2a8f18889c396ad3d9a55564a'),UNHEX('223ed9aed75b31321b0e4c7b14d4741a'),'Maddi','0','2020-11-24 08:52:03','2020-11-24 08:52:03',NULL);
INSERT INTO `u7417506_dosyatakip`.`form_variables` (`id`,`field_id`,`name`,`order`,`createdate`,`modifydate`,`deletedate`) VALUES (UNHEX('c042e5cab09c98865da1e49310631376'),UNHEX('21d25dcf24373baeb847f52815bbd746'),'Sompo Sigorta','0','2020-11-24 17:19:18','2020-11-24 17:19:18',NULL);
INSERT INTO `u7417506_dosyatakip`.`form_variables` (`id`,`field_id`,`name`,`order`,`createdate`,`modifydate`,`deletedate`) VALUES (UNHEX('cbd433a9c6934a1d18bec4207ed1fd1c'),UNHEX('f2d0e64de5f3425bad0811bfd26f8d81'),'Sakatlık Tazminatı','0','2020-11-24 08:51:02','2020-11-24 08:51:02',NULL);
INSERT INTO `u7417506_dosyatakip`.`form_variables` (`id`,`field_id`,`name`,`order`,`createdate`,`modifydate`,`deletedate`) VALUES (UNHEX('d0fc09adb61e7f8bebaa6d5d814c5484'),UNHEX('21d25dcf24373baeb847f52815bbd746'),'Allianz Sigorta','0','2020-11-24 17:11:04','2020-11-24 17:11:04',NULL);
INSERT INTO `u7417506_dosyatakip`.`form_variables` (`id`,`field_id`,`name`,`order`,`createdate`,`modifydate`,`deletedate`) VALUES (UNHEX('dae445c77cccd91c349326aa087b1719'),UNHEX('21d25dcf24373baeb847f52815bbd746'),'Güneş','0','2020-11-24 17:16:20','2020-11-24 17:16:20','2020-11-27 16:46:29');
INSERT INTO `u7417506_dosyatakip`.`form_variables` (`id`,`field_id`,`name`,`order`,`createdate`,`modifydate`,`deletedate`) VALUES (UNHEX('e2409ced920fc3a8d8f3ae0e7e109e82'),UNHEX('21d25dcf24373baeb847f52815bbd746'),'Doğa Sigorta','0','2020-11-24 17:11:30','2020-11-24 17:11:30',NULL);
INSERT INTO `u7417506_dosyatakip`.`form_variables` (`id`,`field_id`,`name`,`order`,`createdate`,`modifydate`,`deletedate`) VALUES (UNHEX('e4f8366a49fdf6070ddde1121f873ec3'),UNHEX('0b6072368adb397a71b6a742d984eb8a'),'Yaya','0','2020-11-24 08:50:49','2020-11-24 08:50:49',NULL);
INSERT INTO `u7417506_dosyatakip`.`form_variables` (`id`,`field_id`,`name`,`order`,`createdate`,`modifydate`,`deletedate`) VALUES (UNHEX('eb6d647b6241efca87290d4a281ff5d8'),UNHEX('21d25dcf24373baeb847f52815bbd746'),'Generali Sigorta','0','2020-11-24 17:13:02','2020-11-24 17:13:02',NULL);
INSERT INTO `u7417506_dosyatakip`.`form_variables` (`id`,`field_id`,`name`,`order`,`createdate`,`modifydate`,`deletedate`) VALUES (UNHEX('f396dd1613508799af3189595522ff00'),UNHEX('44a9c75c7e4763114699697a6307bd00'),'Yargıtay','0','2020-11-24 08:50:01','2020-11-24 08:50:01',NULL);
INSERT INTO `u7417506_dosyatakip`.`form_variables` (`id`,`field_id`,`name`,`order`,`createdate`,`modifydate`,`deletedate`) VALUES (UNHEX('fabdd185ff77f71328f58d81893672f8'),UNHEX('44a9c75c7e4763114699697a6307bd00'),'Derdest','0','2020-11-24 08:49:17','2020-11-24 08:49:17',NULL);
INSERT INTO `u7417506_dosyatakip`.`form_variables` (`id`,`field_id`,`name`,`order`,`createdate`,`modifydate`,`deletedate`) VALUES (UNHEX('fd0d3e54fb342610bab6e9951c825867'),UNHEX('21d25dcf24373baeb847f52815bbd746'),'Groupama Sigorta','0','2020-11-24 17:14:48','2020-11-24 17:14:48',NULL);
INSERT INTO `u7417506_dosyatakip`.`form_variables` (`id`,`field_id`,`name`,`order`,`createdate`,`modifydate`,`deletedate`) VALUES (UNHEX('c7ee2762302182ebbf1ea9c1a56875f9'),UNHEX('21d25dcf24373baeb847f52815bbd746'),'Türkiye Sigorta','0','2020-11-27 16:45:47','2020-11-27 16:45:47',NULL);
INSERT INTO `u7417506_dosyatakip`.`form_variables` (`id`,`field_id`,`name`,`order`,`createdate`,`modifydate`,`deletedate`) VALUES (UNHEX('a6046fb956d4e13b5de05a94650b2926'),UNHEX('44a9c75c7e4763114699697a6307bd00'),'Adli Tıp','0','2020-12-01 11:44:31','2020-12-01 11:44:31',NULL);
INSERT INTO `u7417506_dosyatakip`.`form_variables` (`id`,`field_id`,`name`,`order`,`createdate`,`modifydate`,`deletedate`) VALUES (UNHEX('39449dfdf150d214ed67930552f106df'),UNHEX('f2d0e64de5f3425bad0811bfd26f8d81'),'Geçici İş Göremezlik','0','2020-12-01 11:48:41','2020-12-01 11:48:41',NULL);
INSERT INTO `u7417506_dosyatakip`.`form_variables` (`id`,`field_id`,`name`,`order`,`createdate`,`modifydate`,`deletedate`) VALUES (UNHEX('89f6c443aa4ee1ad2e523ed2f5b91875'),UNHEX('f2d0e64de5f3425bad0811bfd26f8d81'),'Geçici Bakıcı','0','2020-12-01 11:48:53','2020-12-01 11:48:53',NULL);
INSERT INTO `u7417506_dosyatakip`.`form_variables` (`id`,`field_id`,`name`,`order`,`createdate`,`modifydate`,`deletedate`) VALUES (UNHEX('ce0c98891a17fd134f7661f76834a63b'),UNHEX('f2d0e64de5f3425bad0811bfd26f8d81'),'Maddi','0','2020-12-01 11:48:59','2020-12-01 11:48:59',NULL);
INSERT INTO `u7417506_dosyatakip`.`form_variables` (`id`,`field_id`,`name`,`order`,`createdate`,`modifydate`,`deletedate`) VALUES (UNHEX('441a944e1e6b296bb9c23fb7095d719b'),UNHEX('f2d0e64de5f3425bad0811bfd26f8d81'),'Manevi','0','2020-12-01 11:49:05','2020-12-01 11:49:05',NULL);
INSERT INTO `u7417506_dosyatakip`.`form_variables` (`id`,`field_id`,`name`,`order`,`createdate`,`modifydate`,`deletedate`) VALUES (UNHEX('16d39d8b75526890fa1132c49fcebfa9'),UNHEX('f2d0e64de5f3425bad0811bfd26f8d81'),'8/8 Destek Tazminatı','0','2020-12-01 11:49:27','2020-12-01 11:49:27',NULL);
INSERT INTO `u7417506_dosyatakip`.`form_variables` (`id`,`field_id`,`name`,`order`,`createdate`,`modifydate`,`deletedate`) VALUES (UNHEX('53a1427495fa72d9bab16474263e28ff'),UNHEX('21d25dcf24373baeb847f52815bbd746'),'Şeker Sigorta','0','2020-12-03 14:35:32','2020-12-03 14:35:32',NULL);
INSERT INTO `u7417506_dosyatakip`.`form_variables` (`id`,`field_id`,`name`,`order`,`createdate`,`modifydate`,`deletedate`) VALUES (UNHEX('ec0263b5f457428d397761ad855f9f33'),UNHEX('21d25dcf24373baeb847f52815bbd746'),'Anadolu Sigorta','0','2020-12-03 14:20:01','2020-12-03 14:20:01',NULL);
INSERT INTO `u7417506_dosyatakip`.`form_variables` (`id`,`field_id`,`name`,`order`,`createdate`,`modifydate`,`deletedate`) VALUES (UNHEX('56e8857f6dd39e42f0a6254b9e3a3513'),UNHEX('21d25dcf24373baeb847f52815bbd746'),'Bereket Sigorta','0','2020-12-03 14:20:54','2020-12-03 14:20:54',NULL);
INSERT INTO `u7417506_dosyatakip`.`form_variables` (`id`,`field_id`,`name`,`order`,`createdate`,`modifydate`,`deletedate`) VALUES (UNHEX('5a12917e96ed40550548dc6d49c821f1'),UNHEX('21d25dcf24373baeb847f52815bbd746'),'Corpus Sigorta','0','2020-12-03 14:21:43','2020-12-03 14:21:43',NULL);
INSERT INTO `u7417506_dosyatakip`.`form_variables` (`id`,`field_id`,`name`,`order`,`createdate`,`modifydate`,`deletedate`) VALUES (UNHEX('545b718b27bbb1200d04573bc565431d'),UNHEX('21d25dcf24373baeb847f52815bbd746'),'Dubai Starr Sigorta','0','2020-12-03 14:22:55','2020-12-03 14:22:55',NULL);
INSERT INTO `u7417506_dosyatakip`.`form_variables` (`id`,`field_id`,`name`,`order`,`createdate`,`modifydate`,`deletedate`) VALUES (UNHEX('088aea19d8b46036259c5bdd849eef44'),UNHEX('21d25dcf24373baeb847f52815bbd746'),'Ethica Sigorta','0','2020-12-03 14:23:44','2020-12-03 14:23:44',NULL);
INSERT INTO `u7417506_dosyatakip`.`form_variables` (`id`,`field_id`,`name`,`order`,`createdate`,`modifydate`,`deletedate`) VALUES (UNHEX('3e8731cd73396b0d7fda9a6afc6dac35'),UNHEX('21d25dcf24373baeb847f52815bbd746'),'Koru Sigorta','0','2020-12-03 14:25:35','2020-12-03 14:25:35',NULL);
INSERT INTO `u7417506_dosyatakip`.`form_variables` (`id`,`field_id`,`name`,`order`,`createdate`,`modifydate`,`deletedate`) VALUES (UNHEX('e1ef0418853396e839dc491498271794'),UNHEX('21d25dcf24373baeb847f52815bbd746'),'Orient Sigorta','0','2020-12-03 14:26:30','2020-12-03 14:26:30',NULL);
INSERT INTO `u7417506_dosyatakip`.`form_variables` (`id`,`field_id`,`name`,`order`,`createdate`,`modifydate`,`deletedate`) VALUES (UNHEX('bc3cdfd28efcf61816a48306ebd4a98f'),UNHEX('21d25dcf24373baeb847f52815bbd746'),'Quıck Sigorta','0','2020-12-03 14:27:34','2020-12-03 14:27:34',NULL);
INSERT INTO `u7417506_dosyatakip`.`form_variables` (`id`,`field_id`,`name`,`order`,`createdate`,`modifydate`,`deletedate`) VALUES (UNHEX('eb7cd75e7d0aea875cb45037a89a7666'),UNHEX('21d25dcf24373baeb847f52815bbd746'),'Zurich Sigorta','0','2020-12-03 14:36:52','2020-12-03 14:36:52',NULL);
INSERT INTO `u7417506_dosyatakip`.`form_variables` (`id`,`field_id`,`name`,`order`,`createdate`,`modifydate`,`deletedate`) VALUES (UNHEX('9bee4a9f0af787c828dedd8acdec08fb'),UNHEX('de5fb36d33660ab3673fe022872e6b04'),'Hakan KAYMAKÇI','','2020-12-10 12:53:21','2020-12-10 12:53:21','2020-12-10 12:54:07');
INSERT INTO `u7417506_dosyatakip`.`forms` (`id`,`file_id`,`require_id`,`user`,`createdate`,`modifydate`,`deletedate`) VALUES (UNHEX('0d18287b4e6d304131f3d67fb37aa9a9'),UNHEX('b33ed42f395fab6af9bf206064539976'),UNHEX(''),UNHEX('e45fd2ee4e4a5167a99117a9be1876aa'),'2020-12-10 12:54:34','2020-12-10 12:54:34',NULL);
INSERT INTO `u7417506_dosyatakip`.`forms` (`id`,`file_id`,`require_id`,`user`,`createdate`,`modifydate`,`deletedate`) VALUES (UNHEX('d531a86a1979b29f9306e42fbb6efc8b'),UNHEX('3f1702a790fe5608aa09a5c568543166'),UNHEX(''),UNHEX('e45fd2ee4e4a5167a99117a9be1876aa'),'2020-12-10 13:34:53','2020-12-10 13:34:53',NULL);
INSERT INTO `u7417506_dosyatakip`.`forms` (`id`,`file_id`,`require_id`,`user`,`createdate`,`modifydate`,`deletedate`) VALUES (UNHEX('7f065c5be581756caa14e165957fcf62'),UNHEX('e6bc542c102320bab470956dab02f6bb'),UNHEX(''),UNHEX('e45fd2ee4e4a5167a99117a9be1876aa'),'2020-12-10 14:04:25','2020-12-10 14:04:25',NULL);
INSERT INTO `u7417506_dosyatakip`.`forms` (`id`,`file_id`,`require_id`,`user`,`createdate`,`modifydate`,`deletedate`) VALUES (UNHEX('122239265fa132f9a55519a621ce9b74'),UNHEX('ac8544d15cac427f0c937aa3e46da806'),UNHEX(''),UNHEX('e45fd2ee4e4a5167a99117a9be1876aa'),'2020-12-10 14:23:35','2020-12-10 14:23:35',NULL);
INSERT INTO `u7417506_dosyatakip`.`forms` (`id`,`file_id`,`require_id`,`user`,`createdate`,`modifydate`,`deletedate`) VALUES (UNHEX('0398124b7341b8f3b454bb28a5f5fa37'),UNHEX('09364f5bad7a95d8216cd37b3fedf93a'),UNHEX(''),UNHEX('e45fd2ee4e4a5167a99117a9be1876aa'),'2020-12-10 14:26:39','2020-12-10 14:26:39',NULL);
INSERT INTO `u7417506_dosyatakip`.`forms` (`id`,`file_id`,`require_id`,`user`,`createdate`,`modifydate`,`deletedate`) VALUES (UNHEX('1d4434efc46bbef70861b31214f7af4f'),UNHEX('810c930ad408d6184a7c0774dbfe945c'),UNHEX(''),UNHEX('e45fd2ee4e4a5167a99117a9be1876aa'),'2020-12-10 14:28:20','2020-12-10 14:28:20',NULL);
INSERT INTO `u7417506_dosyatakip`.`forms` (`id`,`file_id`,`require_id`,`user`,`createdate`,`modifydate`,`deletedate`) VALUES (UNHEX('a73949486456c63e7231dd8e5c3535ab'),UNHEX('77307092eff5bd4a7ca538d0d635c761'),UNHEX(''),UNHEX('e45fd2ee4e4a5167a99117a9be1876aa'),'2020-12-10 14:29:49','2020-12-10 14:29:49',NULL);
INSERT INTO `u7417506_dosyatakip`.`forms` (`id`,`file_id`,`require_id`,`user`,`createdate`,`modifydate`,`deletedate`) VALUES (UNHEX('8ef26010b6e00d6242cead17cc32de80'),UNHEX('5fbba27e6df3a3b09a8ec497d7c4467c'),UNHEX(''),UNHEX('e45fd2ee4e4a5167a99117a9be1876aa'),'2020-12-10 14:33:53','2020-12-10 14:33:53',NULL);
INSERT INTO `u7417506_dosyatakip`.`forms` (`id`,`file_id`,`require_id`,`user`,`createdate`,`modifydate`,`deletedate`) VALUES (UNHEX('d7e07758746390b3b3ded0f1ffd1371d'),UNHEX('0b5f70f93ba0ea2e91d69ab6f2a4e8d6'),UNHEX(''),UNHEX('e45fd2ee4e4a5167a99117a9be1876aa'),'2020-12-10 22:05:00','2020-12-10 22:05:00',NULL);
INSERT INTO `u7417506_dosyatakip`.`forms` (`id`,`file_id`,`require_id`,`user`,`createdate`,`modifydate`,`deletedate`) VALUES (UNHEX('8104f4cdcf8dfed0a63b49424d79258c'),UNHEX('71c97846502de593b742a23a45d89bf0'),UNHEX(''),UNHEX('e45fd2ee4e4a5167a99117a9be1876aa'),'2020-12-10 22:10:50','2020-12-10 22:10:50',NULL);
INSERT INTO `u7417506_dosyatakip`.`forms` (`id`,`file_id`,`require_id`,`user`,`createdate`,`modifydate`,`deletedate`) VALUES (UNHEX('0148efef7b496ea5462105f4e88270b8'),UNHEX('fb25c3a1603dd80fc3063f464d5bece7'),UNHEX(''),UNHEX('e45fd2ee4e4a5167a99117a9be1876aa'),'2020-12-10 22:15:53','2020-12-10 22:15:53',NULL);
INSERT INTO `u7417506_dosyatakip`.`forms` (`id`,`file_id`,`require_id`,`user`,`createdate`,`modifydate`,`deletedate`) VALUES (UNHEX('0a7d0648ccc10b5450328772a52e94db'),UNHEX('2c5536c3f4d5a0aa44dcf94b2497b4dd'),UNHEX(''),UNHEX('e45fd2ee4e4a5167a99117a9be1876aa'),'2020-12-10 22:22:49','2020-12-10 22:22:49',NULL);
INSERT INTO `u7417506_dosyatakip`.`forms` (`id`,`file_id`,`require_id`,`user`,`createdate`,`modifydate`,`deletedate`) VALUES (UNHEX('027ab0a82010a897ea0777c1d8397660'),UNHEX('f8ba29d2d32569f4f9be182a8ae3656d'),UNHEX(''),UNHEX('e45fd2ee4e4a5167a99117a9be1876aa'),'2020-12-10 22:26:56','2020-12-10 22:26:56',NULL);
INSERT INTO `u7417506_dosyatakip`.`forms` (`id`,`file_id`,`require_id`,`user`,`createdate`,`modifydate`,`deletedate`) VALUES (UNHEX('b125c49fa19881a251d8fb4844aaa551'),UNHEX('4cb9fbc38166907fc10ae62ee4c91033'),UNHEX(''),UNHEX('e45fd2ee4e4a5167a99117a9be1876aa'),'2020-12-10 22:36:21','2020-12-10 22:36:21',NULL);
INSERT INTO `u7417506_dosyatakip`.`forms` (`id`,`file_id`,`require_id`,`user`,`createdate`,`modifydate`,`deletedate`) VALUES (UNHEX('8feed13f7f702b6e76992e53786d1032'),UNHEX('bf971d5056caab1fbf8610ca72e05c9e'),UNHEX(''),UNHEX('e45fd2ee4e4a5167a99117a9be1876aa'),'2020-12-10 22:40:50','2020-12-10 22:40:50',NULL);
INSERT INTO `u7417506_dosyatakip`.`forms` (`id`,`file_id`,`require_id`,`user`,`createdate`,`modifydate`,`deletedate`) VALUES (UNHEX('2e6e5fab28b2e422f707a8d7a938965a'),UNHEX('2e5e412e6dfcdf1b5ed6d21105aa2886'),UNHEX(''),UNHEX('e45fd2ee4e4a5167a99117a9be1876aa'),'2020-12-10 23:15:16','2020-12-10 23:15:16',NULL);
INSERT INTO `u7417506_dosyatakip`.`forms` (`id`,`file_id`,`require_id`,`user`,`createdate`,`modifydate`,`deletedate`) VALUES (UNHEX('2636a71ce8fe242e6956c56c747f6671'),UNHEX('cd1c27e8afdf703378fdd446dd7398ba'),UNHEX(''),UNHEX('e45fd2ee4e4a5167a99117a9be1876aa'),'2020-12-10 23:19:08','2020-12-10 23:19:08',NULL);
INSERT INTO `u7417506_dosyatakip`.`forms` (`id`,`file_id`,`require_id`,`user`,`createdate`,`modifydate`,`deletedate`) VALUES (UNHEX('1c7048388fb351d2b437f2217cd5a85f'),UNHEX('ffd1259431c287ff130432f858aedb4e'),UNHEX(''),UNHEX('e45fd2ee4e4a5167a99117a9be1876aa'),'2020-12-10 23:22:39','2020-12-10 23:22:39',NULL);
INSERT INTO `u7417506_dosyatakip`.`forms` (`id`,`file_id`,`require_id`,`user`,`createdate`,`modifydate`,`deletedate`) VALUES (UNHEX('1dbb3ed57fda784a0196e01bc9d71615'),UNHEX('1b60544e504bd7c14ea42a1ac04be419'),UNHEX(''),UNHEX('e45fd2ee4e4a5167a99117a9be1876aa'),'2020-12-10 23:27:04','2020-12-10 23:27:04',NULL);
INSERT INTO `u7417506_dosyatakip`.`forms` (`id`,`file_id`,`require_id`,`user`,`createdate`,`modifydate`,`deletedate`) VALUES (UNHEX('b31f955b6aebf296923ba87e964ee889'),UNHEX('25ef1e1c62577933b4d979601b73b2fd'),UNHEX(''),UNHEX('e45fd2ee4e4a5167a99117a9be1876aa'),'2020-12-10 23:34:02','2020-12-10 23:34:02',NULL);
INSERT INTO `u7417506_dosyatakip`.`forms` (`id`,`file_id`,`require_id`,`user`,`createdate`,`modifydate`,`deletedate`) VALUES (UNHEX('016b974dcb540270d0af4cda26148d8f'),UNHEX('c96d0107025e7acc61c8f4de97c2cc56'),UNHEX(''),UNHEX('e45fd2ee4e4a5167a99117a9be1876aa'),'2020-12-10 23:39:15','2020-12-10 23:39:15',NULL);
INSERT INTO `u7417506_dosyatakip`.`forms` (`id`,`file_id`,`require_id`,`user`,`createdate`,`modifydate`,`deletedate`) VALUES (UNHEX('8e4e320b365cf4a2defba367ca28920e'),UNHEX('2b19c41e3a09edf7395ac02031905b33'),UNHEX(''),UNHEX('e45fd2ee4e4a5167a99117a9be1876aa'),'2020-12-10 23:44:23','2020-12-10 23:44:23',NULL);
INSERT INTO `u7417506_dosyatakip`.`forms` (`id`,`file_id`,`require_id`,`user`,`createdate`,`modifydate`,`deletedate`) VALUES (UNHEX('d5a73dc965e18c9d0fb83a6eb36973c3'),UNHEX('c2f819a341373a20b572d8a85024530d'),UNHEX(''),UNHEX('e45fd2ee4e4a5167a99117a9be1876aa'),'2020-12-11 00:06:51','2020-12-11 00:06:51',NULL);
INSERT INTO `u7417506_dosyatakip`.`forms` (`id`,`file_id`,`require_id`,`user`,`createdate`,`modifydate`,`deletedate`) VALUES (UNHEX('5da32023e15490446aa34657585b75ee'),UNHEX('97f7c8ecb36498fc3912e4c8f606c7bb'),UNHEX(''),UNHEX('e45fd2ee4e4a5167a99117a9be1876aa'),'2020-12-11 00:15:03','2020-12-11 00:15:03',NULL);
INSERT INTO `u7417506_dosyatakip`.`forms` (`id`,`file_id`,`require_id`,`user`,`createdate`,`modifydate`,`deletedate`) VALUES (UNHEX('168f761b1969a771a3fc202ee0c6bd53'),UNHEX('e0d978419aba735d752524b5e959d93c'),UNHEX(''),UNHEX('e45fd2ee4e4a5167a99117a9be1876aa'),'2020-12-11 14:51:50','2020-12-11 14:51:50',NULL);
INSERT INTO `u7417506_dosyatakip`.`forms` (`id`,`file_id`,`require_id`,`user`,`createdate`,`modifydate`,`deletedate`) VALUES (UNHEX('3987227443f77f65150e4ddcd45debd8'),UNHEX('3202eee822ec0347351126b07ea6c018'),UNHEX(''),UNHEX('e45fd2ee4e4a5167a99117a9be1876aa'),'2020-12-11 14:52:04','2020-12-11 14:52:04',NULL);
INSERT INTO `u7417506_dosyatakip`.`forms` (`id`,`file_id`,`require_id`,`user`,`createdate`,`modifydate`,`deletedate`) VALUES (UNHEX('3db8ea3f9de718f2ef305aff38c61b59'),UNHEX('175041b84c15703e23ef75eba6aaaf0c'),UNHEX(''),UNHEX('e45fd2ee4e4a5167a99117a9be1876aa'),'2020-12-11 14:52:06','2020-12-11 14:52:06',NULL);
INSERT INTO `u7417506_dosyatakip`.`forms` (`id`,`file_id`,`require_id`,`user`,`createdate`,`modifydate`,`deletedate`) VALUES (UNHEX('526c8ff7b2322cbfcf3c5bf49dfc5cd0'),UNHEX('7867845bb6c2d2df36e170747ddc20e2'),UNHEX(''),UNHEX('e45fd2ee4e4a5167a99117a9be1876aa'),'2020-12-11 14:52:12','2020-12-11 14:52:12',NULL);
INSERT INTO `u7417506_dosyatakip`.`forms` (`id`,`file_id`,`require_id`,`user`,`createdate`,`modifydate`,`deletedate`) VALUES (UNHEX('feec2cc761548b79091dcc2c1a82c275'),UNHEX('4059354b9d9e11a809c9ea0b78fa5948'),UNHEX(''),UNHEX('e45fd2ee4e4a5167a99117a9be1876aa'),'2020-12-11 15:04:29','2020-12-11 15:04:29',NULL);
INSERT INTO `u7417506_dosyatakip`.`forms` (`id`,`file_id`,`require_id`,`user`,`createdate`,`modifydate`,`deletedate`) VALUES (UNHEX('b50595682f28594de7fb27f448c87799'),UNHEX('5543f2b8b2fdd4be698b5407fc1de29a'),UNHEX(''),UNHEX('e45fd2ee4e4a5167a99117a9be1876aa'),'2020-12-11 15:23:46','2020-12-11 15:23:46',NULL);
INSERT INTO `u7417506_dosyatakip`.`forms` (`id`,`file_id`,`require_id`,`user`,`createdate`,`modifydate`,`deletedate`) VALUES (UNHEX('d7c65fb5a0b390d140b9d81e7ccf8497'),UNHEX('8de1f4401d7780f1c764c3473354deed'),UNHEX(''),UNHEX('e45fd2ee4e4a5167a99117a9be1876aa'),'2020-12-11 15:27:18','2020-12-11 15:27:18',NULL);
INSERT INTO `u7417506_dosyatakip`.`forms` (`id`,`file_id`,`require_id`,`user`,`createdate`,`modifydate`,`deletedate`) VALUES (UNHEX('b87e6de5e33bc086ececf3b63963c350'),UNHEX('94ce1bb6335b02077caf2140f19ecc3f'),UNHEX(''),UNHEX('e45fd2ee4e4a5167a99117a9be1876aa'),'2020-12-11 15:34:31','2020-12-11 15:34:31',NULL);
INSERT INTO `u7417506_dosyatakip`.`forms` (`id`,`file_id`,`require_id`,`user`,`createdate`,`modifydate`,`deletedate`) VALUES (UNHEX('b08158d7ff761176991c46d2b1a8c750'),UNHEX('c4299ab376b4e4bd65b60d11575657f6'),UNHEX(''),UNHEX('e45fd2ee4e4a5167a99117a9be1876aa'),'2020-12-11 15:36:43','2020-12-11 15:36:43',NULL);
INSERT INTO `u7417506_dosyatakip`.`forms` (`id`,`file_id`,`require_id`,`user`,`createdate`,`modifydate`,`deletedate`) VALUES (UNHEX('d7a8219995dce575f223bc1dcbac0bec'),UNHEX('3ab522d0bac2c07cfefc933796d5e5c1'),UNHEX(''),UNHEX('e45fd2ee4e4a5167a99117a9be1876aa'),'2020-12-11 15:39:06','2020-12-11 15:39:06',NULL);
INSERT INTO `u7417506_dosyatakip`.`forms` (`id`,`file_id`,`require_id`,`user`,`createdate`,`modifydate`,`deletedate`) VALUES (UNHEX('e183cea76090ec1ea9594133a0ebd526'),UNHEX('97f4a972fa7c3a45f894d808dcab6770'),UNHEX(''),UNHEX('e45fd2ee4e4a5167a99117a9be1876aa'),'2020-12-11 15:40:32','2020-12-11 15:40:32',NULL);
INSERT INTO `u7417506_dosyatakip`.`forms` (`id`,`file_id`,`require_id`,`user`,`createdate`,`modifydate`,`deletedate`) VALUES (UNHEX('4cb913faeeacc1f66c7edea0b0284dcb'),UNHEX('dfc2717d7ad3cb50f305b9c26bdb3034'),UNHEX(''),UNHEX('e45fd2ee4e4a5167a99117a9be1876aa'),'2020-12-11 15:44:16','2020-12-11 15:44:16',NULL);
INSERT INTO `u7417506_dosyatakip`.`forms` (`id`,`file_id`,`require_id`,`user`,`createdate`,`modifydate`,`deletedate`) VALUES (UNHEX('c15c12f623ebd6f05261d6b8a37f1a02'),UNHEX('18653dd482490209a78b56f72926b2d3'),UNHEX(''),UNHEX('e45fd2ee4e4a5167a99117a9be1876aa'),'2020-12-11 15:46:50','2020-12-11 15:46:50',NULL);
INSERT INTO `u7417506_dosyatakip`.`forms` (`id`,`file_id`,`require_id`,`user`,`createdate`,`modifydate`,`deletedate`) VALUES (UNHEX('2493388aec318c57806ada8cba249346'),UNHEX('ccc1f5fded52b0e03303a820c716afc3'),UNHEX(''),UNHEX('e45fd2ee4e4a5167a99117a9be1876aa'),'2020-12-11 15:50:07','2020-12-11 15:50:07',NULL);
INSERT INTO `u7417506_dosyatakip`.`forms` (`id`,`file_id`,`require_id`,`user`,`createdate`,`modifydate`,`deletedate`) VALUES (UNHEX('969b0768ef0f5ae8d8d8b3265ac79725'),UNHEX('c505bdf98d3cc7d8eaf49b20297c8841'),UNHEX(''),UNHEX('e45fd2ee4e4a5167a99117a9be1876aa'),'2020-12-11 15:51:55','2020-12-11 15:51:55',NULL);
INSERT INTO `u7417506_dosyatakip`.`forms` (`id`,`file_id`,`require_id`,`user`,`createdate`,`modifydate`,`deletedate`) VALUES (UNHEX('e970eaca98ddb947b3afcb64689ad671'),UNHEX('9c7450760298af894e1b1247b481c6a5'),UNHEX(''),UNHEX('e45fd2ee4e4a5167a99117a9be1876aa'),'2020-12-11 15:57:46','2020-12-11 15:57:46',NULL);
INSERT INTO `u7417506_dosyatakip`.`forms` (`id`,`file_id`,`require_id`,`user`,`createdate`,`modifydate`,`deletedate`) VALUES (UNHEX('8e02a3624ab951f74a29619f3b0dfb40'),UNHEX('152a2c8865a4f96bd6454afa7baa6cfb'),UNHEX(''),UNHEX('e45fd2ee4e4a5167a99117a9be1876aa'),'2020-12-11 15:59:44','2020-12-11 15:59:44',NULL);
INSERT INTO `u7417506_dosyatakip`.`forms` (`id`,`file_id`,`require_id`,`user`,`createdate`,`modifydate`,`deletedate`) VALUES (UNHEX('5e85473f43223b67d746d2ae46c384bb'),UNHEX('ce57395925a5c968f3921608355e7ddc'),UNHEX(''),UNHEX('e45fd2ee4e4a5167a99117a9be1876aa'),'2020-12-11 16:01:26','2020-12-11 16:01:26',NULL);
INSERT INTO `u7417506_dosyatakip`.`forms` (`id`,`file_id`,`require_id`,`user`,`createdate`,`modifydate`,`deletedate`) VALUES (UNHEX('fa6a60d610b1f15147c3c62cd65c1b84'),UNHEX('50ac352978dbf35bb93f535fc1098253'),UNHEX(''),UNHEX('e45fd2ee4e4a5167a99117a9be1876aa'),'2020-12-11 16:11:46','2020-12-11 16:11:46',NULL);
INSERT INTO `u7417506_dosyatakip`.`forms` (`id`,`file_id`,`require_id`,`user`,`createdate`,`modifydate`,`deletedate`) VALUES (UNHEX('64fe375f92ccd5fa05778da60a688cca'),UNHEX('e0aaccf52981023a9c3bd003d9b997e0'),UNHEX(''),UNHEX('e45fd2ee4e4a5167a99117a9be1876aa'),'2020-12-11 16:15:27','2020-12-11 16:15:27',NULL);
INSERT INTO `u7417506_dosyatakip`.`forms` (`id`,`file_id`,`require_id`,`user`,`createdate`,`modifydate`,`deletedate`) VALUES (UNHEX('00015c864d69058079299502fcf93ea5'),UNHEX('fbc2444ad6a586c8883c32634e7e6f43'),UNHEX(''),UNHEX('e45fd2ee4e4a5167a99117a9be1876aa'),'2020-12-11 16:19:43','2020-12-11 16:19:43',NULL);
INSERT INTO `u7417506_dosyatakip`.`forms` (`id`,`file_id`,`require_id`,`user`,`createdate`,`modifydate`,`deletedate`) VALUES (UNHEX('9da3391791f2d7fd3c24e9bb02f87999'),UNHEX('84e0cfa7f4e7643791020b88382b9e39'),UNHEX(''),UNHEX('e45fd2ee4e4a5167a99117a9be1876aa'),'2020-12-11 16:20:37','2020-12-11 16:20:37',NULL);
INSERT INTO `u7417506_dosyatakip`.`forms` (`id`,`file_id`,`require_id`,`user`,`createdate`,`modifydate`,`deletedate`) VALUES (UNHEX('29780cf94221086a77c905522f8629bb'),UNHEX('fc1e7d6456721941235a94969a2eca86'),UNHEX(''),UNHEX('e45fd2ee4e4a5167a99117a9be1876aa'),'2020-12-11 16:24:05','2020-12-11 16:24:05',NULL);
INSERT INTO `u7417506_dosyatakip`.`forms` (`id`,`file_id`,`require_id`,`user`,`createdate`,`modifydate`,`deletedate`) VALUES (UNHEX('86ca67fd73fa3c61bb663f78a4b9c1da'),UNHEX('08b61a78c20a81aa2c1c1185ede35a00'),UNHEX(''),UNHEX('e45fd2ee4e4a5167a99117a9be1876aa'),'2020-12-11 16:27:04','2020-12-11 16:27:04',NULL);
INSERT INTO `u7417506_dosyatakip`.`forms` (`id`,`file_id`,`require_id`,`user`,`createdate`,`modifydate`,`deletedate`) VALUES (UNHEX('167e796324877414efc02e0553e64309'),UNHEX('0c5256dc606d089492d8f54f33fe2c00'),UNHEX(''),UNHEX('e45fd2ee4e4a5167a99117a9be1876aa'),'2020-12-11 16:42:21','2020-12-11 16:42:21',NULL);
INSERT INTO `u7417506_dosyatakip`.`forms` (`id`,`file_id`,`require_id`,`user`,`createdate`,`modifydate`,`deletedate`) VALUES (UNHEX('153df901e9b9f7a6a2e067093cbd4b4f'),UNHEX('c7e70389eeb15f07426fa8a978d65a7f'),UNHEX(''),UNHEX('e45fd2ee4e4a5167a99117a9be1876aa'),'2020-12-11 16:48:22','2020-12-11 16:48:22',NULL);
INSERT INTO `u7417506_dosyatakip`.`forms` (`id`,`file_id`,`require_id`,`user`,`createdate`,`modifydate`,`deletedate`) VALUES (UNHEX('3fc4cded032df6879629d8c7ad8eeb6a'),UNHEX('f7fc010af3aa13498f4263496f90481a'),UNHEX(''),UNHEX('e45fd2ee4e4a5167a99117a9be1876aa'),'2020-12-11 16:54:40','2020-12-11 16:54:40',NULL);
INSERT INTO `u7417506_dosyatakip`.`forms` (`id`,`file_id`,`require_id`,`user`,`createdate`,`modifydate`,`deletedate`) VALUES (UNHEX('c89572becd20ffb711eb23f5a59c6771'),UNHEX('18abd9afb32dfc4a7b5978862016f234'),UNHEX(''),UNHEX('e45fd2ee4e4a5167a99117a9be1876aa'),'2020-12-11 16:57:39','2020-12-11 16:57:39',NULL);
INSERT INTO `u7417506_dosyatakip`.`forms` (`id`,`file_id`,`require_id`,`user`,`createdate`,`modifydate`,`deletedate`) VALUES (UNHEX('159cf5c32b7fdf76ce2825f7a199439b'),UNHEX('19e487c77cddcc17352729684095ee37'),UNHEX(''),UNHEX('e45fd2ee4e4a5167a99117a9be1876aa'),'2020-12-11 17:05:43','2020-12-11 17:05:43',NULL);
INSERT INTO `u7417506_dosyatakip`.`forms` (`id`,`file_id`,`require_id`,`user`,`createdate`,`modifydate`,`deletedate`) VALUES (UNHEX('e6703cdf20d4430c989c02ee43bc522c'),UNHEX('a9a09eaeb45835bd87759df2311c2805'),UNHEX(''),UNHEX('e45fd2ee4e4a5167a99117a9be1876aa'),'2020-12-11 17:08:50','2020-12-11 17:08:50',NULL);
INSERT INTO `u7417506_dosyatakip`.`forms` (`id`,`file_id`,`require_id`,`user`,`createdate`,`modifydate`,`deletedate`) VALUES (UNHEX('7d67eb59ff520c65e57ef56254fef42c'),UNHEX('07b6f13e8ec7cdbaa8ff44cb269f0e8d'),UNHEX(''),UNHEX('e45fd2ee4e4a5167a99117a9be1876aa'),'2020-12-11 17:12:57','2020-12-11 17:12:57',NULL);
INSERT INTO `u7417506_dosyatakip`.`forms` (`id`,`file_id`,`require_id`,`user`,`createdate`,`modifydate`,`deletedate`) VALUES (UNHEX('3baddb9dbc6148592eb6a6e110562211'),UNHEX('7a83df53b0becf6050cc53cfe2b41413'),UNHEX(''),UNHEX('e45fd2ee4e4a5167a99117a9be1876aa'),'2020-12-11 17:20:13','2020-12-11 17:20:13',NULL);
INSERT INTO `u7417506_dosyatakip`.`forms` (`id`,`file_id`,`require_id`,`user`,`createdate`,`modifydate`,`deletedate`) VALUES (UNHEX('c339bbd72990a6c7579897dddd3857c6'),UNHEX('4e6ce15eeece33fe7b58cd348814af7b'),UNHEX(''),UNHEX('e45fd2ee4e4a5167a99117a9be1876aa'),'2020-12-11 17:22:25','2020-12-11 17:22:25',NULL);
INSERT INTO `u7417506_dosyatakip`.`forms` (`id`,`file_id`,`require_id`,`user`,`createdate`,`modifydate`,`deletedate`) VALUES (UNHEX('81275d4772acd51ab664fd2ab6f0103c'),UNHEX('f77740b7cc9d1fc6aae55a903915942e'),UNHEX(''),UNHEX('e45fd2ee4e4a5167a99117a9be1876aa'),'2020-12-11 17:23:53','2020-12-11 17:23:53',NULL);
INSERT INTO `u7417506_dosyatakip`.`forms` (`id`,`file_id`,`require_id`,`user`,`createdate`,`modifydate`,`deletedate`) VALUES (UNHEX('3925dbbce50c27fd8658280ead0163c5'),UNHEX('c475b3d7fe0ef90acd830a30a1fa1689'),UNHEX(''),UNHEX('e45fd2ee4e4a5167a99117a9be1876aa'),'2020-12-11 17:26:59','2020-12-11 17:26:59',NULL);
INSERT INTO `u7417506_dosyatakip`.`forms` (`id`,`file_id`,`require_id`,`user`,`createdate`,`modifydate`,`deletedate`) VALUES (UNHEX('95127ac75c4aab271420ecaf13be4bfc'),UNHEX('f341c3190158fb310d694dd63f5eba03'),UNHEX(''),UNHEX('e45fd2ee4e4a5167a99117a9be1876aa'),'2020-12-11 17:29:26','2020-12-11 17:29:26',NULL);
INSERT INTO `u7417506_dosyatakip`.`forms` (`id`,`file_id`,`require_id`,`user`,`createdate`,`modifydate`,`deletedate`) VALUES (UNHEX('367017a430db93f09c35aa0fd86512bf'),UNHEX('1cd296262f89142ba28c6c4ec211313c'),UNHEX(''),UNHEX('e45fd2ee4e4a5167a99117a9be1876aa'),'2020-12-11 17:30:46','2020-12-11 17:30:46',NULL);
INSERT INTO `u7417506_dosyatakip`.`forms` (`id`,`file_id`,`require_id`,`user`,`createdate`,`modifydate`,`deletedate`) VALUES (UNHEX('0da164ac50c61386147086bdb0418ad8'),UNHEX('47fa86acf121c929dbfc82150bb0330d'),UNHEX(''),UNHEX('e45fd2ee4e4a5167a99117a9be1876aa'),'2020-12-11 17:32:18','2020-12-11 17:32:18',NULL);
INSERT INTO `u7417506_dosyatakip`.`forms` (`id`,`file_id`,`require_id`,`user`,`createdate`,`modifydate`,`deletedate`) VALUES (UNHEX('e11a67ed56d1884252ce0c93974e9b85'),UNHEX('96cfee752db0448fd330ae1b8b516f2d'),UNHEX(''),UNHEX('e45fd2ee4e4a5167a99117a9be1876aa'),'2020-12-11 17:33:59','2020-12-11 17:33:59',NULL);
INSERT INTO `u7417506_dosyatakip`.`forms` (`id`,`file_id`,`require_id`,`user`,`createdate`,`modifydate`,`deletedate`) VALUES (UNHEX('c926ea06c7e0b4e4660193168c459265'),UNHEX('1cde73362b2c1b0a60c9798a6ccf0919'),UNHEX(''),UNHEX('e45fd2ee4e4a5167a99117a9be1876aa'),'2020-12-11 17:38:08','2020-12-11 17:38:08',NULL);
INSERT INTO `u7417506_dosyatakip`.`forms` (`id`,`file_id`,`require_id`,`user`,`createdate`,`modifydate`,`deletedate`) VALUES (UNHEX('07ae498771b065cd61cbd52a9421b7e5'),UNHEX('79054766bf9666938917fd32154ed68e'),UNHEX(''),UNHEX('e45fd2ee4e4a5167a99117a9be1876aa'),'2020-12-11 17:43:37','2020-12-11 17:43:37',NULL);
INSERT INTO `u7417506_dosyatakip`.`forms` (`id`,`file_id`,`require_id`,`user`,`createdate`,`modifydate`,`deletedate`) VALUES (UNHEX('69fc45bcd18871348a906d0f98dd8310'),UNHEX('5c1d6f320f62261f2234fbe15fd79302'),UNHEX(''),UNHEX('e45fd2ee4e4a5167a99117a9be1876aa'),'2020-12-14 17:26:36','2020-12-14 17:26:36',NULL);
INSERT INTO `u7417506_dosyatakip`.`forms` (`id`,`file_id`,`require_id`,`user`,`createdate`,`modifydate`,`deletedate`) VALUES (UNHEX('e2a39d21ebfca8a66e64263c2dfc4d52'),UNHEX('e8ab4142272e4832d21cf168fa4ecfd1'),UNHEX(''),UNHEX('e45fd2ee4e4a5167a99117a9be1876aa'),'2020-12-14 17:26:44','2020-12-14 17:26:44',NULL);
INSERT INTO `u7417506_dosyatakip`.`forms` (`id`,`file_id`,`require_id`,`user`,`createdate`,`modifydate`,`deletedate`) VALUES (UNHEX('129f4453761871bd3b75d16103d11613'),UNHEX('0a344417e5268d6e190970c1035af34a'),UNHEX(''),UNHEX('e45fd2ee4e4a5167a99117a9be1876aa'),'2020-12-14 17:26:46','2020-12-14 17:26:46',NULL);
INSERT INTO `u7417506_dosyatakip`.`forms` (`id`,`file_id`,`require_id`,`user`,`createdate`,`modifydate`,`deletedate`) VALUES (UNHEX('9679e00ba2122cfe56643af4dfa08189'),UNHEX('7bdc42fc115855b9ab5120800f2a4b80'),UNHEX(''),UNHEX('e45fd2ee4e4a5167a99117a9be1876aa'),'2020-12-14 17:26:47','2020-12-14 17:26:47',NULL);
INSERT INTO `u7417506_dosyatakip`.`forms` (`id`,`file_id`,`require_id`,`user`,`createdate`,`modifydate`,`deletedate`) VALUES (UNHEX('42f78eafe0077999e6bf7bd5316fd403'),UNHEX('44b9d5f8c5513de4013d7f5c6b19a5d0'),UNHEX(''),UNHEX('e45fd2ee4e4a5167a99117a9be1876aa'),'2020-12-14 17:29:46','2020-12-14 17:29:46',NULL);
INSERT INTO `u7417506_dosyatakip`.`forms` (`id`,`file_id`,`require_id`,`user`,`createdate`,`modifydate`,`deletedate`) VALUES (UNHEX('afe46c16d6dc3d583d5d65be75d9fc46'),UNHEX('4a280a9aa034e7e09224a7ad505ec498'),UNHEX(''),UNHEX('e45fd2ee4e4a5167a99117a9be1876aa'),'2020-12-14 17:29:47','2020-12-14 17:29:47',NULL);
INSERT INTO `u7417506_dosyatakip`.`forms` (`id`,`file_id`,`require_id`,`user`,`createdate`,`modifydate`,`deletedate`) VALUES (UNHEX('476da35535a19987bdf494ced924f1dc'),UNHEX('6b929f380d993ff697e97c1adee43d69'),UNHEX(''),UNHEX('e45fd2ee4e4a5167a99117a9be1876aa'),'2020-12-14 17:29:55','2020-12-14 17:29:55',NULL);
INSERT INTO `u7417506_dosyatakip`.`forms` (`id`,`file_id`,`require_id`,`user`,`createdate`,`modifydate`,`deletedate`) VALUES (UNHEX('4ab3ba8c43022774a2030aefb05ea50d'),UNHEX('7e162aa13d21352b94fdb1fd083cfe7e'),UNHEX(''),UNHEX('e45fd2ee4e4a5167a99117a9be1876aa'),'2020-12-14 17:29:57','2020-12-14 17:29:57',NULL);
INSERT INTO `u7417506_dosyatakip`.`forms` (`id`,`file_id`,`require_id`,`user`,`createdate`,`modifydate`,`deletedate`) VALUES (UNHEX('33873cbc6a408c253a570ef7e5b65a13'),UNHEX('5070259f1ea4447923780eb6694e0887'),UNHEX(''),UNHEX('e45fd2ee4e4a5167a99117a9be1876aa'),'2020-12-14 17:30:23','2020-12-14 17:30:23',NULL);
INSERT INTO `u7417506_dosyatakip`.`forms` (`id`,`file_id`,`require_id`,`user`,`createdate`,`modifydate`,`deletedate`) VALUES (UNHEX('08813327c5ee9ba1542aa25d6d2b4472'),UNHEX('89a06a85f8ad77169876f17f823a011b'),UNHEX(''),UNHEX('e45fd2ee4e4a5167a99117a9be1876aa'),'2020-12-14 17:30:25','2020-12-14 17:30:25',NULL);
INSERT INTO `u7417506_dosyatakip`.`settings` (`name`,`value`,`createdate`,`modifydate`,`deletedate`) VALUES ('appname','FormTakip','2020-11-15 21:22:35','2020-11-15 21:22:36',NULL);
INSERT INTO `u7417506_dosyatakip`.`user` (`id`,`name`,`surname`,`password`,`role`,`acente_id`,`birthday`,`image`,`email`,`extra`,`createdate`,`deletedate`,`modifydate`) VALUES (UNHEX('13349a8a38be11709be1f6308c1e2295'),'Rıfat','kalay','45477d5e61015d7d6c1b0a31529e4d84','personel',UNHEX('00000000000000000000000000000000'),NULL,'2806584f7b72d145a1c0f888d515eca7.png','rifat_kalay58@gmail.com','','2020-11-24 14:32:06','2020-11-27 13:47:57','2020-11-24 14:32:06');
INSERT INTO `u7417506_dosyatakip`.`user` (`id`,`name`,`surname`,`password`,`role`,`acente_id`,`birthday`,`image`,`email`,`extra`,`createdate`,`deletedate`,`modifydate`) VALUES (UNHEX('2939a0b6843da113dd2999f6e20cbc07'),'Ayhan','GÜN','d48f761c9fbfbfc83793d270da71acc1','admin',UNHEX('00000000000000000000000000000000'),NULL,'c00ed1c9f1d361710e5441fd761ee396.png','ayhan.gun@hotmail.com','','2020-11-24 14:26:04','2020-11-27 13:47:02','2020-11-24 14:26:16');
INSERT INTO `u7417506_dosyatakip`.`user` (`id`,`name`,`surname`,`password`,`role`,`acente_id`,`birthday`,`image`,`email`,`extra`,`createdate`,`deletedate`,`modifydate`) VALUES (UNHEX('2dbac54d0cd70d924e053901be7c1975'),'Yaşar','ÖZKAN','70ac75b505363ee613123c61c6d07dea','kullanici',UNHEX('86a3bc863225834cf244dfcf7840c56f'),NULL,'','sivas@acente.com','','2020-11-24 14:32:31','2020-11-27 13:48:19','2020-11-24 14:32:31');
INSERT INTO `u7417506_dosyatakip`.`user` (`id`,`name`,`surname`,`password`,`role`,`acente_id`,`birthday`,`image`,`email`,`extra`,`createdate`,`deletedate`,`modifydate`) VALUES (UNHEX('a4fa877d9c9fbcfb2ad39eaa62c9f5ba'),'admin','admin','20036a9ec3a8751ae987e6b7afbcbd5e','admin',UNHEX('00000000000000000000000000000000'),NULL,'c0a62733776356ba131382891cf1d8e5.jpg','admin@admin.com','','2020-11-24 08:43:13',NULL,'2020-12-04 15:08:21');
INSERT INTO `u7417506_dosyatakip`.`user` (`id`,`name`,`surname`,`password`,`role`,`acente_id`,`birthday`,`image`,`email`,`extra`,`createdate`,`deletedate`,`modifydate`) VALUES (UNHEX('af9ef6b10f0fe1a3b6f39e758f03097d'),'A','Cengiz','6d64c44225c7e36d91af33fafe3ece1d','personel',UNHEX('00000000000000000000000000000000'),NULL,'000a1e8d27390bfda1df6642aefc7246.png','a.cengiz@gmail.com','','2020-11-24 14:31:07','2020-11-27 13:47:59','2020-11-24 14:31:07');
INSERT INTO `u7417506_dosyatakip`.`user` (`id`,`name`,`surname`,`password`,`role`,`acente_id`,`birthday`,`image`,`email`,`extra`,`createdate`,`deletedate`,`modifydate`) VALUES (UNHEX('b9c2876e3d84c004c2bb476fe6e34f30'),'A','Özdemir','ee55effc578699e492353d737b181325','personel',UNHEX('00000000000000000000000000000000'),NULL,'128eca507a63e4b620347478ffc194dc.png','a.ozdemir@gmail.com','','2020-11-24 14:31:36','2020-11-27 16:33:58','2020-11-24 14:31:36');
INSERT INTO `u7417506_dosyatakip`.`user` (`id`,`name`,`surname`,`password`,`role`,`acente_id`,`birthday`,`image`,`email`,`extra`,`createdate`,`deletedate`,`modifydate`) VALUES (UNHEX('e90f682506ea030bf4d55637502f82bf'),'Nimet','ÖZÇELEN','5195dacabbea185567e62b2bcdd6de7c','kullanici',UNHEX('11d8dbc5f4cfd1084da2c48d838c6ce1'),NULL,'','kayseri@acente.com','','2020-11-24 14:32:53','2020-11-27 13:48:21','2020-11-24 14:32:53');
INSERT INTO `u7417506_dosyatakip`.`user` (`id`,`name`,`surname`,`password`,`role`,`acente_id`,`birthday`,`image`,`email`,`extra`,`createdate`,`deletedate`,`modifydate`) VALUES (UNHEX('f803eb6037c38e5ed2688a5e8c57f01d'),'Gaye','DONUK','adad9c13083453576aae113363b240d6','admin',UNHEX('00000000000000000000000000000000'),NULL,'eb78e56096d635aa8c2453079bc6a021.png','gaye_donuk@hotmail.com','','2020-11-24 14:28:17','2020-11-27 13:47:00','2020-11-24 14:28:26');
INSERT INTO `u7417506_dosyatakip`.`user` (`id`,`name`,`surname`,`password`,`role`,`acente_id`,`birthday`,`image`,`email`,`extra`,`createdate`,`deletedate`,`modifydate`) VALUES (UNHEX('ffa7221607b9d99541d73b1ed3eaad7a'),'Günay','Bakırcı','e7e3bd39979b105c743d212b75d89cf4','admin',UNHEX('00000000000000000000000000000000'),NULL,'969f3aefdf670717e6f3f452404eb3a5.png','gunay.bakirci@hotmail.com','','2020-11-24 14:26:58','2020-11-27 13:46:57','2020-11-24 14:26:58');
INSERT INTO `u7417506_dosyatakip`.`user` (`id`,`name`,`surname`,`password`,`role`,`acente_id`,`birthday`,`image`,`email`,`extra`,`createdate`,`deletedate`,`modifydate`) VALUES (UNHEX('004ed586c5378cbd940a31c0f01b9a97'),'Mesut','Badem','e4c6a2be3b94d07ebebc6577a500b6c1','admin',UNHEX('00000000000000000000000000000000'),NULL,'46b1b2bf23111d2a3f0d3c96fa877a6d.jpeg','mesut@dogruarabuluculuk.com','','2020-11-27 16:15:43',NULL,'2020-11-27 16:15:43');
INSERT INTO `u7417506_dosyatakip`.`user` (`id`,`name`,`surname`,`password`,`role`,`acente_id`,`birthday`,`image`,`email`,`extra`,`createdate`,`deletedate`,`modifydate`) VALUES (UNHEX('3ad4e17021bdf6ccb708e26637651d55'),'konya','deneme','e10adc3949ba59abbe56e057f20f883e','kullanici',UNHEX('62465906f0ccf5ddac733ea86eacc061'),NULL,'','konya@dogruarabuluculuk.com','','2020-11-27 16:18:31','2020-12-03 13:30:13','2020-11-27 16:18:31');
INSERT INTO `u7417506_dosyatakip`.`user` (`id`,`name`,`surname`,`password`,`role`,`acente_id`,`birthday`,`image`,`email`,`extra`,`createdate`,`deletedate`,`modifydate`) VALUES (UNHEX('e45fd2ee4e4a5167a99117a9be1876aa'),'Aysun','Özer','e10adc3949ba59abbe56e057f20f883e','personel',UNHEX('00000000000000000000000000000000'),NULL,'','aysun@dogruarabuluculuk.com','','2020-11-27 16:32:28',NULL,'2020-11-27 16:32:28');
INSERT INTO `u7417506_dosyatakip`.`user` (`id`,`name`,`surname`,`password`,`role`,`acente_id`,`birthday`,`image`,`email`,`extra`,`createdate`,`deletedate`,`modifydate`) VALUES (UNHEX('c5306a3585dd5138bf7e4a8c71bbb963'),'Mecit ','Bilgiç','1acb3591de8d054c4d36a0f52b5dfdfa','admin',UNHEX('00000000000000000000000000000000'),NULL,'34facee8a7903b1b31473568caa02f3d.jpeg','mecit@dogruarabuluculuk.com','','2020-11-27 17:09:35',NULL,'2020-11-27 17:12:28');
INSERT INTO `u7417506_dosyatakip`.`user` (`id`,`name`,`surname`,`password`,`role`,`acente_id`,`birthday`,`image`,`email`,`extra`,`createdate`,`deletedate`,`modifydate`) VALUES (UNHEX('a4211e9ca6683d4382b0aafe582fc541'),'Mehmet Emin','Arpacı','e10adc3949ba59abbe56e057f20f883e','kullanici',UNHEX('fb4ae21e062fa3c50f836cf74d779573'),NULL,'','emin@dogruarabuluculuk.com','','2020-11-27 17:15:21','2020-12-03 13:30:10','2020-11-27 17:15:21');
INSERT INTO `u7417506_dosyatakip`.`user` (`id`,`name`,`surname`,`password`,`role`,`acente_id`,`birthday`,`image`,`email`,`extra`,`createdate`,`deletedate`,`modifydate`) VALUES (UNHEX('3dc3c26df2b2babdcc9533c10d90fe3c'),'Ömer','Tarı','d20f973077774a3fcdb353452f9b647a','admin',UNHEX('00000000000000000000000000000000'),NULL,'','omer@dogruarabuluculuk.com','','2020-11-27 17:37:36',NULL,'2020-11-27 17:37:36');
INSERT INTO `u7417506_dosyatakip`.`user` (`id`,`name`,`surname`,`password`,`role`,`acente_id`,`birthday`,`image`,`email`,`extra`,`createdate`,`deletedate`,`modifydate`) VALUES (UNHEX('dabcb94b4d54eaecdc5bb6d6917fb870'),'emre','dogan','e10adc3949ba59abbe56e057f20f883e','personel',UNHEX('00000000000000000000000000000000'),NULL,'','emre@dogruarabuluculuk.com','','2020-11-27 19:59:51','2020-12-03 13:27:44','2020-11-27 19:59:51');
INSERT INTO `u7417506_dosyatakip`.`user` (`id`,`name`,`surname`,`password`,`role`,`acente_id`,`birthday`,`image`,`email`,`extra`,`createdate`,`deletedate`,`modifydate`) VALUES (UNHEX('262081ce9bd67eff896324e65cab63ca'),'testavukat','testavukat','d013eecd1e63c4eb7317e2bc39d2ff22','avukat',UNHEX('00000000000000000000000000000000'),NULL,'','avukat@avukat.com','','2020-12-02 14:05:12','2020-12-03 13:27:17','2020-12-02 14:05:55');
INSERT INTO `u7417506_dosyatakip`.`user` (`id`,`name`,`surname`,`password`,`role`,`acente_id`,`birthday`,`image`,`email`,`extra`,`createdate`,`deletedate`,`modifydate`) VALUES (UNHEX('4b9a5dcef97c279fded0e89fe098a64d'),'Atakan','Cengiz','e10adc3949ba59abbe56e057f20f883e','avukat',UNHEX('00000000000000000000000000000000'),NULL,'','atakan@dogruarabuluculuk.com','','2020-12-03 13:25:11',NULL,'2020-12-03 13:25:11');
INSERT INTO `u7417506_dosyatakip`.`user` (`id`,`name`,`surname`,`password`,`role`,`acente_id`,`birthday`,`image`,`email`,`extra`,`createdate`,`deletedate`,`modifydate`) VALUES (UNHEX('81587627f25f5813d8ac0f3e8b62acd7'),'Erhan','Özdemir','e7a32fd5c708f22f9c81c5538b23c519','avukat',UNHEX('00000000000000000000000000000000'),NULL,'','erhan@dogruarabuluculuk.com','','2020-12-03 13:27:12',NULL,'2020-12-03 13:27:12');
INSERT INTO `u7417506_dosyatakip`.`user` (`id`,`name`,`surname`,`password`,`role`,`acente_id`,`birthday`,`image`,`email`,`extra`,`createdate`,`deletedate`,`modifydate`) VALUES (UNHEX('f757dcca11dca4e13228a6e6259408da'),'Türkan','Adıgüzel','e7a32fd5c708f22f9c81c5538b23c519','kullanici',UNHEX('c0c3ff36086b4b0708fc80f17a8e9f9c'),NULL,'','turkan@dogruarabuluculuk.com','','2020-12-03 13:30:02',NULL,'2020-12-03 13:30:02');
INSERT INTO `u7417506_dosyatakip`.`user` (`id`,`name`,`surname`,`password`,`role`,`acente_id`,`birthday`,`image`,`email`,`extra`,`createdate`,`deletedate`,`modifydate`) VALUES (UNHEX('365578f4f1e8983f3d7be6e9e1bd9900'),'eek','eeek','d2f2297d6e829cd3493aa7de4416a18f','personel',UNHEX(''),NULL,'','ee@ee.com','','2020-12-04 14:55:04','2020-12-04 14:55:14','2020-12-04 14:55:10');
INSERT INTO `u7417506_dosyatakip`.`user` (`id`,`name`,`surname`,`password`,`role`,`acente_id`,`birthday`,`image`,`email`,`extra`,`createdate`,`deletedate`,`modifydate`) VALUES (UNHEX('5d913968131cebb83cee7657083b107d'),'testk','testk','098f6bcd4621d373cade4e832627b4f6','avukat',UNHEX(''),NULL,'','test@test.com','','2020-12-04 14:55:39','2020-12-04 14:56:13','2020-12-04 14:56:09');
INSERT INTO `u7417506_dosyatakip`.`user` (`id`,`name`,`surname`,`password`,`role`,`acente_id`,`birthday`,`image`,`email`,`extra`,`createdate`,`deletedate`,`modifydate`) VALUES (UNHEX('e776d9afb0c2b061aacfe4c6125d1b46'),'testk','testk','f2fc2720249d97db37e2a5a3330baa4e','kullanici',UNHEX('c0c3ff36086b4b0708fc80f17a8e9f9c'),NULL,'','test@test.com','','2020-12-04 14:56:40',NULL,'2020-12-04 14:57:32');
INSERT INTO `u7417506_dosyatakip`.`user` (`id`,`name`,`surname`,`password`,`role`,`acente_id`,`birthday`,`image`,`email`,`extra`,`createdate`,`deletedate`,`modifydate`) VALUES (UNHEX('f0352d6cd30c79c5d4e3ed90b3e98e91'),'Hüseyin','Onur','e7a32fd5c708f22f9c81c5538b23c519','avukat',UNHEX(''),NULL,'','huseyin@dogruarabuluculuk.com','','2020-12-10 13:16:43',NULL,'2020-12-10 13:16:43');
INSERT INTO `u7417506_dosyatakip`.`user` (`id`,`name`,`surname`,`password`,`role`,`acente_id`,`birthday`,`image`,`email`,`extra`,`createdate`,`deletedate`,`modifydate`) VALUES (UNHEX('bcc1c20c29d730772b1636ccf148d5cd'),'Hakan','Kaymakcı','e10adc3949ba59abbe56e057f20f883e','avukat',UNHEX(''),NULL,'','hakan@dogruarabuluculuk.com','','2020-12-14 17:18:20',NULL,'2020-12-14 17:39:05');
INSERT INTO `u7417506_dosyatakip`.`values` (`id`,`formid`,`field`,`text`) VALUES (UNHEX('d43422ca5daac733bbe92402fe443c70'),UNHEX('0d18287b4e6d304131f3d67fb37aa9a9'),UNHEX('44a9c75c7e4763114699697a6307bd00'),'1A403E90179CEFCD582EBBA90D52D512');
INSERT INTO `u7417506_dosyatakip`.`values` (`id`,`formid`,`field`,`text`) VALUES (UNHEX('66e56a9cc8d74b3bdc58005330dc9ce2'),UNHEX('0d18287b4e6d304131f3d67fb37aa9a9'),UNHEX('0b6072368adb397a71b6a742d984eb8a'),'65762D7583D8C21AEDFAF3A8E6D43460');
INSERT INTO `u7417506_dosyatakip`.`values` (`id`,`formid`,`field`,`text`) VALUES (UNHEX('4275c651d40a5f4b0bffb2347d4e0284'),UNHEX('0d18287b4e6d304131f3d67fb37aa9a9'),UNHEX('f2d0e64de5f3425bad0811bfd26f8d81'),'CBD433A9C6934A1D18BEC4207ED1FD1C');
INSERT INTO `u7417506_dosyatakip`.`values` (`id`,`formid`,`field`,`text`) VALUES (UNHEX('2f453a1b56252761de9d4154449cfee8'),UNHEX('0d18287b4e6d304131f3d67fb37aa9a9'),UNHEX('eba9bfbf7bd43efae89813f1dac07bcd'),'2020-10-28');
INSERT INTO `u7417506_dosyatakip`.`values` (`id`,`formid`,`field`,`text`) VALUES (UNHEX('27de5bea9378d639f661c6f1712c81e4'),UNHEX('0d18287b4e6d304131f3d67fb37aa9a9'),UNHEX('4df05a2dae5fddf6b06cb7f9201427ab'),'2020-11-09');
INSERT INTO `u7417506_dosyatakip`.`values` (`id`,`formid`,`field`,`text`) VALUES (UNHEX('f4b920d9bb03e1185669ab7217ae07c8'),UNHEX('0d18287b4e6d304131f3d67fb37aa9a9'),UNHEX('059cc94c8260ad2c5162613daa2ef5a2'),'');
INSERT INTO `u7417506_dosyatakip`.`values` (`id`,`formid`,`field`,`text`) VALUES (UNHEX('7608fb7c8eb3136fbc687dbb13d28eeb'),UNHEX('0d18287b4e6d304131f3d67fb37aa9a9'),UNHEX('de359388539e4d1e2ad32756ed576fd6'),'');
INSERT INTO `u7417506_dosyatakip`.`values` (`id`,`formid`,`field`,`text`) VALUES (UNHEX('f3bbd4b53fb2d7297e53238778298d87'),UNHEX('0d18287b4e6d304131f3d67fb37aa9a9'),UNHEX('9ad70292ddac62f604f79c57e78896d9'),'ABDUL KADİR ATEŞ');
INSERT INTO `u7417506_dosyatakip`.`values` (`id`,`formid`,`field`,`text`) VALUES (UNHEX('70d5742e9255f968aee2d14dc8a860c6'),UNHEX('0d18287b4e6d304131f3d67fb37aa9a9'),UNHEX('21d25dcf24373baeb847f52815bbd746'),'76E09D7FD6E3DBA8342D64D1BBF61CE2');
INSERT INTO `u7417506_dosyatakip`.`values` (`id`,`formid`,`field`,`text`) VALUES (UNHEX('8634de160bdfa5692b10145f5a048ea5'),UNHEX('0d18287b4e6d304131f3d67fb37aa9a9'),UNHEX('166ef8d7bb247111578c2e1f6bb0c484'),'');
INSERT INTO `u7417506_dosyatakip`.`values` (`id`,`formid`,`field`,`text`) VALUES (UNHEX('6e65b84b22adb8dd3151584d6d243910'),UNHEX('0d18287b4e6d304131f3d67fb37aa9a9'),UNHEX('097a549f860f84424aedf9c75a6eeb59'),'');
INSERT INTO `u7417506_dosyatakip`.`values` (`id`,`formid`,`field`,`text`) VALUES (UNHEX('7044497cb3073769050b2fa3ecc96d73'),UNHEX('0d18287b4e6d304131f3d67fb37aa9a9'),UNHEX('a97169a98f9e367527ef3f39ec8dbc65'),'2015-11-05');
INSERT INTO `u7417506_dosyatakip`.`values` (`id`,`formid`,`field`,`text`) VALUES (UNHEX('a073a899dd1e6b685ba43e90fa739527'),UNHEX('d531a86a1979b29f9306e42fbb6efc8b'),UNHEX('44a9c75c7e4763114699697a6307bd00'),'1A403E90179CEFCD582EBBA90D52D512');
INSERT INTO `u7417506_dosyatakip`.`values` (`id`,`formid`,`field`,`text`) VALUES (UNHEX('316fd28d012eed0e5f5302f255d5131c'),UNHEX('d531a86a1979b29f9306e42fbb6efc8b'),UNHEX('0b6072368adb397a71b6a742d984eb8a'),'65762D7583D8C21AEDFAF3A8E6D43460');
INSERT INTO `u7417506_dosyatakip`.`values` (`id`,`formid`,`field`,`text`) VALUES (UNHEX('41f99c6dafef465b09b250cd17eef9bc'),UNHEX('d531a86a1979b29f9306e42fbb6efc8b'),UNHEX('f2d0e64de5f3425bad0811bfd26f8d81'),'CBD433A9C6934A1D18BEC4207ED1FD1C');
INSERT INTO `u7417506_dosyatakip`.`values` (`id`,`formid`,`field`,`text`) VALUES (UNHEX('33ad712d700f018754717b91e14d7a61'),UNHEX('d531a86a1979b29f9306e42fbb6efc8b'),UNHEX('eba9bfbf7bd43efae89813f1dac07bcd'),'2020-11-03');
INSERT INTO `u7417506_dosyatakip`.`values` (`id`,`formid`,`field`,`text`) VALUES (UNHEX('ab25929fa7eb4a9d0500fb2eaee7ef83'),UNHEX('d531a86a1979b29f9306e42fbb6efc8b'),UNHEX('4df05a2dae5fddf6b06cb7f9201427ab'),'');
INSERT INTO `u7417506_dosyatakip`.`values` (`id`,`formid`,`field`,`text`) VALUES (UNHEX('1338702babb01f01dd7ce842ead26f62'),UNHEX('d531a86a1979b29f9306e42fbb6efc8b'),UNHEX('059cc94c8260ad2c5162613daa2ef5a2'),'');
INSERT INTO `u7417506_dosyatakip`.`values` (`id`,`formid`,`field`,`text`) VALUES (UNHEX('2d1e7b880e79163ef11572f75db506c4'),UNHEX('d531a86a1979b29f9306e42fbb6efc8b'),UNHEX('de359388539e4d1e2ad32756ed576fd6'),'');
INSERT INTO `u7417506_dosyatakip`.`values` (`id`,`formid`,`field`,`text`) VALUES (UNHEX('f82a1784ae8a24d0af940e40611835da'),UNHEX('d531a86a1979b29f9306e42fbb6efc8b'),UNHEX('9ad70292ddac62f604f79c57e78896d9'),'AYŞE TEKİN');
INSERT INTO `u7417506_dosyatakip`.`values` (`id`,`formid`,`field`,`text`) VALUES (UNHEX('7941f0103b3b0d46a2f4d4cb9cf02666'),UNHEX('d531a86a1979b29f9306e42fbb6efc8b'),UNHEX('21d25dcf24373baeb847f52815bbd746'),'088AEA19D8B46036259C5BDD849EEF44');
INSERT INTO `u7417506_dosyatakip`.`values` (`id`,`formid`,`field`,`text`) VALUES (UNHEX('e7e423c6d10f51c1fcae302d27f4a94b'),UNHEX('d531a86a1979b29f9306e42fbb6efc8b'),UNHEX('166ef8d7bb247111578c2e1f6bb0c484'),'');
INSERT INTO `u7417506_dosyatakip`.`values` (`id`,`formid`,`field`,`text`) VALUES (UNHEX('23b7330f79c653acce8946222dbaf5bc'),UNHEX('d531a86a1979b29f9306e42fbb6efc8b'),UNHEX('097a549f860f84424aedf9c75a6eeb59'),'');
INSERT INTO `u7417506_dosyatakip`.`values` (`id`,`formid`,`field`,`text`) VALUES (UNHEX('683c1d4cfdce7737f5a0d853ff8b9d09'),UNHEX('d531a86a1979b29f9306e42fbb6efc8b'),UNHEX('a97169a98f9e367527ef3f39ec8dbc65'),'2020-10-17');
INSERT INTO `u7417506_dosyatakip`.`values` (`id`,`formid`,`field`,`text`) VALUES (UNHEX('03c29016737f64bfe27376901a1a4f2b'),UNHEX('0d18287b4e6d304131f3d67fb37aa9a9'),UNHEX('51e57a173e7ced7821a46b1bc326ceae'),'ABDUL KADİR ATEŞ');
INSERT INTO `u7417506_dosyatakip`.`values` (`id`,`formid`,`field`,`text`) VALUES (UNHEX('74c37f6bef804ef90b5baff1fae917bd'),UNHEX('7f065c5be581756caa14e165957fcf62'),UNHEX('44a9c75c7e4763114699697a6307bd00'),'1A403E90179CEFCD582EBBA90D52D512');
INSERT INTO `u7417506_dosyatakip`.`values` (`id`,`formid`,`field`,`text`) VALUES (UNHEX('24dd40a39f634d667dfcbaef3e67b0f2'),UNHEX('7f065c5be581756caa14e165957fcf62'),UNHEX('0b6072368adb397a71b6a742d984eb8a'),'7BEB50C6A8C7E85522722BB5A6677F7E');
INSERT INTO `u7417506_dosyatakip`.`values` (`id`,`formid`,`field`,`text`) VALUES (UNHEX('c3ce8a79ff06d7c9152cfbdc46120430'),UNHEX('7f065c5be581756caa14e165957fcf62'),UNHEX('f2d0e64de5f3425bad0811bfd26f8d81'),'CBD433A9C6934A1D18BEC4207ED1FD1C');
INSERT INTO `u7417506_dosyatakip`.`values` (`id`,`formid`,`field`,`text`) VALUES (UNHEX('806c795f3a932e587d29b76b237740d4'),UNHEX('7f065c5be581756caa14e165957fcf62'),UNHEX('eba9bfbf7bd43efae89813f1dac07bcd'),'2020-11-11');
INSERT INTO `u7417506_dosyatakip`.`values` (`id`,`formid`,`field`,`text`) VALUES (UNHEX('d95a9663d53904838559e25e17687a53'),UNHEX('7f065c5be581756caa14e165957fcf62'),UNHEX('4df05a2dae5fddf6b06cb7f9201427ab'),'');
INSERT INTO `u7417506_dosyatakip`.`values` (`id`,`formid`,`field`,`text`) VALUES (UNHEX('12b81c6ac74fe43eecc558e7a3ae9783'),UNHEX('7f065c5be581756caa14e165957fcf62'),UNHEX('059cc94c8260ad2c5162613daa2ef5a2'),'');
INSERT INTO `u7417506_dosyatakip`.`values` (`id`,`formid`,`field`,`text`) VALUES (UNHEX('04ed316712d759203959c60e6cb21ccf'),UNHEX('7f065c5be581756caa14e165957fcf62'),UNHEX('de359388539e4d1e2ad32756ed576fd6'),'');
INSERT INTO `u7417506_dosyatakip`.`values` (`id`,`formid`,`field`,`text`) VALUES (UNHEX('b787ebb1b0d65ecb017089c176de3489'),UNHEX('7f065c5be581756caa14e165957fcf62'),UNHEX('21d25dcf24373baeb847f52815bbd746'),'74174AEE618A6A6F4D8278E16A624577');
INSERT INTO `u7417506_dosyatakip`.`values` (`id`,`formid`,`field`,`text`) VALUES (UNHEX('02404925c4889391b89c3f1d5a109ed9'),UNHEX('7f065c5be581756caa14e165957fcf62'),UNHEX('166ef8d7bb247111578c2e1f6bb0c484'),'');
INSERT INTO `u7417506_dosyatakip`.`values` (`id`,`formid`,`field`,`text`) VALUES (UNHEX('290e11696ee2251d744dbaf5f0490175'),UNHEX('7f065c5be581756caa14e165957fcf62'),UNHEX('097a549f860f84424aedf9c75a6eeb59'),'');
INSERT INTO `u7417506_dosyatakip`.`values` (`id`,`formid`,`field`,`text`) VALUES (UNHEX('09b9b5f74e2ec5cc0611bc124f8aa847'),UNHEX('7f065c5be581756caa14e165957fcf62'),UNHEX('a97169a98f9e367527ef3f39ec8dbc65'),'2020-11-25');
INSERT INTO `u7417506_dosyatakip`.`values` (`id`,`formid`,`field`,`text`) VALUES (UNHEX('dfc40fe28a16018526fee5347db3603e'),UNHEX('122239265fa132f9a55519a621ce9b74'),UNHEX('44a9c75c7e4763114699697a6307bd00'),'1A403E90179CEFCD582EBBA90D52D512');
INSERT INTO `u7417506_dosyatakip`.`values` (`id`,`formid`,`field`,`text`) VALUES (UNHEX('c9f80811d43f128056a3da1bf0a72aa5'),UNHEX('122239265fa132f9a55519a621ce9b74'),UNHEX('0b6072368adb397a71b6a742d984eb8a'),'7BEB50C6A8C7E85522722BB5A6677F7E');
INSERT INTO `u7417506_dosyatakip`.`values` (`id`,`formid`,`field`,`text`) VALUES (UNHEX('0532bfa53a82575f089062948291a7be'),UNHEX('122239265fa132f9a55519a621ce9b74'),UNHEX('f2d0e64de5f3425bad0811bfd26f8d81'),'CBD433A9C6934A1D18BEC4207ED1FD1C');
INSERT INTO `u7417506_dosyatakip`.`values` (`id`,`formid`,`field`,`text`) VALUES (UNHEX('e8b6f297f36ecae00e5d821d63b639e6'),UNHEX('122239265fa132f9a55519a621ce9b74'),UNHEX('eba9bfbf7bd43efae89813f1dac07bcd'),'2020-10-30');
INSERT INTO `u7417506_dosyatakip`.`values` (`id`,`formid`,`field`,`text`) VALUES (UNHEX('22e40270d3446bd884cc4a2c68f6f890'),UNHEX('122239265fa132f9a55519a621ce9b74'),UNHEX('4df05a2dae5fddf6b06cb7f9201427ab'),'');
INSERT INTO `u7417506_dosyatakip`.`values` (`id`,`formid`,`field`,`text`) VALUES (UNHEX('72dae46efcb80f52154a0366c89a7164'),UNHEX('122239265fa132f9a55519a621ce9b74'),UNHEX('059cc94c8260ad2c5162613daa2ef5a2'),'');
INSERT INTO `u7417506_dosyatakip`.`values` (`id`,`formid`,`field`,`text`) VALUES (UNHEX('5afb82e2d99346faf1fc0d0a1d862f54'),UNHEX('122239265fa132f9a55519a621ce9b74'),UNHEX('de359388539e4d1e2ad32756ed576fd6'),'');
INSERT INTO `u7417506_dosyatakip`.`values` (`id`,`formid`,`field`,`text`) VALUES (UNHEX('0c6d21c177fedebed112c59d5695eebb'),UNHEX('122239265fa132f9a55519a621ce9b74'),UNHEX('21d25dcf24373baeb847f52815bbd746'),'BC3CDFD28EFCF61816A48306EBD4A98F');
INSERT INTO `u7417506_dosyatakip`.`values` (`id`,`formid`,`field`,`text`) VALUES (UNHEX('1f63a9858e09b36beea75d17f82c5502'),UNHEX('122239265fa132f9a55519a621ce9b74'),UNHEX('166ef8d7bb247111578c2e1f6bb0c484'),'');
INSERT INTO `u7417506_dosyatakip`.`values` (`id`,`formid`,`field`,`text`) VALUES (UNHEX('79bf62f7259d99a2e7902b53e196760a'),UNHEX('122239265fa132f9a55519a621ce9b74'),UNHEX('097a549f860f84424aedf9c75a6eeb59'),'');
INSERT INTO `u7417506_dosyatakip`.`values` (`id`,`formid`,`field`,`text`) VALUES (UNHEX('7ba593e2065edf9e60ac734860737afd'),UNHEX('122239265fa132f9a55519a621ce9b74'),UNHEX('a97169a98f9e367527ef3f39ec8dbc65'),'2018-07-29');
INSERT INTO `u7417506_dosyatakip`.`values` (`id`,`formid`,`field`,`text`) VALUES (UNHEX('4fdb5360df8ecdb97d5e8c9fc93bea1b'),UNHEX('0398124b7341b8f3b454bb28a5f5fa37'),UNHEX('44a9c75c7e4763114699697a6307bd00'),'1A403E90179CEFCD582EBBA90D52D512');
INSERT INTO `u7417506_dosyatakip`.`values` (`id`,`formid`,`field`,`text`) VALUES (UNHEX('8e7c48e3fed50a411920a2e08e7c4e32'),UNHEX('0398124b7341b8f3b454bb28a5f5fa37'),UNHEX('0b6072368adb397a71b6a742d984eb8a'),'65762D7583D8C21AEDFAF3A8E6D43460');
INSERT INTO `u7417506_dosyatakip`.`values` (`id`,`formid`,`field`,`text`) VALUES (UNHEX('572707a7d0bf342b3aa315463b81b275'),UNHEX('0398124b7341b8f3b454bb28a5f5fa37'),UNHEX('f2d0e64de5f3425bad0811bfd26f8d81'),'CBD433A9C6934A1D18BEC4207ED1FD1C');
INSERT INTO `u7417506_dosyatakip`.`values` (`id`,`formid`,`field`,`text`) VALUES (UNHEX('4ee48782ac93011f6abfc1d1a0687a77'),UNHEX('0398124b7341b8f3b454bb28a5f5fa37'),UNHEX('eba9bfbf7bd43efae89813f1dac07bcd'),'2020-10-30');
INSERT INTO `u7417506_dosyatakip`.`values` (`id`,`formid`,`field`,`text`) VALUES (UNHEX('502978b046165058e677cba090854615'),UNHEX('0398124b7341b8f3b454bb28a5f5fa37'),UNHEX('4df05a2dae5fddf6b06cb7f9201427ab'),'');
INSERT INTO `u7417506_dosyatakip`.`values` (`id`,`formid`,`field`,`text`) VALUES (UNHEX('8f1ee4e6ebf22737e1f62e138840bf45'),UNHEX('0398124b7341b8f3b454bb28a5f5fa37'),UNHEX('059cc94c8260ad2c5162613daa2ef5a2'),'');
INSERT INTO `u7417506_dosyatakip`.`values` (`id`,`formid`,`field`,`text`) VALUES (UNHEX('51151112ddbb4dd0aa705e9bd86e98ac'),UNHEX('0398124b7341b8f3b454bb28a5f5fa37'),UNHEX('de359388539e4d1e2ad32756ed576fd6'),'');
INSERT INTO `u7417506_dosyatakip`.`values` (`id`,`formid`,`field`,`text`) VALUES (UNHEX('eec49516bf20983a5e760e2da576648d'),UNHEX('0398124b7341b8f3b454bb28a5f5fa37'),UNHEX('21d25dcf24373baeb847f52815bbd746'),'BC3CDFD28EFCF61816A48306EBD4A98F');
INSERT INTO `u7417506_dosyatakip`.`values` (`id`,`formid`,`field`,`text`) VALUES (UNHEX('1a34d1548b457c6e439b06a294c1cf6a'),UNHEX('0398124b7341b8f3b454bb28a5f5fa37'),UNHEX('166ef8d7bb247111578c2e1f6bb0c484'),'');
INSERT INTO `u7417506_dosyatakip`.`values` (`id`,`formid`,`field`,`text`) VALUES (UNHEX('b82a39b824fc9dd883508dd9c67dc4fe'),UNHEX('0398124b7341b8f3b454bb28a5f5fa37'),UNHEX('097a549f860f84424aedf9c75a6eeb59'),'');
INSERT INTO `u7417506_dosyatakip`.`values` (`id`,`formid`,`field`,`text`) VALUES (UNHEX('fb4ea2707dee5bde9fd938dcea323786'),UNHEX('0398124b7341b8f3b454bb28a5f5fa37'),UNHEX('a97169a98f9e367527ef3f39ec8dbc65'),'2018-07-29');
INSERT INTO `u7417506_dosyatakip`.`values` (`id`,`formid`,`field`,`text`) VALUES (UNHEX('c72c97e0d040f8b53e726f4477090763'),UNHEX('1d4434efc46bbef70861b31214f7af4f'),UNHEX('44a9c75c7e4763114699697a6307bd00'),'1A403E90179CEFCD582EBBA90D52D512');
INSERT INTO `u7417506_dosyatakip`.`values` (`id`,`formid`,`field`,`text`) VALUES (UNHEX('6df79bd09086c4e22367b7838a2cad0e'),UNHEX('1d4434efc46bbef70861b31214f7af4f'),UNHEX('0b6072368adb397a71b6a742d984eb8a'),'65762D7583D8C21AEDFAF3A8E6D43460');
INSERT INTO `u7417506_dosyatakip`.`values` (`id`,`formid`,`field`,`text`) VALUES (UNHEX('5f6c12bb600e99772cfede593dcfe0eb'),UNHEX('1d4434efc46bbef70861b31214f7af4f'),UNHEX('f2d0e64de5f3425bad0811bfd26f8d81'),'CBD433A9C6934A1D18BEC4207ED1FD1C');
INSERT INTO `u7417506_dosyatakip`.`values` (`id`,`formid`,`field`,`text`) VALUES (UNHEX('989fb398d3117e4514863dd1f5a69ef6'),UNHEX('1d4434efc46bbef70861b31214f7af4f'),UNHEX('eba9bfbf7bd43efae89813f1dac07bcd'),'2020-10-30');
INSERT INTO `u7417506_dosyatakip`.`values` (`id`,`formid`,`field`,`text`) VALUES (UNHEX('a0cf3e91710fda42340aba81b60c399d'),UNHEX('1d4434efc46bbef70861b31214f7af4f'),UNHEX('4df05a2dae5fddf6b06cb7f9201427ab'),'');
INSERT INTO `u7417506_dosyatakip`.`values` (`id`,`formid`,`field`,`text`) VALUES (UNHEX('41ca041c865d7d8c03e9754aeb88bcdd'),UNHEX('1d4434efc46bbef70861b31214f7af4f'),UNHEX('059cc94c8260ad2c5162613daa2ef5a2'),'');
INSERT INTO `u7417506_dosyatakip`.`values` (`id`,`formid`,`field`,`text`) VALUES (UNHEX('a5641964144b91df4d6e35eaf1011461'),UNHEX('1d4434efc46bbef70861b31214f7af4f'),UNHEX('de359388539e4d1e2ad32756ed576fd6'),'');
INSERT INTO `u7417506_dosyatakip`.`values` (`id`,`formid`,`field`,`text`) VALUES (UNHEX('e0a8e78907fa4e86264d7371d67951f0'),UNHEX('1d4434efc46bbef70861b31214f7af4f'),UNHEX('21d25dcf24373baeb847f52815bbd746'),'BC3CDFD28EFCF61816A48306EBD4A98F');
INSERT INTO `u7417506_dosyatakip`.`values` (`id`,`formid`,`field`,`text`) VALUES (UNHEX('9c94284734a1fac2b8d2ace21b5cab95'),UNHEX('1d4434efc46bbef70861b31214f7af4f'),UNHEX('166ef8d7bb247111578c2e1f6bb0c484'),'');
INSERT INTO `u7417506_dosyatakip`.`values` (`id`,`formid`,`field`,`text`) VALUES (UNHEX('ba1763e2b0b3b44db8891884be488b6f'),UNHEX('1d4434efc46bbef70861b31214f7af4f'),UNHEX('097a549f860f84424aedf9c75a6eeb59'),'');
INSERT INTO `u7417506_dosyatakip`.`values` (`id`,`formid`,`field`,`text`) VALUES (UNHEX('0fb339d8e45e30f4c54725206a02f251'),UNHEX('1d4434efc46bbef70861b31214f7af4f'),UNHEX('a97169a98f9e367527ef3f39ec8dbc65'),'2018-07-29');
INSERT INTO `u7417506_dosyatakip`.`values` (`id`,`formid`,`field`,`text`) VALUES (UNHEX('389b14c4784df39ccb34c4b82df64056'),UNHEX('a73949486456c63e7231dd8e5c3535ab'),UNHEX('44a9c75c7e4763114699697a6307bd00'),'1A403E90179CEFCD582EBBA90D52D512');
INSERT INTO `u7417506_dosyatakip`.`values` (`id`,`formid`,`field`,`text`) VALUES (UNHEX('bf014d36f14fc264981ed3fa90392a48'),UNHEX('a73949486456c63e7231dd8e5c3535ab'),UNHEX('0b6072368adb397a71b6a742d984eb8a'),'65762D7583D8C21AEDFAF3A8E6D43460');
INSERT INTO `u7417506_dosyatakip`.`values` (`id`,`formid`,`field`,`text`) VALUES (UNHEX('200de811ac9c9f224feebf9b5d9852e4'),UNHEX('a73949486456c63e7231dd8e5c3535ab'),UNHEX('f2d0e64de5f3425bad0811bfd26f8d81'),'CBD433A9C6934A1D18BEC4207ED1FD1C');
INSERT INTO `u7417506_dosyatakip`.`values` (`id`,`formid`,`field`,`text`) VALUES (UNHEX('5baf5e3a0e2ed90484a14e424fbd203b'),UNHEX('a73949486456c63e7231dd8e5c3535ab'),UNHEX('eba9bfbf7bd43efae89813f1dac07bcd'),'2020-10-30');
INSERT INTO `u7417506_dosyatakip`.`values` (`id`,`formid`,`field`,`text`) VALUES (UNHEX('87a2858e148a705a53a2556c12c8204d'),UNHEX('a73949486456c63e7231dd8e5c3535ab'),UNHEX('4df05a2dae5fddf6b06cb7f9201427ab'),'');
INSERT INTO `u7417506_dosyatakip`.`values` (`id`,`formid`,`field`,`text`) VALUES (UNHEX('867348d7abf482730c45af886451bf91'),UNHEX('a73949486456c63e7231dd8e5c3535ab'),UNHEX('059cc94c8260ad2c5162613daa2ef5a2'),'');
INSERT INTO `u7417506_dosyatakip`.`values` (`id`,`formid`,`field`,`text`) VALUES (UNHEX('2e8dc4fcfa94990493aadd81bf162868'),UNHEX('a73949486456c63e7231dd8e5c3535ab'),UNHEX('de359388539e4d1e2ad32756ed576fd6'),'');
INSERT INTO `u7417506_dosyatakip`.`values` (`id`,`formid`,`field`,`text`) VALUES (UNHEX('a24c2a1e584f7b4859e2e8abab4872cb'),UNHEX('a73949486456c63e7231dd8e5c3535ab'),UNHEX('21d25dcf24373baeb847f52815bbd746'),'BC3CDFD28EFCF61816A48306EBD4A98F');
INSERT INTO `u7417506_dosyatakip`.`values` (`id`,`formid`,`field`,`text`) VALUES (UNHEX('31df8b64e36aa8130730f97ca11971a8'),UNHEX('a73949486456c63e7231dd8e5c3535ab'),UNHEX('166ef8d7bb247111578c2e1f6bb0c484'),'');
INSERT INTO `u7417506_dosyatakip`.`values` (`id`,`formid`,`field`,`text`) VALUES (UNHEX('9b5dfd7bebb51f723be0abff364080a2'),UNHEX('a73949486456c63e7231dd8e5c3535ab'),UNHEX('097a549f860f84424aedf9c75a6eeb59'),'');
INSERT INTO `u7417506_dosyatakip`.`values` (`id`,`formid`,`field`,`text`) VALUES (UNHEX('e5afaa97c9d12a46935bf935d0d4bec8'),UNHEX('a73949486456c63e7231dd8e5c3535ab'),UNHEX('a97169a98f9e367527ef3f39ec8dbc65'),'2018-07-29');
INSERT INTO `u7417506_dosyatakip`.`values` (`id`,`formid`,`field`,`text`) VALUES (UNHEX('a48ec42b84047384309b2c0afcacf2e9'),UNHEX('8ef26010b6e00d6242cead17cc32de80'),UNHEX('44a9c75c7e4763114699697a6307bd00'),'1A403E90179CEFCD582EBBA90D52D512');
INSERT INTO `u7417506_dosyatakip`.`values` (`id`,`formid`,`field`,`text`) VALUES (UNHEX('057157aa8a46c5bf8f06fb18676b732a'),UNHEX('8ef26010b6e00d6242cead17cc32de80'),UNHEX('0b6072368adb397a71b6a742d984eb8a'),'65762D7583D8C21AEDFAF3A8E6D43460');
INSERT INTO `u7417506_dosyatakip`.`values` (`id`,`formid`,`field`,`text`) VALUES (UNHEX('dd3a561aafe12c45c8a4c84868ba9714'),UNHEX('8ef26010b6e00d6242cead17cc32de80'),UNHEX('f2d0e64de5f3425bad0811bfd26f8d81'),'CBD433A9C6934A1D18BEC4207ED1FD1C');
INSERT INTO `u7417506_dosyatakip`.`values` (`id`,`formid`,`field`,`text`) VALUES (UNHEX('edaceb912b4fcc43597b6e2e9e849923'),UNHEX('8ef26010b6e00d6242cead17cc32de80'),UNHEX('eba9bfbf7bd43efae89813f1dac07bcd'),'2020-09-11');
INSERT INTO `u7417506_dosyatakip`.`values` (`id`,`formid`,`field`,`text`) VALUES (UNHEX('9b3c0c68d91b4c80bf49869251b36349'),UNHEX('8ef26010b6e00d6242cead17cc32de80'),UNHEX('4df05a2dae5fddf6b06cb7f9201427ab'),'');
INSERT INTO `u7417506_dosyatakip`.`values` (`id`,`formid`,`field`,`text`) VALUES (UNHEX('b7eb9eceadaf23625a881bcf44e7189d'),UNHEX('8ef26010b6e00d6242cead17cc32de80'),UNHEX('059cc94c8260ad2c5162613daa2ef5a2'),'');
INSERT INTO `u7417506_dosyatakip`.`values` (`id`,`formid`,`field`,`text`) VALUES (UNHEX('35d0a01787dc36a9c7b17ede95e34d8a'),UNHEX('8ef26010b6e00d6242cead17cc32de80'),UNHEX('de359388539e4d1e2ad32756ed576fd6'),'');
INSERT INTO `u7417506_dosyatakip`.`values` (`id`,`formid`,`field`,`text`) VALUES (UNHEX('cb8f20939640ad0397ecbe259de09f96'),UNHEX('8ef26010b6e00d6242cead17cc32de80'),UNHEX('21d25dcf24373baeb847f52815bbd746'),'Seçin');
INSERT INTO `u7417506_dosyatakip`.`values` (`id`,`formid`,`field`,`text`) VALUES (UNHEX('b761a7f085e3cf6cff43ae8ffcf77144'),UNHEX('8ef26010b6e00d6242cead17cc32de80'),UNHEX('166ef8d7bb247111578c2e1f6bb0c484'),'');
INSERT INTO `u7417506_dosyatakip`.`values` (`id`,`formid`,`field`,`text`) VALUES (UNHEX('c5c8acde43e4ecf1092677c38d40221a'),UNHEX('8ef26010b6e00d6242cead17cc32de80'),UNHEX('097a549f860f84424aedf9c75a6eeb59'),'');
INSERT INTO `u7417506_dosyatakip`.`values` (`id`,`formid`,`field`,`text`) VALUES (UNHEX('394b7958702ec6a152195726bf6ac199'),UNHEX('8ef26010b6e00d6242cead17cc32de80'),UNHEX('a97169a98f9e367527ef3f39ec8dbc65'),'');
INSERT INTO `u7417506_dosyatakip`.`values` (`id`,`formid`,`field`,`text`) VALUES (UNHEX('17b471fe4c4123859dcbee07343e9d0b'),UNHEX('d7e07758746390b3b3ded0f1ffd1371d'),UNHEX('44a9c75c7e4763114699697a6307bd00'),'1A403E90179CEFCD582EBBA90D52D512');
INSERT INTO `u7417506_dosyatakip`.`values` (`id`,`formid`,`field`,`text`) VALUES (UNHEX('a9bbc86bf2338f7d5484e70f2bd35a7b'),UNHEX('d7e07758746390b3b3ded0f1ffd1371d'),UNHEX('0b6072368adb397a71b6a742d984eb8a'),'7BEB50C6A8C7E85522722BB5A6677F7E');
INSERT INTO `u7417506_dosyatakip`.`values` (`id`,`formid`,`field`,`text`) VALUES (UNHEX('1cc28f376ac7fd31340957d0e19a19e1'),UNHEX('d7e07758746390b3b3ded0f1ffd1371d'),UNHEX('f2d0e64de5f3425bad0811bfd26f8d81'),'CBD433A9C6934A1D18BEC4207ED1FD1C');
INSERT INTO `u7417506_dosyatakip`.`values` (`id`,`formid`,`field`,`text`) VALUES (UNHEX('27d5a5ca817e4165e034d84bc3123726'),UNHEX('d7e07758746390b3b3ded0f1ffd1371d'),UNHEX('eba9bfbf7bd43efae89813f1dac07bcd'),'2020-11-10');
INSERT INTO `u7417506_dosyatakip`.`values` (`id`,`formid`,`field`,`text`) VALUES (UNHEX('2dd170da85da309b436f2469c04c01d8'),UNHEX('d7e07758746390b3b3ded0f1ffd1371d'),UNHEX('4df05a2dae5fddf6b06cb7f9201427ab'),'');
INSERT INTO `u7417506_dosyatakip`.`values` (`id`,`formid`,`field`,`text`) VALUES (UNHEX('9bc5296cac556b7cf0510e264a91170f'),UNHEX('d7e07758746390b3b3ded0f1ffd1371d'),UNHEX('059cc94c8260ad2c5162613daa2ef5a2'),'');
INSERT INTO `u7417506_dosyatakip`.`values` (`id`,`formid`,`field`,`text`) VALUES (UNHEX('1c3d25d0166e2e6af4a017af57a88af5'),UNHEX('d7e07758746390b3b3ded0f1ffd1371d'),UNHEX('de359388539e4d1e2ad32756ed576fd6'),'');
INSERT INTO `u7417506_dosyatakip`.`values` (`id`,`formid`,`field`,`text`) VALUES (UNHEX('2b960da0fd06f230b698d71e0fdf4b46'),UNHEX('d7e07758746390b3b3ded0f1ffd1371d'),UNHEX('21d25dcf24373baeb847f52815bbd746'),'955C2CA1B2A3DCAEE07DE11EA31D7B1D');
INSERT INTO `u7417506_dosyatakip`.`values` (`id`,`formid`,`field`,`text`) VALUES (UNHEX('9e47ffe41650f52f8ba693c1738715fc'),UNHEX('d7e07758746390b3b3ded0f1ffd1371d'),UNHEX('166ef8d7bb247111578c2e1f6bb0c484'),'');
INSERT INTO `u7417506_dosyatakip`.`values` (`id`,`formid`,`field`,`text`) VALUES (UNHEX('82a663b15ea05075f9c2e1235f2cafe0'),UNHEX('d7e07758746390b3b3ded0f1ffd1371d'),UNHEX('097a549f860f84424aedf9c75a6eeb59'),'');
INSERT INTO `u7417506_dosyatakip`.`values` (`id`,`formid`,`field`,`text`) VALUES (UNHEX('3a077cf46d2dbb86c4276fdeb49296ee'),UNHEX('d7e07758746390b3b3ded0f1ffd1371d'),UNHEX('a97169a98f9e367527ef3f39ec8dbc65'),'2018-03-12');
INSERT INTO `u7417506_dosyatakip`.`values` (`id`,`formid`,`field`,`text`) VALUES (UNHEX('60abd81120ad6c6330f2136c868f7c06'),UNHEX('8104f4cdcf8dfed0a63b49424d79258c'),UNHEX('44a9c75c7e4763114699697a6307bd00'),'1A403E90179CEFCD582EBBA90D52D512');
INSERT INTO `u7417506_dosyatakip`.`values` (`id`,`formid`,`field`,`text`) VALUES (UNHEX('b34c86e30eb67a8b499c284132cf80f6'),UNHEX('8104f4cdcf8dfed0a63b49424d79258c'),UNHEX('0b6072368adb397a71b6a742d984eb8a'),'65762D7583D8C21AEDFAF3A8E6D43460');
INSERT INTO `u7417506_dosyatakip`.`values` (`id`,`formid`,`field`,`text`) VALUES (UNHEX('5077c95a7129a202dc763490e85280ea'),UNHEX('8104f4cdcf8dfed0a63b49424d79258c'),UNHEX('f2d0e64de5f3425bad0811bfd26f8d81'),'CBD433A9C6934A1D18BEC4207ED1FD1C');
INSERT INTO `u7417506_dosyatakip`.`values` (`id`,`formid`,`field`,`text`) VALUES (UNHEX('e404d650e1f7edd4a683f498185d5da9'),UNHEX('8104f4cdcf8dfed0a63b49424d79258c'),UNHEX('eba9bfbf7bd43efae89813f1dac07bcd'),'2020-11-12');
INSERT INTO `u7417506_dosyatakip`.`values` (`id`,`formid`,`field`,`text`) VALUES (UNHEX('e3eb250d43571b130311b2e66e51f6b6'),UNHEX('8104f4cdcf8dfed0a63b49424d79258c'),UNHEX('4df05a2dae5fddf6b06cb7f9201427ab'),'2020-12-10');
INSERT INTO `u7417506_dosyatakip`.`values` (`id`,`formid`,`field`,`text`) VALUES (UNHEX('5e3dc2406a4d8af70e87b38101e206a8'),UNHEX('8104f4cdcf8dfed0a63b49424d79258c'),UNHEX('059cc94c8260ad2c5162613daa2ef5a2'),'');
INSERT INTO `u7417506_dosyatakip`.`values` (`id`,`formid`,`field`,`text`) VALUES (UNHEX('bd69b3f6b2ad7187e8a418527bdd5a62'),UNHEX('8104f4cdcf8dfed0a63b49424d79258c'),UNHEX('de359388539e4d1e2ad32756ed576fd6'),'');
INSERT INTO `u7417506_dosyatakip`.`values` (`id`,`formid`,`field`,`text`) VALUES (UNHEX('06fd20723835dfd3d185f6f6dd9227e1'),UNHEX('8104f4cdcf8dfed0a63b49424d79258c'),UNHEX('21d25dcf24373baeb847f52815bbd746'),'Seçin');
INSERT INTO `u7417506_dosyatakip`.`values` (`id`,`formid`,`field`,`text`) VALUES (UNHEX('78e4780ab7a87e1060deb14726c0e95e'),UNHEX('8104f4cdcf8dfed0a63b49424d79258c'),UNHEX('166ef8d7bb247111578c2e1f6bb0c484'),'');
INSERT INTO `u7417506_dosyatakip`.`values` (`id`,`formid`,`field`,`text`) VALUES (UNHEX('7eb06c088fd321ff88c6a29df06ff523'),UNHEX('8104f4cdcf8dfed0a63b49424d79258c'),UNHEX('097a549f860f84424aedf9c75a6eeb59'),'');
INSERT INTO `u7417506_dosyatakip`.`values` (`id`,`formid`,`field`,`text`) VALUES (UNHEX('6e2e43aad32c9a9daaf1e4e330ae6696'),UNHEX('8104f4cdcf8dfed0a63b49424d79258c'),UNHEX('a97169a98f9e367527ef3f39ec8dbc65'),'2018-04-22');
INSERT INTO `u7417506_dosyatakip`.`values` (`id`,`formid`,`field`,`text`) VALUES (UNHEX('0a34675e286dcfd831a6c6812ed41e49'),UNHEX('0148efef7b496ea5462105f4e88270b8'),UNHEX('44a9c75c7e4763114699697a6307bd00'),'1A403E90179CEFCD582EBBA90D52D512');
INSERT INTO `u7417506_dosyatakip`.`values` (`id`,`formid`,`field`,`text`) VALUES (UNHEX('adc6ffef132726e68c8c371b2bbb29c9'),UNHEX('0148efef7b496ea5462105f4e88270b8'),UNHEX('0b6072368adb397a71b6a742d984eb8a'),'65762D7583D8C21AEDFAF3A8E6D43460');
INSERT INTO `u7417506_dosyatakip`.`values` (`id`,`formid`,`field`,`text`) VALUES (UNHEX('ab60746f26bbc26c37609b257a6df067'),UNHEX('0148efef7b496ea5462105f4e88270b8'),UNHEX('f2d0e64de5f3425bad0811bfd26f8d81'),'CBD433A9C6934A1D18BEC4207ED1FD1C');
INSERT INTO `u7417506_dosyatakip`.`values` (`id`,`formid`,`field`,`text`) VALUES (UNHEX('fa862d674112a06210ee5b3cf55865d6'),UNHEX('0148efef7b496ea5462105f4e88270b8'),UNHEX('eba9bfbf7bd43efae89813f1dac07bcd'),'2020-11-16');
INSERT INTO `u7417506_dosyatakip`.`values` (`id`,`formid`,`field`,`text`) VALUES (UNHEX('af39574aca33f7858b6ce3705a169b20'),UNHEX('0148efef7b496ea5462105f4e88270b8'),UNHEX('4df05a2dae5fddf6b06cb7f9201427ab'),'');
INSERT INTO `u7417506_dosyatakip`.`values` (`id`,`formid`,`field`,`text`) VALUES (UNHEX('c5b259aed21b04b00cca03623cb255fc'),UNHEX('0148efef7b496ea5462105f4e88270b8'),UNHEX('059cc94c8260ad2c5162613daa2ef5a2'),'');
INSERT INTO `u7417506_dosyatakip`.`values` (`id`,`formid`,`field`,`text`) VALUES (UNHEX('876e6e2046d741ba75f4ea681552c05e'),UNHEX('0148efef7b496ea5462105f4e88270b8'),UNHEX('de359388539e4d1e2ad32756ed576fd6'),'');
INSERT INTO `u7417506_dosyatakip`.`values` (`id`,`formid`,`field`,`text`) VALUES (UNHEX('7187dfc7e2d2ac06138d77834ee8fb5b'),UNHEX('0148efef7b496ea5462105f4e88270b8'),UNHEX('21d25dcf24373baeb847f52815bbd746'),'Seçin');
INSERT INTO `u7417506_dosyatakip`.`values` (`id`,`formid`,`field`,`text`) VALUES (UNHEX('ec6472d004a29712b6cdda0bf8f9de0a'),UNHEX('0148efef7b496ea5462105f4e88270b8'),UNHEX('166ef8d7bb247111578c2e1f6bb0c484'),'');
INSERT INTO `u7417506_dosyatakip`.`values` (`id`,`formid`,`field`,`text`) VALUES (UNHEX('8be48bcec270c2212254ca9b5fcd65d2'),UNHEX('0148efef7b496ea5462105f4e88270b8'),UNHEX('097a549f860f84424aedf9c75a6eeb59'),'');
INSERT INTO `u7417506_dosyatakip`.`values` (`id`,`formid`,`field`,`text`) VALUES (UNHEX('34ce476b09172aefae4e6b8aa78809b0'),UNHEX('0148efef7b496ea5462105f4e88270b8'),UNHEX('a97169a98f9e367527ef3f39ec8dbc65'),'2017-04-11');
INSERT INTO `u7417506_dosyatakip`.`values` (`id`,`formid`,`field`,`text`) VALUES (UNHEX('f567e8a6dea8807550ed231b47b7384b'),UNHEX('0a7d0648ccc10b5450328772a52e94db'),UNHEX('44a9c75c7e4763114699697a6307bd00'),'1A403E90179CEFCD582EBBA90D52D512');
INSERT INTO `u7417506_dosyatakip`.`values` (`id`,`formid`,`field`,`text`) VALUES (UNHEX('d3d06dec618ec2936b3c6aebf28febd8'),UNHEX('0a7d0648ccc10b5450328772a52e94db'),UNHEX('0b6072368adb397a71b6a742d984eb8a'),'65762D7583D8C21AEDFAF3A8E6D43460');
INSERT INTO `u7417506_dosyatakip`.`values` (`id`,`formid`,`field`,`text`) VALUES (UNHEX('c29f9ddc7ab181178f6246539fc95790'),UNHEX('0a7d0648ccc10b5450328772a52e94db'),UNHEX('f2d0e64de5f3425bad0811bfd26f8d81'),'CBD433A9C6934A1D18BEC4207ED1FD1C');
INSERT INTO `u7417506_dosyatakip`.`values` (`id`,`formid`,`field`,`text`) VALUES (UNHEX('6246b7a820da7fd5403e37776045b7df'),UNHEX('0a7d0648ccc10b5450328772a52e94db'),UNHEX('eba9bfbf7bd43efae89813f1dac07bcd'),'2020-11-09');
INSERT INTO `u7417506_dosyatakip`.`values` (`id`,`formid`,`field`,`text`) VALUES (UNHEX('84372e1a09dcd2cc7bc916e169cf966b'),UNHEX('0a7d0648ccc10b5450328772a52e94db'),UNHEX('4df05a2dae5fddf6b06cb7f9201427ab'),'');
INSERT INTO `u7417506_dosyatakip`.`values` (`id`,`formid`,`field`,`text`) VALUES (UNHEX('ec031b01d4922c9f8c5cf37977b9f745'),UNHEX('0a7d0648ccc10b5450328772a52e94db'),UNHEX('059cc94c8260ad2c5162613daa2ef5a2'),'');
INSERT INTO `u7417506_dosyatakip`.`values` (`id`,`formid`,`field`,`text`) VALUES (UNHEX('1acce6fc5ac85ec42f2bc170c0114849'),UNHEX('0a7d0648ccc10b5450328772a52e94db'),UNHEX('de359388539e4d1e2ad32756ed576fd6'),'');
INSERT INTO `u7417506_dosyatakip`.`values` (`id`,`formid`,`field`,`text`) VALUES (UNHEX('3a2c5b4df194348418035fad1338d09d'),UNHEX('0a7d0648ccc10b5450328772a52e94db'),UNHEX('21d25dcf24373baeb847f52815bbd746'),'76E09D7FD6E3DBA8342D64D1BBF61CE2');
INSERT INTO `u7417506_dosyatakip`.`values` (`id`,`formid`,`field`,`text`) VALUES (UNHEX('43ca3662b341bc8f04665b442f41e85f'),UNHEX('0a7d0648ccc10b5450328772a52e94db'),UNHEX('166ef8d7bb247111578c2e1f6bb0c484'),'');
INSERT INTO `u7417506_dosyatakip`.`values` (`id`,`formid`,`field`,`text`) VALUES (UNHEX('32ef4b10baa775c7b0aeac660e016987'),UNHEX('0a7d0648ccc10b5450328772a52e94db'),UNHEX('097a549f860f84424aedf9c75a6eeb59'),'');
INSERT INTO `u7417506_dosyatakip`.`values` (`id`,`formid`,`field`,`text`) VALUES (UNHEX('f93a3da3ed9c2245473a08faf501a49e'),UNHEX('0a7d0648ccc10b5450328772a52e94db'),UNHEX('a97169a98f9e367527ef3f39ec8dbc65'),'2015-12-27');
INSERT INTO `u7417506_dosyatakip`.`values` (`id`,`formid`,`field`,`text`) VALUES (UNHEX('c3f5658727fea88e646f49407c7163a0'),UNHEX('027ab0a82010a897ea0777c1d8397660'),UNHEX('44a9c75c7e4763114699697a6307bd00'),'1A403E90179CEFCD582EBBA90D52D512');
INSERT INTO `u7417506_dosyatakip`.`values` (`id`,`formid`,`field`,`text`) VALUES (UNHEX('9c1ad0794c2214f811a75f64ffdbcbd6'),UNHEX('027ab0a82010a897ea0777c1d8397660'),UNHEX('0b6072368adb397a71b6a742d984eb8a'),'65762D7583D8C21AEDFAF3A8E6D43460');
INSERT INTO `u7417506_dosyatakip`.`values` (`id`,`formid`,`field`,`text`) VALUES (UNHEX('4b4a7055528438cdb604ec20eebcbb28'),UNHEX('027ab0a82010a897ea0777c1d8397660'),UNHEX('f2d0e64de5f3425bad0811bfd26f8d81'),'CBD433A9C6934A1D18BEC4207ED1FD1C');
INSERT INTO `u7417506_dosyatakip`.`values` (`id`,`formid`,`field`,`text`) VALUES (UNHEX('247d4a920380d729bb94e7a04eb88c7f'),UNHEX('027ab0a82010a897ea0777c1d8397660'),UNHEX('eba9bfbf7bd43efae89813f1dac07bcd'),'2020-10-11');
INSERT INTO `u7417506_dosyatakip`.`values` (`id`,`formid`,`field`,`text`) VALUES (UNHEX('92c16d960051103a365421087925e6ce'),UNHEX('027ab0a82010a897ea0777c1d8397660'),UNHEX('4df05a2dae5fddf6b06cb7f9201427ab'),'');
INSERT INTO `u7417506_dosyatakip`.`values` (`id`,`formid`,`field`,`text`) VALUES (UNHEX('13676eac9ae007a87ed5430352e47f16'),UNHEX('027ab0a82010a897ea0777c1d8397660'),UNHEX('059cc94c8260ad2c5162613daa2ef5a2'),'');
INSERT INTO `u7417506_dosyatakip`.`values` (`id`,`formid`,`field`,`text`) VALUES (UNHEX('3f266d6bd04115ca24272c1dbe002fe6'),UNHEX('027ab0a82010a897ea0777c1d8397660'),UNHEX('de359388539e4d1e2ad32756ed576fd6'),'');
INSERT INTO `u7417506_dosyatakip`.`values` (`id`,`formid`,`field`,`text`) VALUES (UNHEX('1b970288a358b6ebcf96a1d56058a178'),UNHEX('027ab0a82010a897ea0777c1d8397660'),UNHEX('21d25dcf24373baeb847f52815bbd746'),'Seçin');
INSERT INTO `u7417506_dosyatakip`.`values` (`id`,`formid`,`field`,`text`) VALUES (UNHEX('ce0f9ce62c0c12162d1deffec80e68ac'),UNHEX('027ab0a82010a897ea0777c1d8397660'),UNHEX('166ef8d7bb247111578c2e1f6bb0c484'),'');
INSERT INTO `u7417506_dosyatakip`.`values` (`id`,`formid`,`field`,`text`) VALUES (UNHEX('276f978a7861e2e3fefefdf402bdbe60'),UNHEX('027ab0a82010a897ea0777c1d8397660'),UNHEX('097a549f860f84424aedf9c75a6eeb59'),'');
INSERT INTO `u7417506_dosyatakip`.`values` (`id`,`formid`,`field`,`text`) VALUES (UNHEX('a097396c98f4d8de08dfb16aad6c3621'),UNHEX('027ab0a82010a897ea0777c1d8397660'),UNHEX('a97169a98f9e367527ef3f39ec8dbc65'),'2019-06-20');
INSERT INTO `u7417506_dosyatakip`.`values` (`id`,`formid`,`field`,`text`) VALUES (UNHEX('41a6b0799024a942205a0f8c5918edc1'),UNHEX('b125c49fa19881a251d8fb4844aaa551'),UNHEX('44a9c75c7e4763114699697a6307bd00'),'1A403E90179CEFCD582EBBA90D52D512');
INSERT INTO `u7417506_dosyatakip`.`values` (`id`,`formid`,`field`,`text`) VALUES (UNHEX('a483ba12aa2efe0f957fa3b312480f30'),UNHEX('b125c49fa19881a251d8fb4844aaa551'),UNHEX('0b6072368adb397a71b6a742d984eb8a'),'E4F8366A49FDF6070DDDE1121F873EC3');
INSERT INTO `u7417506_dosyatakip`.`values` (`id`,`formid`,`field`,`text`) VALUES (UNHEX('9100e66ad1001cc24c5fba7f65f9f672'),UNHEX('b125c49fa19881a251d8fb4844aaa551'),UNHEX('f2d0e64de5f3425bad0811bfd26f8d81'),'CBD433A9C6934A1D18BEC4207ED1FD1C');
INSERT INTO `u7417506_dosyatakip`.`values` (`id`,`formid`,`field`,`text`) VALUES (UNHEX('3d113064067eb11e55ae94139b00d216'),UNHEX('b125c49fa19881a251d8fb4844aaa551'),UNHEX('eba9bfbf7bd43efae89813f1dac07bcd'),'2020-11-11');
INSERT INTO `u7417506_dosyatakip`.`values` (`id`,`formid`,`field`,`text`) VALUES (UNHEX('dbe433973bafd0e8fe1fee3a93bcd6c2'),UNHEX('b125c49fa19881a251d8fb4844aaa551'),UNHEX('4df05a2dae5fddf6b06cb7f9201427ab'),'');
INSERT INTO `u7417506_dosyatakip`.`values` (`id`,`formid`,`field`,`text`) VALUES (UNHEX('e9658916c4c506158ffd98eca0a70f4a'),UNHEX('b125c49fa19881a251d8fb4844aaa551'),UNHEX('059cc94c8260ad2c5162613daa2ef5a2'),'');
INSERT INTO `u7417506_dosyatakip`.`values` (`id`,`formid`,`field`,`text`) VALUES (UNHEX('b222d63f767da807e7c21f8db3b44b30'),UNHEX('b125c49fa19881a251d8fb4844aaa551'),UNHEX('de359388539e4d1e2ad32756ed576fd6'),'');
INSERT INTO `u7417506_dosyatakip`.`values` (`id`,`formid`,`field`,`text`) VALUES (UNHEX('c7c64a50fad085e7d17c0f5557abd5c3'),UNHEX('b125c49fa19881a251d8fb4844aaa551'),UNHEX('21d25dcf24373baeb847f52815bbd746'),'D0FC09ADB61E7F8BEBAA6D5D814C5484');
INSERT INTO `u7417506_dosyatakip`.`values` (`id`,`formid`,`field`,`text`) VALUES (UNHEX('6948cd4f8f9b63a7672fc66903f2e20b'),UNHEX('b125c49fa19881a251d8fb4844aaa551'),UNHEX('166ef8d7bb247111578c2e1f6bb0c484'),'');
INSERT INTO `u7417506_dosyatakip`.`values` (`id`,`formid`,`field`,`text`) VALUES (UNHEX('a542fc1f6d4e94b1fbf03b9ecce935be'),UNHEX('b125c49fa19881a251d8fb4844aaa551'),UNHEX('097a549f860f84424aedf9c75a6eeb59'),'');
INSERT INTO `u7417506_dosyatakip`.`values` (`id`,`formid`,`field`,`text`) VALUES (UNHEX('7c730d546bbb3d08a659bb120be03abb'),UNHEX('b125c49fa19881a251d8fb4844aaa551'),UNHEX('a97169a98f9e367527ef3f39ec8dbc65'),'2016-08-14');
INSERT INTO `u7417506_dosyatakip`.`values` (`id`,`formid`,`field`,`text`) VALUES (UNHEX('3036e7cafd9622b092cd40dcdfd41143'),UNHEX('8feed13f7f702b6e76992e53786d1032'),UNHEX('44a9c75c7e4763114699697a6307bd00'),'1A403E90179CEFCD582EBBA90D52D512');
INSERT INTO `u7417506_dosyatakip`.`values` (`id`,`formid`,`field`,`text`) VALUES (UNHEX('885d75b8da5af912cf95e9413d607795'),UNHEX('8feed13f7f702b6e76992e53786d1032'),UNHEX('0b6072368adb397a71b6a742d984eb8a'),'7BEB50C6A8C7E85522722BB5A6677F7E');
INSERT INTO `u7417506_dosyatakip`.`values` (`id`,`formid`,`field`,`text`) VALUES (UNHEX('68c1ed5b2c30e8496bb35076ec40fca3'),UNHEX('8feed13f7f702b6e76992e53786d1032'),UNHEX('f2d0e64de5f3425bad0811bfd26f8d81'),'CBD433A9C6934A1D18BEC4207ED1FD1C');
INSERT INTO `u7417506_dosyatakip`.`values` (`id`,`formid`,`field`,`text`) VALUES (UNHEX('b32b83d011d7e49fd6685a09d376d380'),UNHEX('8feed13f7f702b6e76992e53786d1032'),UNHEX('eba9bfbf7bd43efae89813f1dac07bcd'),'2020-10-30');
INSERT INTO `u7417506_dosyatakip`.`values` (`id`,`formid`,`field`,`text`) VALUES (UNHEX('0ec05e8cfe2598419a6ef1b5f2b32d9c'),UNHEX('8feed13f7f702b6e76992e53786d1032'),UNHEX('4df05a2dae5fddf6b06cb7f9201427ab'),'');
INSERT INTO `u7417506_dosyatakip`.`values` (`id`,`formid`,`field`,`text`) VALUES (UNHEX('8e3640c823ca254a0e71b3f50d5393ee'),UNHEX('8feed13f7f702b6e76992e53786d1032'),UNHEX('059cc94c8260ad2c5162613daa2ef5a2'),'');
INSERT INTO `u7417506_dosyatakip`.`values` (`id`,`formid`,`field`,`text`) VALUES (UNHEX('defa66a5c05fea4e5bc71bfd56c9ab4b'),UNHEX('8feed13f7f702b6e76992e53786d1032'),UNHEX('de359388539e4d1e2ad32756ed576fd6'),'');
INSERT INTO `u7417506_dosyatakip`.`values` (`id`,`formid`,`field`,`text`) VALUES (UNHEX('dfdf9aa09747107f3573e212909e5718'),UNHEX('8feed13f7f702b6e76992e53786d1032'),UNHEX('21d25dcf24373baeb847f52815bbd746'),'088AEA19D8B46036259C5BDD849EEF44');
INSERT INTO `u7417506_dosyatakip`.`values` (`id`,`formid`,`field`,`text`) VALUES (UNHEX('a7ed6dfa93537fc30e3bfb7247074e06'),UNHEX('8feed13f7f702b6e76992e53786d1032'),UNHEX('166ef8d7bb247111578c2e1f6bb0c484'),'');
INSERT INTO `u7417506_dosyatakip`.`values` (`id`,`formid`,`field`,`text`) VALUES (UNHEX('3d1a201c8bd9bdf6fd7d01439d080e65'),UNHEX('8feed13f7f702b6e76992e53786d1032'),UNHEX('097a549f860f84424aedf9c75a6eeb59'),'');
INSERT INTO `u7417506_dosyatakip`.`values` (`id`,`formid`,`field`,`text`) VALUES (UNHEX('9c386deea5d84b36badd39aefb4d9b22'),UNHEX('8feed13f7f702b6e76992e53786d1032'),UNHEX('a97169a98f9e367527ef3f39ec8dbc65'),'2019-12-10');
INSERT INTO `u7417506_dosyatakip`.`values` (`id`,`formid`,`field`,`text`) VALUES (UNHEX('c482cf77b9c6a716376401b01728fc12'),UNHEX('2e6e5fab28b2e422f707a8d7a938965a'),UNHEX('44a9c75c7e4763114699697a6307bd00'),'1A403E90179CEFCD582EBBA90D52D512');
INSERT INTO `u7417506_dosyatakip`.`values` (`id`,`formid`,`field`,`text`) VALUES (UNHEX('e3f8c77e4cfa328474a72b1f633c5130'),UNHEX('2e6e5fab28b2e422f707a8d7a938965a'),UNHEX('0b6072368adb397a71b6a742d984eb8a'),'65762D7583D8C21AEDFAF3A8E6D43460');
INSERT INTO `u7417506_dosyatakip`.`values` (`id`,`formid`,`field`,`text`) VALUES (UNHEX('5f7d69b1ae44f51b1dddfd1c75bc4a33'),UNHEX('2e6e5fab28b2e422f707a8d7a938965a'),UNHEX('f2d0e64de5f3425bad0811bfd26f8d81'),'CBD433A9C6934A1D18BEC4207ED1FD1C');
INSERT INTO `u7417506_dosyatakip`.`values` (`id`,`formid`,`field`,`text`) VALUES (UNHEX('49f5fbabd3b6b2d8a4491fcaa9fdcdf8'),UNHEX('2e6e5fab28b2e422f707a8d7a938965a'),UNHEX('eba9bfbf7bd43efae89813f1dac07bcd'),'2020-11-20');
INSERT INTO `u7417506_dosyatakip`.`values` (`id`,`formid`,`field`,`text`) VALUES (UNHEX('d8ebb8e7f7fbf4dd5e6d6afd22ccdc7c'),UNHEX('2e6e5fab28b2e422f707a8d7a938965a'),UNHEX('4df05a2dae5fddf6b06cb7f9201427ab'),'');
INSERT INTO `u7417506_dosyatakip`.`values` (`id`,`formid`,`field`,`text`) VALUES (UNHEX('732d0d0130844fcc8469f005e38e6eb9'),UNHEX('2e6e5fab28b2e422f707a8d7a938965a'),UNHEX('059cc94c8260ad2c5162613daa2ef5a2'),'');
INSERT INTO `u7417506_dosyatakip`.`values` (`id`,`formid`,`field`,`text`) VALUES (UNHEX('fb4ab2e8bc56fa6ab5bf7cce49d03af2'),UNHEX('2e6e5fab28b2e422f707a8d7a938965a'),UNHEX('de359388539e4d1e2ad32756ed576fd6'),'');
INSERT INTO `u7417506_dosyatakip`.`values` (`id`,`formid`,`field`,`text`) VALUES (UNHEX('2df6e6c137059b45f376bf95762d4402'),UNHEX('2e6e5fab28b2e422f707a8d7a938965a'),UNHEX('21d25dcf24373baeb847f52815bbd746'),'Seçin');
INSERT INTO `u7417506_dosyatakip`.`values` (`id`,`formid`,`field`,`text`) VALUES (UNHEX('488e738f0ef07f7f76136c63bcf12936'),UNHEX('2e6e5fab28b2e422f707a8d7a938965a'),UNHEX('166ef8d7bb247111578c2e1f6bb0c484'),'');
INSERT INTO `u7417506_dosyatakip`.`values` (`id`,`formid`,`field`,`text`) VALUES (UNHEX('9c0d71c3c9d58889c25cb766fe92649c'),UNHEX('2e6e5fab28b2e422f707a8d7a938965a'),UNHEX('097a549f860f84424aedf9c75a6eeb59'),'');
INSERT INTO `u7417506_dosyatakip`.`values` (`id`,`formid`,`field`,`text`) VALUES (UNHEX('9f3d8e9000ef7dc0095681b75a04c71f'),UNHEX('2e6e5fab28b2e422f707a8d7a938965a'),UNHEX('a97169a98f9e367527ef3f39ec8dbc65'),'2017-07-21');
INSERT INTO `u7417506_dosyatakip`.`values` (`id`,`formid`,`field`,`text`) VALUES (UNHEX('4121ee0e7d70cf4612a352f29d408856'),UNHEX('2636a71ce8fe242e6956c56c747f6671'),UNHEX('44a9c75c7e4763114699697a6307bd00'),'1A403E90179CEFCD582EBBA90D52D512');
INSERT INTO `u7417506_dosyatakip`.`values` (`id`,`formid`,`field`,`text`) VALUES (UNHEX('85682020a6f5c6bd1107c18e312e30dd'),UNHEX('2636a71ce8fe242e6956c56c747f6671'),UNHEX('0b6072368adb397a71b6a742d984eb8a'),'65762D7583D8C21AEDFAF3A8E6D43460');
INSERT INTO `u7417506_dosyatakip`.`values` (`id`,`formid`,`field`,`text`) VALUES (UNHEX('fcff28035cccab73508ee94ad1bc0b8c'),UNHEX('2636a71ce8fe242e6956c56c747f6671'),UNHEX('f2d0e64de5f3425bad0811bfd26f8d81'),'CBD433A9C6934A1D18BEC4207ED1FD1C');
INSERT INTO `u7417506_dosyatakip`.`values` (`id`,`formid`,`field`,`text`) VALUES (UNHEX('280fc9bb69fa4606965516181924efce'),UNHEX('2636a71ce8fe242e6956c56c747f6671'),UNHEX('eba9bfbf7bd43efae89813f1dac07bcd'),'2020-11-23');
INSERT INTO `u7417506_dosyatakip`.`values` (`id`,`formid`,`field`,`text`) VALUES (UNHEX('5fb63a402b27fb870aec0a9a31b15623'),UNHEX('2636a71ce8fe242e6956c56c747f6671'),UNHEX('4df05a2dae5fddf6b06cb7f9201427ab'),'2020-12-10');
INSERT INTO `u7417506_dosyatakip`.`values` (`id`,`formid`,`field`,`text`) VALUES (UNHEX('39bcc8d8e7f5b281e8e069e2384c05fa'),UNHEX('2636a71ce8fe242e6956c56c747f6671'),UNHEX('059cc94c8260ad2c5162613daa2ef5a2'),'');
INSERT INTO `u7417506_dosyatakip`.`values` (`id`,`formid`,`field`,`text`) VALUES (UNHEX('12eea829def905fc37606e80da9f0607'),UNHEX('2636a71ce8fe242e6956c56c747f6671'),UNHEX('de359388539e4d1e2ad32756ed576fd6'),'');
INSERT INTO `u7417506_dosyatakip`.`values` (`id`,`formid`,`field`,`text`) VALUES (UNHEX('07d4d02c10ec80219a8b93cb4d479bcd'),UNHEX('2636a71ce8fe242e6956c56c747f6671'),UNHEX('21d25dcf24373baeb847f52815bbd746'),'Seçin');
INSERT INTO `u7417506_dosyatakip`.`values` (`id`,`formid`,`field`,`text`) VALUES (UNHEX('46f0fd7a307f7cf668909f3a770d37a3'),UNHEX('2636a71ce8fe242e6956c56c747f6671'),UNHEX('166ef8d7bb247111578c2e1f6bb0c484'),'');
INSERT INTO `u7417506_dosyatakip`.`values` (`id`,`formid`,`field`,`text`) VALUES (UNHEX('e55d2a11a4c6c7c162e9aeaa731d1ccf'),UNHEX('2636a71ce8fe242e6956c56c747f6671'),UNHEX('097a549f860f84424aedf9c75a6eeb59'),'');
INSERT INTO `u7417506_dosyatakip`.`values` (`id`,`formid`,`field`,`text`) VALUES (UNHEX('d4e882eb34ef545e9932bc274d1efe50'),UNHEX('2636a71ce8fe242e6956c56c747f6671'),UNHEX('a97169a98f9e367527ef3f39ec8dbc65'),'2015-01-01');
INSERT INTO `u7417506_dosyatakip`.`values` (`id`,`formid`,`field`,`text`) VALUES (UNHEX('1943a71873a7a2b987680c8e5ddfc556'),UNHEX('1c7048388fb351d2b437f2217cd5a85f'),UNHEX('44a9c75c7e4763114699697a6307bd00'),'1A403E90179CEFCD582EBBA90D52D512');
INSERT INTO `u7417506_dosyatakip`.`values` (`id`,`formid`,`field`,`text`) VALUES (UNHEX('96e54248eeb9672c28db31c46fe7297c'),UNHEX('1c7048388fb351d2b437f2217cd5a85f'),UNHEX('0b6072368adb397a71b6a742d984eb8a'),'Seçin');
INSERT INTO `u7417506_dosyatakip`.`values` (`id`,`formid`,`field`,`text`) VALUES (UNHEX('c40fcd39a2df50e0c9dde609d0894580'),UNHEX('1c7048388fb351d2b437f2217cd5a85f'),UNHEX('f2d0e64de5f3425bad0811bfd26f8d81'),'CBD433A9C6934A1D18BEC4207ED1FD1C');
INSERT INTO `u7417506_dosyatakip`.`values` (`id`,`formid`,`field`,`text`) VALUES (UNHEX('db693a988a68a617ce007e560ae4215a'),UNHEX('1c7048388fb351d2b437f2217cd5a85f'),UNHEX('eba9bfbf7bd43efae89813f1dac07bcd'),'2020-10-17');
INSERT INTO `u7417506_dosyatakip`.`values` (`id`,`formid`,`field`,`text`) VALUES (UNHEX('cc467a750d925e9d3e73194f50307b43'),UNHEX('1c7048388fb351d2b437f2217cd5a85f'),UNHEX('4df05a2dae5fddf6b06cb7f9201427ab'),'');
INSERT INTO `u7417506_dosyatakip`.`values` (`id`,`formid`,`field`,`text`) VALUES (UNHEX('27c88e5112add5cd4dd5fe41801fc878'),UNHEX('1c7048388fb351d2b437f2217cd5a85f'),UNHEX('059cc94c8260ad2c5162613daa2ef5a2'),'');
INSERT INTO `u7417506_dosyatakip`.`values` (`id`,`formid`,`field`,`text`) VALUES (UNHEX('d96a234ba65e47857b4a2337ad44679c'),UNHEX('1c7048388fb351d2b437f2217cd5a85f'),UNHEX('de359388539e4d1e2ad32756ed576fd6'),'');
INSERT INTO `u7417506_dosyatakip`.`values` (`id`,`formid`,`field`,`text`) VALUES (UNHEX('fcbc04b0c70991503693df3eec93c667'),UNHEX('1c7048388fb351d2b437f2217cd5a85f'),UNHEX('21d25dcf24373baeb847f52815bbd746'),'Seçin');
INSERT INTO `u7417506_dosyatakip`.`values` (`id`,`formid`,`field`,`text`) VALUES (UNHEX('a5d39988da373ff59c255f299b44bdd3'),UNHEX('1c7048388fb351d2b437f2217cd5a85f'),UNHEX('166ef8d7bb247111578c2e1f6bb0c484'),'');
INSERT INTO `u7417506_dosyatakip`.`values` (`id`,`formid`,`field`,`text`) VALUES (UNHEX('b3816c62a5591b3441188aea0186651b'),UNHEX('1c7048388fb351d2b437f2217cd5a85f'),UNHEX('097a549f860f84424aedf9c75a6eeb59'),'');
INSERT INTO `u7417506_dosyatakip`.`values` (`id`,`formid`,`field`,`text`) VALUES (UNHEX('e37512633792615bc2f0922b362f3277'),UNHEX('1c7048388fb351d2b437f2217cd5a85f'),UNHEX('a97169a98f9e367527ef3f39ec8dbc65'),'2020-10-14');
INSERT INTO `u7417506_dosyatakip`.`values` (`id`,`formid`,`field`,`text`) VALUES (UNHEX('9030889b29eaddcccccd4a0bec47545a'),UNHEX('1dbb3ed57fda784a0196e01bc9d71615'),UNHEX('44a9c75c7e4763114699697a6307bd00'),'1A403E90179CEFCD582EBBA90D52D512');
INSERT INTO `u7417506_dosyatakip`.`values` (`id`,`formid`,`field`,`text`) VALUES (UNHEX('ce3d55a22d1e4531965fb67eccf9918c'),UNHEX('1dbb3ed57fda784a0196e01bc9d71615'),UNHEX('0b6072368adb397a71b6a742d984eb8a'),'65762D7583D8C21AEDFAF3A8E6D43460');
INSERT INTO `u7417506_dosyatakip`.`values` (`id`,`formid`,`field`,`text`) VALUES (UNHEX('a5e884a82f8ff3b253154f6e1ee50a59'),UNHEX('1dbb3ed57fda784a0196e01bc9d71615'),UNHEX('f2d0e64de5f3425bad0811bfd26f8d81'),'CBD433A9C6934A1D18BEC4207ED1FD1C');
INSERT INTO `u7417506_dosyatakip`.`values` (`id`,`formid`,`field`,`text`) VALUES (UNHEX('db1743531c095d574b96de25b51c4a55'),UNHEX('1dbb3ed57fda784a0196e01bc9d71615'),UNHEX('eba9bfbf7bd43efae89813f1dac07bcd'),'2020-10-27');
INSERT INTO `u7417506_dosyatakip`.`values` (`id`,`formid`,`field`,`text`) VALUES (UNHEX('7e1c34d45a8ab7b8c064a07a70918e2d'),UNHEX('1dbb3ed57fda784a0196e01bc9d71615'),UNHEX('4df05a2dae5fddf6b06cb7f9201427ab'),'');
INSERT INTO `u7417506_dosyatakip`.`values` (`id`,`formid`,`field`,`text`) VALUES (UNHEX('3837bfedab23d5d43a454d64fc623dd2'),UNHEX('1dbb3ed57fda784a0196e01bc9d71615'),UNHEX('059cc94c8260ad2c5162613daa2ef5a2'),'');
INSERT INTO `u7417506_dosyatakip`.`values` (`id`,`formid`,`field`,`text`) VALUES (UNHEX('6a072e13a297bdf4cea923b88b536518'),UNHEX('1dbb3ed57fda784a0196e01bc9d71615'),UNHEX('de359388539e4d1e2ad32756ed576fd6'),'');
INSERT INTO `u7417506_dosyatakip`.`values` (`id`,`formid`,`field`,`text`) VALUES (UNHEX('6f797242f9f19c91103ae1bbade92e02'),UNHEX('1dbb3ed57fda784a0196e01bc9d71615'),UNHEX('21d25dcf24373baeb847f52815bbd746'),'EC0263B5F457428D397761AD855F9F33');
INSERT INTO `u7417506_dosyatakip`.`values` (`id`,`formid`,`field`,`text`) VALUES (UNHEX('6fe00d3c41939d197502db96a690e219'),UNHEX('1dbb3ed57fda784a0196e01bc9d71615'),UNHEX('166ef8d7bb247111578c2e1f6bb0c484'),'');
INSERT INTO `u7417506_dosyatakip`.`values` (`id`,`formid`,`field`,`text`) VALUES (UNHEX('aeffc88bae6600594144290d89574137'),UNHEX('1dbb3ed57fda784a0196e01bc9d71615'),UNHEX('097a549f860f84424aedf9c75a6eeb59'),'');
INSERT INTO `u7417506_dosyatakip`.`values` (`id`,`formid`,`field`,`text`) VALUES (UNHEX('3d0dc1b6b0c0930ab46ad66dd0909685'),UNHEX('1dbb3ed57fda784a0196e01bc9d71615'),UNHEX('a97169a98f9e367527ef3f39ec8dbc65'),'2019-08-12');
INSERT INTO `u7417506_dosyatakip`.`values` (`id`,`formid`,`field`,`text`) VALUES (UNHEX('a73e6784aef256528b44b18a5c348b2d'),UNHEX('b31f955b6aebf296923ba87e964ee889'),UNHEX('44a9c75c7e4763114699697a6307bd00'),'1A403E90179CEFCD582EBBA90D52D512');
INSERT INTO `u7417506_dosyatakip`.`values` (`id`,`formid`,`field`,`text`) VALUES (UNHEX('7a4b2856e1d3eea16d8553b5157ab31b'),UNHEX('b31f955b6aebf296923ba87e964ee889'),UNHEX('0b6072368adb397a71b6a742d984eb8a'),'65762D7583D8C21AEDFAF3A8E6D43460');
INSERT INTO `u7417506_dosyatakip`.`values` (`id`,`formid`,`field`,`text`) VALUES (UNHEX('9f4d914965dbdcdd03fafef9721261c9'),UNHEX('b31f955b6aebf296923ba87e964ee889'),UNHEX('f2d0e64de5f3425bad0811bfd26f8d81'),'CBD433A9C6934A1D18BEC4207ED1FD1C');
INSERT INTO `u7417506_dosyatakip`.`values` (`id`,`formid`,`field`,`text`) VALUES (UNHEX('8757682517b3fef1c0886173a0080d9d'),UNHEX('b31f955b6aebf296923ba87e964ee889'),UNHEX('eba9bfbf7bd43efae89813f1dac07bcd'),'2020-11-09');
INSERT INTO `u7417506_dosyatakip`.`values` (`id`,`formid`,`field`,`text`) VALUES (UNHEX('2b59b95328b063fdb83eeb21117274d9'),UNHEX('b31f955b6aebf296923ba87e964ee889'),UNHEX('4df05a2dae5fddf6b06cb7f9201427ab'),'');
INSERT INTO `u7417506_dosyatakip`.`values` (`id`,`formid`,`field`,`text`) VALUES (UNHEX('63d513b80fd09c27ce4ec6da46782839'),UNHEX('b31f955b6aebf296923ba87e964ee889'),UNHEX('059cc94c8260ad2c5162613daa2ef5a2'),'');
INSERT INTO `u7417506_dosyatakip`.`values` (`id`,`formid`,`field`,`text`) VALUES (UNHEX('c2aa6a6fac3665dc42b9d2bacd850403'),UNHEX('b31f955b6aebf296923ba87e964ee889'),UNHEX('de359388539e4d1e2ad32756ed576fd6'),'');
INSERT INTO `u7417506_dosyatakip`.`values` (`id`,`formid`,`field`,`text`) VALUES (UNHEX('ba7aec7d1620fcf4c732e202fac412bc'),UNHEX('b31f955b6aebf296923ba87e964ee889'),UNHEX('21d25dcf24373baeb847f52815bbd746'),'3D24F1E52E52B5237DF409950E65BC6D');
INSERT INTO `u7417506_dosyatakip`.`values` (`id`,`formid`,`field`,`text`) VALUES (UNHEX('02945ab29721ac1b9b2a65d2b1848702'),UNHEX('b31f955b6aebf296923ba87e964ee889'),UNHEX('166ef8d7bb247111578c2e1f6bb0c484'),'');
INSERT INTO `u7417506_dosyatakip`.`values` (`id`,`formid`,`field`,`text`) VALUES (UNHEX('f7ee257546a291e606aeebf7eb8f6e6c'),UNHEX('b31f955b6aebf296923ba87e964ee889'),UNHEX('097a549f860f84424aedf9c75a6eeb59'),'');
INSERT INTO `u7417506_dosyatakip`.`values` (`id`,`formid`,`field`,`text`) VALUES (UNHEX('8cdc66198d7b1745b92279a3f91e2023'),UNHEX('b31f955b6aebf296923ba87e964ee889'),UNHEX('a97169a98f9e367527ef3f39ec8dbc65'),'2020-10-03');
INSERT INTO `u7417506_dosyatakip`.`values` (`id`,`formid`,`field`,`text`) VALUES (UNHEX('a14783a9463b6361b5f6c5e71aee5691'),UNHEX('016b974dcb540270d0af4cda26148d8f'),UNHEX('44a9c75c7e4763114699697a6307bd00'),'1A403E90179CEFCD582EBBA90D52D512');
INSERT INTO `u7417506_dosyatakip`.`values` (`id`,`formid`,`field`,`text`) VALUES (UNHEX('6cda23416c8723232a967a1c3add0858'),UNHEX('016b974dcb540270d0af4cda26148d8f'),UNHEX('0b6072368adb397a71b6a742d984eb8a'),'Seçin');
INSERT INTO `u7417506_dosyatakip`.`values` (`id`,`formid`,`field`,`text`) VALUES (UNHEX('c56d6dfdbc79a124115133bd428d7b26'),UNHEX('016b974dcb540270d0af4cda26148d8f'),UNHEX('f2d0e64de5f3425bad0811bfd26f8d81'),'CBD433A9C6934A1D18BEC4207ED1FD1C');
INSERT INTO `u7417506_dosyatakip`.`values` (`id`,`formid`,`field`,`text`) VALUES (UNHEX('c278e4123f6fb3aad6ba62bed7d6ef80'),UNHEX('016b974dcb540270d0af4cda26148d8f'),UNHEX('eba9bfbf7bd43efae89813f1dac07bcd'),'2020-11-02');
INSERT INTO `u7417506_dosyatakip`.`values` (`id`,`formid`,`field`,`text`) VALUES (UNHEX('45483bb5e0e650777a38a682acbd23a0'),UNHEX('016b974dcb540270d0af4cda26148d8f'),UNHEX('4df05a2dae5fddf6b06cb7f9201427ab'),'');
INSERT INTO `u7417506_dosyatakip`.`values` (`id`,`formid`,`field`,`text`) VALUES (UNHEX('adecc44c631cde51ffb02d413f418e6c'),UNHEX('016b974dcb540270d0af4cda26148d8f'),UNHEX('059cc94c8260ad2c5162613daa2ef5a2'),'');
INSERT INTO `u7417506_dosyatakip`.`values` (`id`,`formid`,`field`,`text`) VALUES (UNHEX('413292aa5e2aa080b15c08a7580d9eaf'),UNHEX('016b974dcb540270d0af4cda26148d8f'),UNHEX('de359388539e4d1e2ad32756ed576fd6'),'');
INSERT INTO `u7417506_dosyatakip`.`values` (`id`,`formid`,`field`,`text`) VALUES (UNHEX('3191bdcbfe7545b4e42341ba36d316fb'),UNHEX('016b974dcb540270d0af4cda26148d8f'),UNHEX('21d25dcf24373baeb847f52815bbd746'),'Seçin');
INSERT INTO `u7417506_dosyatakip`.`values` (`id`,`formid`,`field`,`text`) VALUES (UNHEX('a1b397a9ff55f1db1795cca75d6f2752'),UNHEX('016b974dcb540270d0af4cda26148d8f'),UNHEX('166ef8d7bb247111578c2e1f6bb0c484'),'');
INSERT INTO `u7417506_dosyatakip`.`values` (`id`,`formid`,`field`,`text`) VALUES (UNHEX('202e50110ed6543e8119a4a45eaa74f1'),UNHEX('016b974dcb540270d0af4cda26148d8f'),UNHEX('097a549f860f84424aedf9c75a6eeb59'),'');
INSERT INTO `u7417506_dosyatakip`.`values` (`id`,`formid`,`field`,`text`) VALUES (UNHEX('db2b9f3dd1d41f270bb298ada4ab0507'),UNHEX('016b974dcb540270d0af4cda26148d8f'),UNHEX('a97169a98f9e367527ef3f39ec8dbc65'),'2012-01-24');
INSERT INTO `u7417506_dosyatakip`.`values` (`id`,`formid`,`field`,`text`) VALUES (UNHEX('c54ce17a6f47bd9e1b1d9697d5eae6b0'),UNHEX('8e4e320b365cf4a2defba367ca28920e'),UNHEX('44a9c75c7e4763114699697a6307bd00'),'1A403E90179CEFCD582EBBA90D52D512');
INSERT INTO `u7417506_dosyatakip`.`values` (`id`,`formid`,`field`,`text`) VALUES (UNHEX('17dc01ed5004f9092ea343c07775107e'),UNHEX('8e4e320b365cf4a2defba367ca28920e'),UNHEX('0b6072368adb397a71b6a742d984eb8a'),'65762D7583D8C21AEDFAF3A8E6D43460');
INSERT INTO `u7417506_dosyatakip`.`values` (`id`,`formid`,`field`,`text`) VALUES (UNHEX('73328001122a295db19c0cd4c3c33789'),UNHEX('8e4e320b365cf4a2defba367ca28920e'),UNHEX('f2d0e64de5f3425bad0811bfd26f8d81'),'CBD433A9C6934A1D18BEC4207ED1FD1C');
INSERT INTO `u7417506_dosyatakip`.`values` (`id`,`formid`,`field`,`text`) VALUES (UNHEX('619a900a6bcb4de7c1493b9879a8315f'),UNHEX('8e4e320b365cf4a2defba367ca28920e'),UNHEX('eba9bfbf7bd43efae89813f1dac07bcd'),'2020-11-03');
INSERT INTO `u7417506_dosyatakip`.`values` (`id`,`formid`,`field`,`text`) VALUES (UNHEX('d38f3e0089be7e48077f21f95b8037e8'),UNHEX('8e4e320b365cf4a2defba367ca28920e'),UNHEX('4df05a2dae5fddf6b06cb7f9201427ab'),'');
INSERT INTO `u7417506_dosyatakip`.`values` (`id`,`formid`,`field`,`text`) VALUES (UNHEX('630638f726eca154f883beb316e83a0c'),UNHEX('8e4e320b365cf4a2defba367ca28920e'),UNHEX('059cc94c8260ad2c5162613daa2ef5a2'),'');
INSERT INTO `u7417506_dosyatakip`.`values` (`id`,`formid`,`field`,`text`) VALUES (UNHEX('03246ca296bcbfb890b70cae449aafbd'),UNHEX('8e4e320b365cf4a2defba367ca28920e'),UNHEX('de359388539e4d1e2ad32756ed576fd6'),'');
INSERT INTO `u7417506_dosyatakip`.`values` (`id`,`formid`,`field`,`text`) VALUES (UNHEX('c9404bbeda6cca98122175913b8ed45f'),UNHEX('8e4e320b365cf4a2defba367ca28920e'),UNHEX('21d25dcf24373baeb847f52815bbd746'),'Seçin');
INSERT INTO `u7417506_dosyatakip`.`values` (`id`,`formid`,`field`,`text`) VALUES (UNHEX('6ac607cf0c883f85cb09bd4ae6b9b214'),UNHEX('8e4e320b365cf4a2defba367ca28920e'),UNHEX('166ef8d7bb247111578c2e1f6bb0c484'),'');
INSERT INTO `u7417506_dosyatakip`.`values` (`id`,`formid`,`field`,`text`) VALUES (UNHEX('79df6abb20935239b22d1ac371e76943'),UNHEX('8e4e320b365cf4a2defba367ca28920e'),UNHEX('097a549f860f84424aedf9c75a6eeb59'),'');
INSERT INTO `u7417506_dosyatakip`.`values` (`id`,`formid`,`field`,`text`) VALUES (UNHEX('8153f50f1febac0db90b215fbae6900a'),UNHEX('8e4e320b365cf4a2defba367ca28920e'),UNHEX('a97169a98f9e367527ef3f39ec8dbc65'),'');
INSERT INTO `u7417506_dosyatakip`.`values` (`id`,`formid`,`field`,`text`) VALUES (UNHEX('bc4e7807d773f817e7296fc808c2d094'),UNHEX('d5a73dc965e18c9d0fb83a6eb36973c3'),UNHEX('44a9c75c7e4763114699697a6307bd00'),'1A403E90179CEFCD582EBBA90D52D512');
INSERT INTO `u7417506_dosyatakip`.`values` (`id`,`formid`,`field`,`text`) VALUES (UNHEX('c3fed66c7962ec89f39e4cabce2f3862'),UNHEX('d5a73dc965e18c9d0fb83a6eb36973c3'),UNHEX('0b6072368adb397a71b6a742d984eb8a'),'E4F8366A49FDF6070DDDE1121F873EC3');
INSERT INTO `u7417506_dosyatakip`.`values` (`id`,`formid`,`field`,`text`) VALUES (UNHEX('a88069c114c8ee792c9e8bb1a95a46a2'),UNHEX('d5a73dc965e18c9d0fb83a6eb36973c3'),UNHEX('f2d0e64de5f3425bad0811bfd26f8d81'),'CBD433A9C6934A1D18BEC4207ED1FD1C');
INSERT INTO `u7417506_dosyatakip`.`values` (`id`,`formid`,`field`,`text`) VALUES (UNHEX('1152e49ab883006c62bbb74200d23af0'),UNHEX('d5a73dc965e18c9d0fb83a6eb36973c3'),UNHEX('eba9bfbf7bd43efae89813f1dac07bcd'),'2020-11-19');
INSERT INTO `u7417506_dosyatakip`.`values` (`id`,`formid`,`field`,`text`) VALUES (UNHEX('829d5608f88c4d83c497d70de2848e15'),UNHEX('d5a73dc965e18c9d0fb83a6eb36973c3'),UNHEX('4df05a2dae5fddf6b06cb7f9201427ab'),'');
INSERT INTO `u7417506_dosyatakip`.`values` (`id`,`formid`,`field`,`text`) VALUES (UNHEX('759c4ec0c69f0f5a6366e22146e2b14c'),UNHEX('d5a73dc965e18c9d0fb83a6eb36973c3'),UNHEX('059cc94c8260ad2c5162613daa2ef5a2'),'');
INSERT INTO `u7417506_dosyatakip`.`values` (`id`,`formid`,`field`,`text`) VALUES (UNHEX('c2458496c23398f1704c6320d25172c2'),UNHEX('d5a73dc965e18c9d0fb83a6eb36973c3'),UNHEX('de359388539e4d1e2ad32756ed576fd6'),'');
INSERT INTO `u7417506_dosyatakip`.`values` (`id`,`formid`,`field`,`text`) VALUES (UNHEX('9814f5cecdfd89caa04f0c8dc0c93b6c'),UNHEX('d5a73dc965e18c9d0fb83a6eb36973c3'),UNHEX('21d25dcf24373baeb847f52815bbd746'),'76E09D7FD6E3DBA8342D64D1BBF61CE2');
INSERT INTO `u7417506_dosyatakip`.`values` (`id`,`formid`,`field`,`text`) VALUES (UNHEX('1b8aeda98cab599f19b61f20446ead91'),UNHEX('d5a73dc965e18c9d0fb83a6eb36973c3'),UNHEX('166ef8d7bb247111578c2e1f6bb0c484'),'');
INSERT INTO `u7417506_dosyatakip`.`values` (`id`,`formid`,`field`,`text`) VALUES (UNHEX('1754c0e777fed44450a6c69026620439'),UNHEX('d5a73dc965e18c9d0fb83a6eb36973c3'),UNHEX('097a549f860f84424aedf9c75a6eeb59'),'');
INSERT INTO `u7417506_dosyatakip`.`values` (`id`,`formid`,`field`,`text`) VALUES (UNHEX('5747663c14520020620f8bc34d5c8ff2'),UNHEX('d5a73dc965e18c9d0fb83a6eb36973c3'),UNHEX('a97169a98f9e367527ef3f39ec8dbc65'),'2017-04-01');
INSERT INTO `u7417506_dosyatakip`.`values` (`id`,`formid`,`field`,`text`) VALUES (UNHEX('a48eadeb15209e4acc53553114a9231a'),UNHEX('5da32023e15490446aa34657585b75ee'),UNHEX('44a9c75c7e4763114699697a6307bd00'),'1A403E90179CEFCD582EBBA90D52D512');
INSERT INTO `u7417506_dosyatakip`.`values` (`id`,`formid`,`field`,`text`) VALUES (UNHEX('9acfe2f3db486487c61f1fc5015e1e98'),UNHEX('5da32023e15490446aa34657585b75ee'),UNHEX('0b6072368adb397a71b6a742d984eb8a'),'65762D7583D8C21AEDFAF3A8E6D43460');
INSERT INTO `u7417506_dosyatakip`.`values` (`id`,`formid`,`field`,`text`) VALUES (UNHEX('259dd5e736c167d167cd1495f3a9b1fb'),UNHEX('5da32023e15490446aa34657585b75ee'),UNHEX('f2d0e64de5f3425bad0811bfd26f8d81'),'CBD433A9C6934A1D18BEC4207ED1FD1C');
INSERT INTO `u7417506_dosyatakip`.`values` (`id`,`formid`,`field`,`text`) VALUES (UNHEX('7f0187e285bf6216deddea1e41f2bc23'),UNHEX('5da32023e15490446aa34657585b75ee'),UNHEX('eba9bfbf7bd43efae89813f1dac07bcd'),'2020-11-24');
INSERT INTO `u7417506_dosyatakip`.`values` (`id`,`formid`,`field`,`text`) VALUES (UNHEX('4a9751009335bafa4de0d21d21122f88'),UNHEX('5da32023e15490446aa34657585b75ee'),UNHEX('4df05a2dae5fddf6b06cb7f9201427ab'),'');
INSERT INTO `u7417506_dosyatakip`.`values` (`id`,`formid`,`field`,`text`) VALUES (UNHEX('c5f04591c56c56a2a4cbc0f3b4020161'),UNHEX('5da32023e15490446aa34657585b75ee'),UNHEX('059cc94c8260ad2c5162613daa2ef5a2'),'');
INSERT INTO `u7417506_dosyatakip`.`values` (`id`,`formid`,`field`,`text`) VALUES (UNHEX('3f3c375b18f80fa5a1752ca49a178a4b'),UNHEX('5da32023e15490446aa34657585b75ee'),UNHEX('de359388539e4d1e2ad32756ed576fd6'),'');
INSERT INTO `u7417506_dosyatakip`.`values` (`id`,`formid`,`field`,`text`) VALUES (UNHEX('3e2283b225915352b2413b47679bed09'),UNHEX('5da32023e15490446aa34657585b75ee'),UNHEX('21d25dcf24373baeb847f52815bbd746'),'D0FC09ADB61E7F8BEBAA6D5D814C5484');
INSERT INTO `u7417506_dosyatakip`.`values` (`id`,`formid`,`field`,`text`) VALUES (UNHEX('0fb7060d8d0c77721e0e5f02ded3d8ea'),UNHEX('5da32023e15490446aa34657585b75ee'),UNHEX('166ef8d7bb247111578c2e1f6bb0c484'),'');
INSERT INTO `u7417506_dosyatakip`.`values` (`id`,`formid`,`field`,`text`) VALUES (UNHEX('6eba31a28532f9c1f711a65b6c29d809'),UNHEX('5da32023e15490446aa34657585b75ee'),UNHEX('097a549f860f84424aedf9c75a6eeb59'),'');
INSERT INTO `u7417506_dosyatakip`.`values` (`id`,`formid`,`field`,`text`) VALUES (UNHEX('45d0f41beea57b7355591a1141ed0d8e'),UNHEX('5da32023e15490446aa34657585b75ee'),UNHEX('a97169a98f9e367527ef3f39ec8dbc65'),'2017-08-06');
INSERT INTO `u7417506_dosyatakip`.`values` (`id`,`formid`,`field`,`text`) VALUES (UNHEX('80c49b7d2d6ea2ed4be8a16699f0ea97'),UNHEX('7f065c5be581756caa14e165957fcf62'),UNHEX('9ad70292ddac62f604f79c57e78896d9'),'BATUHAN KARABULUT');
INSERT INTO `u7417506_dosyatakip`.`values` (`id`,`formid`,`field`,`text`) VALUES (UNHEX('7412bbf06ab25c547aea6ae9879d4490'),UNHEX('122239265fa132f9a55519a621ce9b74'),UNHEX('9ad70292ddac62f604f79c57e78896d9'),'HÜRMÜZ BOZBEK');
INSERT INTO `u7417506_dosyatakip`.`values` (`id`,`formid`,`field`,`text`) VALUES (UNHEX('11a6bcf3944ba06eda8c3f5df47fdd61'),UNHEX('0398124b7341b8f3b454bb28a5f5fa37'),UNHEX('9ad70292ddac62f604f79c57e78896d9'),'BORAN BOZBEK');
INSERT INTO `u7417506_dosyatakip`.`values` (`id`,`formid`,`field`,`text`) VALUES (UNHEX('57730b362c410e3d8023af6174ffe762'),UNHEX('1d4434efc46bbef70861b31214f7af4f'),UNHEX('9ad70292ddac62f604f79c57e78896d9'),'MERVE NUR BOZBEK');
INSERT INTO `u7417506_dosyatakip`.`values` (`id`,`formid`,`field`,`text`) VALUES (UNHEX('0bb067466d0f3986a5bba72a0d099ff4'),UNHEX('a73949486456c63e7231dd8e5c3535ab'),UNHEX('9ad70292ddac62f604f79c57e78896d9'),'KANİYE BOZBEK');
INSERT INTO `u7417506_dosyatakip`.`values` (`id`,`formid`,`field`,`text`) VALUES (UNHEX('e6b4fdb57d719e94889595ec760f1c3b'),UNHEX('8ef26010b6e00d6242cead17cc32de80'),UNHEX('9ad70292ddac62f604f79c57e78896d9'),'BUKET OKYAY');
INSERT INTO `u7417506_dosyatakip`.`values` (`id`,`formid`,`field`,`text`) VALUES (UNHEX('bbeb8ff905f3da01cf7e2aa1c4d32e16'),UNHEX('d7e07758746390b3b3ded0f1ffd1371d'),UNHEX('9ad70292ddac62f604f79c57e78896d9'),'ERDEM GÜL');
INSERT INTO `u7417506_dosyatakip`.`values` (`id`,`formid`,`field`,`text`) VALUES (UNHEX('cde5094132329eaa307a4392317ce2fa'),UNHEX('8104f4cdcf8dfed0a63b49424d79258c'),UNHEX('9ad70292ddac62f604f79c57e78896d9'),'FATMA AYDIN');
INSERT INTO `u7417506_dosyatakip`.`values` (`id`,`formid`,`field`,`text`) VALUES (UNHEX('ba10edc453cd7ea28c061013f58f35eb'),UNHEX('5da32023e15490446aa34657585b75ee'),UNHEX('9ad70292ddac62f604f79c57e78896d9'),'ZEKİYE TÜRKARSLAN');
INSERT INTO `u7417506_dosyatakip`.`values` (`id`,`formid`,`field`,`text`) VALUES (UNHEX('d55473e26a3d5505cbbb29e0df551de5'),UNHEX('2636a71ce8fe242e6956c56c747f6671'),UNHEX('9ad70292ddac62f604f79c57e78896d9'),'MUSTAFA ATLIOĞLU');
INSERT INTO `u7417506_dosyatakip`.`values` (`id`,`formid`,`field`,`text`) VALUES (UNHEX('c3f7352a34d85ba2a0141e404a5ddc39'),UNHEX('d5a73dc965e18c9d0fb83a6eb36973c3'),UNHEX('9ad70292ddac62f604f79c57e78896d9'),'YUSUF ŞİŞMAN');
INSERT INTO `u7417506_dosyatakip`.`values` (`id`,`formid`,`field`,`text`) VALUES (UNHEX('08fd14113a48df63945d1bd937e882f0'),UNHEX('8e4e320b365cf4a2defba367ca28920e'),UNHEX('9ad70292ddac62f604f79c57e78896d9'),'TUNCAY TAPIK');
INSERT INTO `u7417506_dosyatakip`.`values` (`id`,`formid`,`field`,`text`) VALUES (UNHEX('19c875348dd4ae8296fd69b0161d08ac'),UNHEX('016b974dcb540270d0af4cda26148d8f'),UNHEX('9ad70292ddac62f604f79c57e78896d9'),'RAMAZAN ATSIZ');
INSERT INTO `u7417506_dosyatakip`.`values` (`id`,`formid`,`field`,`text`) VALUES (UNHEX('04d9ded4c486354bcc32fa328c6b3eb4'),UNHEX('b31f955b6aebf296923ba87e964ee889'),UNHEX('9ad70292ddac62f604f79c57e78896d9'),'NUH MEHMET ÖZGÜN');
INSERT INTO `u7417506_dosyatakip`.`values` (`id`,`formid`,`field`,`text`) VALUES (UNHEX('07da280bedc901e8600379374dde8582'),UNHEX('1dbb3ed57fda784a0196e01bc9d71615'),UNHEX('9ad70292ddac62f604f79c57e78896d9'),'NAZİK KARADEMİR');
INSERT INTO `u7417506_dosyatakip`.`values` (`id`,`formid`,`field`,`text`) VALUES (UNHEX('f0c3f8d69d730feff6cc8609e3f55cdd'),UNHEX('1c7048388fb351d2b437f2217cd5a85f'),UNHEX('9ad70292ddac62f604f79c57e78896d9'),'NARİN ÖDEM');
INSERT INTO `u7417506_dosyatakip`.`values` (`id`,`formid`,`field`,`text`) VALUES (UNHEX('98f9ca21f0ef1b994284d726c8eba635'),UNHEX('2e6e5fab28b2e422f707a8d7a938965a'),UNHEX('9ad70292ddac62f604f79c57e78896d9'),'MUHAMMED TATLI');
INSERT INTO `u7417506_dosyatakip`.`values` (`id`,`formid`,`field`,`text`) VALUES (UNHEX('c215c0996b9b0e0904253b4ca0d87d47'),UNHEX('8feed13f7f702b6e76992e53786d1032'),UNHEX('9ad70292ddac62f604f79c57e78896d9'),'MEHMET SARGIN');
INSERT INTO `u7417506_dosyatakip`.`values` (`id`,`formid`,`field`,`text`) VALUES (UNHEX('0920b1e2d7a674b3f1d92522f7846738'),UNHEX('b125c49fa19881a251d8fb4844aaa551'),UNHEX('9ad70292ddac62f604f79c57e78896d9'),'MEHMET ÖZTÜRK');
INSERT INTO `u7417506_dosyatakip`.`values` (`id`,`formid`,`field`,`text`) VALUES (UNHEX('2ddf5749aacc891d80403ffc2fd5bb15'),UNHEX('027ab0a82010a897ea0777c1d8397660'),UNHEX('9ad70292ddac62f604f79c57e78896d9'),'KEMAL BÜYÜKTÜRKERİ');
INSERT INTO `u7417506_dosyatakip`.`values` (`id`,`formid`,`field`,`text`) VALUES (UNHEX('e65e0d7996ff98978851f968049683ab'),UNHEX('0a7d0648ccc10b5450328772a52e94db'),UNHEX('9ad70292ddac62f604f79c57e78896d9'),'İBRAHİM BİRGÜL');
INSERT INTO `u7417506_dosyatakip`.`values` (`id`,`formid`,`field`,`text`) VALUES (UNHEX('6e43f3263bc8bdf56f7e167b088e6d00'),UNHEX('0148efef7b496ea5462105f4e88270b8'),UNHEX('9ad70292ddac62f604f79c57e78896d9'),'İBRAHİM PİLAVCI');
INSERT INTO `u7417506_dosyatakip`.`values` (`id`,`formid`,`field`,`text`) VALUES (UNHEX('73f9717da421be2a2934c26ff31bb716'),UNHEX('168f761b1969a771a3fc202ee0c6bd53'),UNHEX('44a9c75c7e4763114699697a6307bd00'),'1A403E90179CEFCD582EBBA90D52D512');
INSERT INTO `u7417506_dosyatakip`.`values` (`id`,`formid`,`field`,`text`) VALUES (UNHEX('b9dbf9dbb18a88f5c3657c82ab8ba851'),UNHEX('168f761b1969a771a3fc202ee0c6bd53'),UNHEX('0b6072368adb397a71b6a742d984eb8a'),'65762D7583D8C21AEDFAF3A8E6D43460');
INSERT INTO `u7417506_dosyatakip`.`values` (`id`,`formid`,`field`,`text`) VALUES (UNHEX('0cf70dca22c00305c2f8984c6e60335c'),UNHEX('168f761b1969a771a3fc202ee0c6bd53'),UNHEX('f2d0e64de5f3425bad0811bfd26f8d81'),'CBD433A9C6934A1D18BEC4207ED1FD1C');
INSERT INTO `u7417506_dosyatakip`.`values` (`id`,`formid`,`field`,`text`) VALUES (UNHEX('777b13b5bb366060c887628f0725885a'),UNHEX('168f761b1969a771a3fc202ee0c6bd53'),UNHEX('eba9bfbf7bd43efae89813f1dac07bcd'),'2020-11-26');
INSERT INTO `u7417506_dosyatakip`.`values` (`id`,`formid`,`field`,`text`) VALUES (UNHEX('c04791cb6465f3a6d664014ec5433479'),UNHEX('168f761b1969a771a3fc202ee0c6bd53'),UNHEX('4df05a2dae5fddf6b06cb7f9201427ab'),'2020-12-10');
INSERT INTO `u7417506_dosyatakip`.`values` (`id`,`formid`,`field`,`text`) VALUES (UNHEX('dfbcaa9c519273d2652e1ae258008642'),UNHEX('168f761b1969a771a3fc202ee0c6bd53'),UNHEX('059cc94c8260ad2c5162613daa2ef5a2'),'');
INSERT INTO `u7417506_dosyatakip`.`values` (`id`,`formid`,`field`,`text`) VALUES (UNHEX('c07c02333ce7046f1a36805b0afa2248'),UNHEX('168f761b1969a771a3fc202ee0c6bd53'),UNHEX('de359388539e4d1e2ad32756ed576fd6'),'');
INSERT INTO `u7417506_dosyatakip`.`values` (`id`,`formid`,`field`,`text`) VALUES (UNHEX('4fdf150de67a96399d6aeb0faa530b08'),UNHEX('168f761b1969a771a3fc202ee0c6bd53'),UNHEX('9ad70292ddac62f604f79c57e78896d9'),'İSMAİL DANACIOĞLU');
INSERT INTO `u7417506_dosyatakip`.`values` (`id`,`formid`,`field`,`text`) VALUES (UNHEX('04a537311b921840b03652f3a1ba337b'),UNHEX('168f761b1969a771a3fc202ee0c6bd53'),UNHEX('21d25dcf24373baeb847f52815bbd746'),'EC0263B5F457428D397761AD855F9F33');
INSERT INTO `u7417506_dosyatakip`.`values` (`id`,`formid`,`field`,`text`) VALUES (UNHEX('9b941ec718dfbfa46bcd63beebc35af4'),UNHEX('168f761b1969a771a3fc202ee0c6bd53'),UNHEX('166ef8d7bb247111578c2e1f6bb0c484'),'');
INSERT INTO `u7417506_dosyatakip`.`values` (`id`,`formid`,`field`,`text`) VALUES (UNHEX('544ca478922de06f684debf175632852'),UNHEX('168f761b1969a771a3fc202ee0c6bd53'),UNHEX('097a549f860f84424aedf9c75a6eeb59'),'');
INSERT INTO `u7417506_dosyatakip`.`values` (`id`,`formid`,`field`,`text`) VALUES (UNHEX('b18fb47b0cc77aec6c60dca2aef4afaa'),UNHEX('168f761b1969a771a3fc202ee0c6bd53'),UNHEX('a97169a98f9e367527ef3f39ec8dbc65'),'2020-08-19');
INSERT INTO `u7417506_dosyatakip`.`values` (`id`,`formid`,`field`,`text`) VALUES (UNHEX('d265e419effd6000a1b17ccca9f9391f'),UNHEX('3987227443f77f65150e4ddcd45debd8'),UNHEX('44a9c75c7e4763114699697a6307bd00'),'1A403E90179CEFCD582EBBA90D52D512');
INSERT INTO `u7417506_dosyatakip`.`values` (`id`,`formid`,`field`,`text`) VALUES (UNHEX('a41661e7053a3efb78dbf0301b21d1fd'),UNHEX('3987227443f77f65150e4ddcd45debd8'),UNHEX('0b6072368adb397a71b6a742d984eb8a'),'65762D7583D8C21AEDFAF3A8E6D43460');
INSERT INTO `u7417506_dosyatakip`.`values` (`id`,`formid`,`field`,`text`) VALUES (UNHEX('acd8cf8999087cc5c3368cef5672c58c'),UNHEX('3987227443f77f65150e4ddcd45debd8'),UNHEX('f2d0e64de5f3425bad0811bfd26f8d81'),'CBD433A9C6934A1D18BEC4207ED1FD1C');
INSERT INTO `u7417506_dosyatakip`.`values` (`id`,`formid`,`field`,`text`) VALUES (UNHEX('63a3b6b9d2ae3dbc42cf3c520d7d3a85'),UNHEX('3987227443f77f65150e4ddcd45debd8'),UNHEX('eba9bfbf7bd43efae89813f1dac07bcd'),'2020-11-26');
INSERT INTO `u7417506_dosyatakip`.`values` (`id`,`formid`,`field`,`text`) VALUES (UNHEX('b2ac44300f16cb7ade7616984997e87e'),UNHEX('3987227443f77f65150e4ddcd45debd8'),UNHEX('4df05a2dae5fddf6b06cb7f9201427ab'),'2020-12-10');
INSERT INTO `u7417506_dosyatakip`.`values` (`id`,`formid`,`field`,`text`) VALUES (UNHEX('fa4af825f8a9337ca890aa6c39854efa'),UNHEX('3987227443f77f65150e4ddcd45debd8'),UNHEX('059cc94c8260ad2c5162613daa2ef5a2'),'');
INSERT INTO `u7417506_dosyatakip`.`values` (`id`,`formid`,`field`,`text`) VALUES (UNHEX('05c69eba289f4e2cc2421560ea999656'),UNHEX('3987227443f77f65150e4ddcd45debd8'),UNHEX('de359388539e4d1e2ad32756ed576fd6'),'');
INSERT INTO `u7417506_dosyatakip`.`values` (`id`,`formid`,`field`,`text`) VALUES (UNHEX('013eb761e5a3fdbdbf51ab33de369152'),UNHEX('3987227443f77f65150e4ddcd45debd8'),UNHEX('9ad70292ddac62f604f79c57e78896d9'),'İSMAİL DANACIOĞLU');
INSERT INTO `u7417506_dosyatakip`.`values` (`id`,`formid`,`field`,`text`) VALUES (UNHEX('226c65c8b5874ca0f6b9499da0b7f85d'),UNHEX('3987227443f77f65150e4ddcd45debd8'),UNHEX('21d25dcf24373baeb847f52815bbd746'),'EC0263B5F457428D397761AD855F9F33');
INSERT INTO `u7417506_dosyatakip`.`values` (`id`,`formid`,`field`,`text`) VALUES (UNHEX('c80470c78649529802a85f67b346e4af'),UNHEX('3987227443f77f65150e4ddcd45debd8'),UNHEX('166ef8d7bb247111578c2e1f6bb0c484'),'');
INSERT INTO `u7417506_dosyatakip`.`values` (`id`,`formid`,`field`,`text`) VALUES (UNHEX('5be3cbe60a429eafb14bac2161233727'),UNHEX('3987227443f77f65150e4ddcd45debd8'),UNHEX('097a549f860f84424aedf9c75a6eeb59'),'');
INSERT INTO `u7417506_dosyatakip`.`values` (`id`,`formid`,`field`,`text`) VALUES (UNHEX('73c716e40933a3d3adc9c1776094b1a2'),UNHEX('3987227443f77f65150e4ddcd45debd8'),UNHEX('a97169a98f9e367527ef3f39ec8dbc65'),'2020-08-19');
INSERT INTO `u7417506_dosyatakip`.`values` (`id`,`formid`,`field`,`text`) VALUES (UNHEX('74a6eb248d8acb19fb688d8230985173'),UNHEX('3db8ea3f9de718f2ef305aff38c61b59'),UNHEX('44a9c75c7e4763114699697a6307bd00'),'1A403E90179CEFCD582EBBA90D52D512');
INSERT INTO `u7417506_dosyatakip`.`values` (`id`,`formid`,`field`,`text`) VALUES (UNHEX('4a0a53664b66683a0b76fcdfd3a2b586'),UNHEX('3db8ea3f9de718f2ef305aff38c61b59'),UNHEX('0b6072368adb397a71b6a742d984eb8a'),'65762D7583D8C21AEDFAF3A8E6D43460');
INSERT INTO `u7417506_dosyatakip`.`values` (`id`,`formid`,`field`,`text`) VALUES (UNHEX('7b0e92c9489de883c51473dabd1449e4'),UNHEX('3db8ea3f9de718f2ef305aff38c61b59'),UNHEX('f2d0e64de5f3425bad0811bfd26f8d81'),'CBD433A9C6934A1D18BEC4207ED1FD1C');
INSERT INTO `u7417506_dosyatakip`.`values` (`id`,`formid`,`field`,`text`) VALUES (UNHEX('67a8e6b4a278f1f061c719dd41873bf4'),UNHEX('3db8ea3f9de718f2ef305aff38c61b59'),UNHEX('eba9bfbf7bd43efae89813f1dac07bcd'),'2020-11-26');
INSERT INTO `u7417506_dosyatakip`.`values` (`id`,`formid`,`field`,`text`) VALUES (UNHEX('548ff3f2a23543abb1be4d54c8b1c501'),UNHEX('3db8ea3f9de718f2ef305aff38c61b59'),UNHEX('4df05a2dae5fddf6b06cb7f9201427ab'),'2020-12-10');
INSERT INTO `u7417506_dosyatakip`.`values` (`id`,`formid`,`field`,`text`) VALUES (UNHEX('faa0b30f5fc92737df7410dac93ec88a'),UNHEX('3db8ea3f9de718f2ef305aff38c61b59'),UNHEX('059cc94c8260ad2c5162613daa2ef5a2'),'');
INSERT INTO `u7417506_dosyatakip`.`values` (`id`,`formid`,`field`,`text`) VALUES (UNHEX('13636e2979dfaed4a06b07fafb732420'),UNHEX('3db8ea3f9de718f2ef305aff38c61b59'),UNHEX('de359388539e4d1e2ad32756ed576fd6'),'');
INSERT INTO `u7417506_dosyatakip`.`values` (`id`,`formid`,`field`,`text`) VALUES (UNHEX('655238eb6444b4123cbfc4bb0cf53663'),UNHEX('3db8ea3f9de718f2ef305aff38c61b59'),UNHEX('9ad70292ddac62f604f79c57e78896d9'),'İSMAİL DANACIOĞLU');
INSERT INTO `u7417506_dosyatakip`.`values` (`id`,`formid`,`field`,`text`) VALUES (UNHEX('1c82759bed7c12fe2fc1c62585d65047'),UNHEX('3db8ea3f9de718f2ef305aff38c61b59'),UNHEX('21d25dcf24373baeb847f52815bbd746'),'EC0263B5F457428D397761AD855F9F33');
INSERT INTO `u7417506_dosyatakip`.`values` (`id`,`formid`,`field`,`text`) VALUES (UNHEX('4473cd7bfeb65d806512af798c6ae5e0'),UNHEX('3db8ea3f9de718f2ef305aff38c61b59'),UNHEX('166ef8d7bb247111578c2e1f6bb0c484'),'');
INSERT INTO `u7417506_dosyatakip`.`values` (`id`,`formid`,`field`,`text`) VALUES (UNHEX('7bc16bd101cf4186b3c795f25af5d373'),UNHEX('3db8ea3f9de718f2ef305aff38c61b59'),UNHEX('097a549f860f84424aedf9c75a6eeb59'),'');
INSERT INTO `u7417506_dosyatakip`.`values` (`id`,`formid`,`field`,`text`) VALUES (UNHEX('6d8ba800f3463b1807921ac9c849a0ae'),UNHEX('3db8ea3f9de718f2ef305aff38c61b59'),UNHEX('a97169a98f9e367527ef3f39ec8dbc65'),'2020-08-19');
INSERT INTO `u7417506_dosyatakip`.`values` (`id`,`formid`,`field`,`text`) VALUES (UNHEX('e2487c5fa173cd7d1bc74c568c09bae8'),UNHEX('526c8ff7b2322cbfcf3c5bf49dfc5cd0'),UNHEX('44a9c75c7e4763114699697a6307bd00'),'1A403E90179CEFCD582EBBA90D52D512');
INSERT INTO `u7417506_dosyatakip`.`values` (`id`,`formid`,`field`,`text`) VALUES (UNHEX('0438430066479f71e44d3c73344dc598'),UNHEX('526c8ff7b2322cbfcf3c5bf49dfc5cd0'),UNHEX('0b6072368adb397a71b6a742d984eb8a'),'65762D7583D8C21AEDFAF3A8E6D43460');
INSERT INTO `u7417506_dosyatakip`.`values` (`id`,`formid`,`field`,`text`) VALUES (UNHEX('496c1bd85a483d1584c777df1f163aa6'),UNHEX('526c8ff7b2322cbfcf3c5bf49dfc5cd0'),UNHEX('f2d0e64de5f3425bad0811bfd26f8d81'),'CBD433A9C6934A1D18BEC4207ED1FD1C');
INSERT INTO `u7417506_dosyatakip`.`values` (`id`,`formid`,`field`,`text`) VALUES (UNHEX('0ccfcd99a5ace4dfd7e3b7d6fc0b86a3'),UNHEX('526c8ff7b2322cbfcf3c5bf49dfc5cd0'),UNHEX('eba9bfbf7bd43efae89813f1dac07bcd'),'2020-11-26');
INSERT INTO `u7417506_dosyatakip`.`values` (`id`,`formid`,`field`,`text`) VALUES (UNHEX('42e029e4d29e87891a98833f93aa4e9d'),UNHEX('526c8ff7b2322cbfcf3c5bf49dfc5cd0'),UNHEX('4df05a2dae5fddf6b06cb7f9201427ab'),'2020-12-10');
INSERT INTO `u7417506_dosyatakip`.`values` (`id`,`formid`,`field`,`text`) VALUES (UNHEX('2fcd17b38a09ddc3f748c3baef759408'),UNHEX('526c8ff7b2322cbfcf3c5bf49dfc5cd0'),UNHEX('059cc94c8260ad2c5162613daa2ef5a2'),'');
INSERT INTO `u7417506_dosyatakip`.`values` (`id`,`formid`,`field`,`text`) VALUES (UNHEX('469dffea083e66908a0b73999a7e4283'),UNHEX('526c8ff7b2322cbfcf3c5bf49dfc5cd0'),UNHEX('de359388539e4d1e2ad32756ed576fd6'),'');
INSERT INTO `u7417506_dosyatakip`.`values` (`id`,`formid`,`field`,`text`) VALUES (UNHEX('99e1f4ec2208a9dc56ce0499c7afe4a4'),UNHEX('526c8ff7b2322cbfcf3c5bf49dfc5cd0'),UNHEX('9ad70292ddac62f604f79c57e78896d9'),'İSMAİL DANACIOĞLU');
INSERT INTO `u7417506_dosyatakip`.`values` (`id`,`formid`,`field`,`text`) VALUES (UNHEX('95ed4670d873b04543381087652811de'),UNHEX('526c8ff7b2322cbfcf3c5bf49dfc5cd0'),UNHEX('21d25dcf24373baeb847f52815bbd746'),'EC0263B5F457428D397761AD855F9F33');
INSERT INTO `u7417506_dosyatakip`.`values` (`id`,`formid`,`field`,`text`) VALUES (UNHEX('6572ab5656c48ea5203acb3cc10d1510'),UNHEX('526c8ff7b2322cbfcf3c5bf49dfc5cd0'),UNHEX('166ef8d7bb247111578c2e1f6bb0c484'),'');
INSERT INTO `u7417506_dosyatakip`.`values` (`id`,`formid`,`field`,`text`) VALUES (UNHEX('3b6d41708ace6e549f014649489d34df'),UNHEX('526c8ff7b2322cbfcf3c5bf49dfc5cd0'),UNHEX('097a549f860f84424aedf9c75a6eeb59'),'');
INSERT INTO `u7417506_dosyatakip`.`values` (`id`,`formid`,`field`,`text`) VALUES (UNHEX('df7825d34f24781760ec466498ea2b78'),UNHEX('526c8ff7b2322cbfcf3c5bf49dfc5cd0'),UNHEX('a97169a98f9e367527ef3f39ec8dbc65'),'2020-08-19');
INSERT INTO `u7417506_dosyatakip`.`values` (`id`,`formid`,`field`,`text`) VALUES (UNHEX('a45e8a0a9e4957b58101d91800fe3fec'),UNHEX('feec2cc761548b79091dcc2c1a82c275'),UNHEX('44a9c75c7e4763114699697a6307bd00'),'1A403E90179CEFCD582EBBA90D52D512');
INSERT INTO `u7417506_dosyatakip`.`values` (`id`,`formid`,`field`,`text`) VALUES (UNHEX('703ef90040254f31b346f06a2140879a'),UNHEX('feec2cc761548b79091dcc2c1a82c275'),UNHEX('0b6072368adb397a71b6a742d984eb8a'),'65762D7583D8C21AEDFAF3A8E6D43460');
INSERT INTO `u7417506_dosyatakip`.`values` (`id`,`formid`,`field`,`text`) VALUES (UNHEX('dbcf815c6142d18425de28be69c0467d'),UNHEX('feec2cc761548b79091dcc2c1a82c275'),UNHEX('f2d0e64de5f3425bad0811bfd26f8d81'),'CBD433A9C6934A1D18BEC4207ED1FD1C');
INSERT INTO `u7417506_dosyatakip`.`values` (`id`,`formid`,`field`,`text`) VALUES (UNHEX('6f1b2ff9e82b7d87511274f9d64e3d6c'),UNHEX('feec2cc761548b79091dcc2c1a82c275'),UNHEX('eba9bfbf7bd43efae89813f1dac07bcd'),'2020-11-23');
INSERT INTO `u7417506_dosyatakip`.`values` (`id`,`formid`,`field`,`text`) VALUES (UNHEX('18a4340c6f8ba2fe81c7a2eb0928f73d'),UNHEX('feec2cc761548b79091dcc2c1a82c275'),UNHEX('4df05a2dae5fddf6b06cb7f9201427ab'),'2020-12-10');
INSERT INTO `u7417506_dosyatakip`.`values` (`id`,`formid`,`field`,`text`) VALUES (UNHEX('3f35fdb3ef0c1f4aae93e4cb5b106841'),UNHEX('feec2cc761548b79091dcc2c1a82c275'),UNHEX('059cc94c8260ad2c5162613daa2ef5a2'),'');
INSERT INTO `u7417506_dosyatakip`.`values` (`id`,`formid`,`field`,`text`) VALUES (UNHEX('700fc0b53701cecf363117eb13ccc490'),UNHEX('feec2cc761548b79091dcc2c1a82c275'),UNHEX('de359388539e4d1e2ad32756ed576fd6'),'');
INSERT INTO `u7417506_dosyatakip`.`values` (`id`,`formid`,`field`,`text`) VALUES (UNHEX('9ad31d78001614b40d8fc63b73610c3c'),UNHEX('feec2cc761548b79091dcc2c1a82c275'),UNHEX('9ad70292ddac62f604f79c57e78896d9'),'ECRİN BORÇBİTİREN');
INSERT INTO `u7417506_dosyatakip`.`values` (`id`,`formid`,`field`,`text`) VALUES (UNHEX('32b9631c258b290ccdc5d961ae22a73d'),UNHEX('feec2cc761548b79091dcc2c1a82c275'),UNHEX('21d25dcf24373baeb847f52815bbd746'),'Seçin');
INSERT INTO `u7417506_dosyatakip`.`values` (`id`,`formid`,`field`,`text`) VALUES (UNHEX('992a32e170d56e0c26307b3a3f88672c'),UNHEX('feec2cc761548b79091dcc2c1a82c275'),UNHEX('166ef8d7bb247111578c2e1f6bb0c484'),'');
INSERT INTO `u7417506_dosyatakip`.`values` (`id`,`formid`,`field`,`text`) VALUES (UNHEX('e4eb89a56eb53423433200c49fc51a70'),UNHEX('feec2cc761548b79091dcc2c1a82c275'),UNHEX('097a549f860f84424aedf9c75a6eeb59'),'');
INSERT INTO `u7417506_dosyatakip`.`values` (`id`,`formid`,`field`,`text`) VALUES (UNHEX('b73959c66871f22eb9405336f3e96392'),UNHEX('feec2cc761548b79091dcc2c1a82c275'),UNHEX('a97169a98f9e367527ef3f39ec8dbc65'),'2019-08-23');
INSERT INTO `u7417506_dosyatakip`.`values` (`id`,`formid`,`field`,`text`) VALUES (UNHEX('01526a31228be98689b6707c63a9d4b3'),UNHEX('b50595682f28594de7fb27f448c87799'),UNHEX('44a9c75c7e4763114699697a6307bd00'),'1A403E90179CEFCD582EBBA90D52D512');
INSERT INTO `u7417506_dosyatakip`.`values` (`id`,`formid`,`field`,`text`) VALUES (UNHEX('c868b5062f85b16f981b4535b2813cc1'),UNHEX('b50595682f28594de7fb27f448c87799'),UNHEX('0b6072368adb397a71b6a742d984eb8a'),'65762D7583D8C21AEDFAF3A8E6D43460');
INSERT INTO `u7417506_dosyatakip`.`values` (`id`,`formid`,`field`,`text`) VALUES (UNHEX('62e05bbd5300358f2620625bb362c50d'),UNHEX('b50595682f28594de7fb27f448c87799'),UNHEX('f2d0e64de5f3425bad0811bfd26f8d81'),'CBD433A9C6934A1D18BEC4207ED1FD1C');
INSERT INTO `u7417506_dosyatakip`.`values` (`id`,`formid`,`field`,`text`) VALUES (UNHEX('f9c24b92dedfeb62c476bfb6f86f23ce'),UNHEX('b50595682f28594de7fb27f448c87799'),UNHEX('eba9bfbf7bd43efae89813f1dac07bcd'),'2020-11-25');
INSERT INTO `u7417506_dosyatakip`.`values` (`id`,`formid`,`field`,`text`) VALUES (UNHEX('42d0554479617fd21090d32d3c0d8397'),UNHEX('b50595682f28594de7fb27f448c87799'),UNHEX('4df05a2dae5fddf6b06cb7f9201427ab'),'2020-12-10');
INSERT INTO `u7417506_dosyatakip`.`values` (`id`,`formid`,`field`,`text`) VALUES (UNHEX('13a514738ceea5dbc02db2bedf4810ab'),UNHEX('b50595682f28594de7fb27f448c87799'),UNHEX('059cc94c8260ad2c5162613daa2ef5a2'),'');
INSERT INTO `u7417506_dosyatakip`.`values` (`id`,`formid`,`field`,`text`) VALUES (UNHEX('1a4d1e6e157f151e6cd97bcac9ef875b'),UNHEX('b50595682f28594de7fb27f448c87799'),UNHEX('de359388539e4d1e2ad32756ed576fd6'),'');
INSERT INTO `u7417506_dosyatakip`.`values` (`id`,`formid`,`field`,`text`) VALUES (UNHEX('a609a7d5e31763691947a0c3c45f0c57'),UNHEX('b50595682f28594de7fb27f448c87799'),UNHEX('9ad70292ddac62f604f79c57e78896d9'),'ELİF DALKIRAN');
INSERT INTO `u7417506_dosyatakip`.`values` (`id`,`formid`,`field`,`text`) VALUES (UNHEX('4170bf3fa2b18905edc9bea610d124ef'),UNHEX('b50595682f28594de7fb27f448c87799'),UNHEX('21d25dcf24373baeb847f52815bbd746'),'Seçin');
INSERT INTO `u7417506_dosyatakip`.`values` (`id`,`formid`,`field`,`text`) VALUES (UNHEX('b6780ebc551590151fee2ca5d2f9d651'),UNHEX('b50595682f28594de7fb27f448c87799'),UNHEX('166ef8d7bb247111578c2e1f6bb0c484'),'');
INSERT INTO `u7417506_dosyatakip`.`values` (`id`,`formid`,`field`,`text`) VALUES (UNHEX('9e21067711c56ecb1081e7901cee8e1b'),UNHEX('b50595682f28594de7fb27f448c87799'),UNHEX('097a549f860f84424aedf9c75a6eeb59'),'');
INSERT INTO `u7417506_dosyatakip`.`values` (`id`,`formid`,`field`,`text`) VALUES (UNHEX('05fe7e16073efc034e7e96dd11569a17'),UNHEX('b50595682f28594de7fb27f448c87799'),UNHEX('a97169a98f9e367527ef3f39ec8dbc65'),'2019-01-16');
INSERT INTO `u7417506_dosyatakip`.`values` (`id`,`formid`,`field`,`text`) VALUES (UNHEX('36f43e795a58872f1d7851ce4c90de8d'),UNHEX('d7c65fb5a0b390d140b9d81e7ccf8497'),UNHEX('44a9c75c7e4763114699697a6307bd00'),'1A403E90179CEFCD582EBBA90D52D512');
INSERT INTO `u7417506_dosyatakip`.`values` (`id`,`formid`,`field`,`text`) VALUES (UNHEX('05b2d046ce14172cf52372f06b985b4e'),UNHEX('d7c65fb5a0b390d140b9d81e7ccf8497'),UNHEX('0b6072368adb397a71b6a742d984eb8a'),'7BEB50C6A8C7E85522722BB5A6677F7E');
INSERT INTO `u7417506_dosyatakip`.`values` (`id`,`formid`,`field`,`text`) VALUES (UNHEX('b9dd62c311e5fe0fc565b97aedd3fa6f'),UNHEX('d7c65fb5a0b390d140b9d81e7ccf8497'),UNHEX('f2d0e64de5f3425bad0811bfd26f8d81'),'CBD433A9C6934A1D18BEC4207ED1FD1C');
INSERT INTO `u7417506_dosyatakip`.`values` (`id`,`formid`,`field`,`text`) VALUES (UNHEX('06ad2547ef72c6401275e32f9b70b50f'),UNHEX('d7c65fb5a0b390d140b9d81e7ccf8497'),UNHEX('eba9bfbf7bd43efae89813f1dac07bcd'),'2020-11-30');
INSERT INTO `u7417506_dosyatakip`.`values` (`id`,`formid`,`field`,`text`) VALUES (UNHEX('f292a32fd84477b36ff61910625d0aaf'),UNHEX('d7c65fb5a0b390d140b9d81e7ccf8497'),UNHEX('4df05a2dae5fddf6b06cb7f9201427ab'),'2020-12-10');
INSERT INTO `u7417506_dosyatakip`.`values` (`id`,`formid`,`field`,`text`) VALUES (UNHEX('f36b75e2842c6484038a05538ca6061d'),UNHEX('d7c65fb5a0b390d140b9d81e7ccf8497'),UNHEX('059cc94c8260ad2c5162613daa2ef5a2'),'');
INSERT INTO `u7417506_dosyatakip`.`values` (`id`,`formid`,`field`,`text`) VALUES (UNHEX('4cea5bad9869df86ef94ddb315ade3bc'),UNHEX('d7c65fb5a0b390d140b9d81e7ccf8497'),UNHEX('de359388539e4d1e2ad32756ed576fd6'),'');
INSERT INTO `u7417506_dosyatakip`.`values` (`id`,`formid`,`field`,`text`) VALUES (UNHEX('3e4de4f6d7de0b3911557e6b260d315e'),UNHEX('d7c65fb5a0b390d140b9d81e7ccf8497'),UNHEX('9ad70292ddac62f604f79c57e78896d9'),'BATUHAN DOĞAN');
INSERT INTO `u7417506_dosyatakip`.`values` (`id`,`formid`,`field`,`text`) VALUES (UNHEX('31df1a8e8d9c7affc3bcb089dbce1b87'),UNHEX('d7c65fb5a0b390d140b9d81e7ccf8497'),UNHEX('21d25dcf24373baeb847f52815bbd746'),'Seçin');
INSERT INTO `u7417506_dosyatakip`.`values` (`id`,`formid`,`field`,`text`) VALUES (UNHEX('094ab30d1dd22d2ef1287b934d980c13'),UNHEX('d7c65fb5a0b390d140b9d81e7ccf8497'),UNHEX('166ef8d7bb247111578c2e1f6bb0c484'),'');
INSERT INTO `u7417506_dosyatakip`.`values` (`id`,`formid`,`field`,`text`) VALUES (UNHEX('b71f7279027493d73955e398082c4cea'),UNHEX('d7c65fb5a0b390d140b9d81e7ccf8497'),UNHEX('097a549f860f84424aedf9c75a6eeb59'),'');
INSERT INTO `u7417506_dosyatakip`.`values` (`id`,`formid`,`field`,`text`) VALUES (UNHEX('8ebf2ffb0aa3023e5aa5cbf010d72d77'),UNHEX('d7c65fb5a0b390d140b9d81e7ccf8497'),UNHEX('a97169a98f9e367527ef3f39ec8dbc65'),'2020-11-24');
INSERT INTO `u7417506_dosyatakip`.`values` (`id`,`formid`,`field`,`text`) VALUES (UNHEX('5ad3f8a3e31543d7a98d3fbaea390b1a'),UNHEX('b87e6de5e33bc086ececf3b63963c350'),UNHEX('44a9c75c7e4763114699697a6307bd00'),'1A403E90179CEFCD582EBBA90D52D512');
INSERT INTO `u7417506_dosyatakip`.`values` (`id`,`formid`,`field`,`text`) VALUES (UNHEX('54477eedc5f4feeda117f553babfaebc'),UNHEX('b87e6de5e33bc086ececf3b63963c350'),UNHEX('0b6072368adb397a71b6a742d984eb8a'),'65762D7583D8C21AEDFAF3A8E6D43460');
INSERT INTO `u7417506_dosyatakip`.`values` (`id`,`formid`,`field`,`text`) VALUES (UNHEX('a86f7cae8768ef51a97a526a8bb23167'),UNHEX('b87e6de5e33bc086ececf3b63963c350'),UNHEX('f2d0e64de5f3425bad0811bfd26f8d81'),'CBD433A9C6934A1D18BEC4207ED1FD1C');
INSERT INTO `u7417506_dosyatakip`.`values` (`id`,`formid`,`field`,`text`) VALUES (UNHEX('5ab5d313c340f3eb94b0c6165068f71f'),UNHEX('b87e6de5e33bc086ececf3b63963c350'),UNHEX('eba9bfbf7bd43efae89813f1dac07bcd'),'2020-11-30');
INSERT INTO `u7417506_dosyatakip`.`values` (`id`,`formid`,`field`,`text`) VALUES (UNHEX('02f3e559378bb3c437935a921569e36c'),UNHEX('b87e6de5e33bc086ececf3b63963c350'),UNHEX('4df05a2dae5fddf6b06cb7f9201427ab'),'2020-12-10');
INSERT INTO `u7417506_dosyatakip`.`values` (`id`,`formid`,`field`,`text`) VALUES (UNHEX('3a427c23d02fe9f6ca14b34bb2d9c15b'),UNHEX('b87e6de5e33bc086ececf3b63963c350'),UNHEX('059cc94c8260ad2c5162613daa2ef5a2'),'');
INSERT INTO `u7417506_dosyatakip`.`values` (`id`,`formid`,`field`,`text`) VALUES (UNHEX('89f64632501d91bf4424890b55590f9c'),UNHEX('b87e6de5e33bc086ececf3b63963c350'),UNHEX('de359388539e4d1e2ad32756ed576fd6'),'');
INSERT INTO `u7417506_dosyatakip`.`values` (`id`,`formid`,`field`,`text`) VALUES (UNHEX('efecf0347a6a6e198647281544d69015'),UNHEX('b87e6de5e33bc086ececf3b63963c350'),UNHEX('9ad70292ddac62f604f79c57e78896d9'),'HALİT İLHAN');
INSERT INTO `u7417506_dosyatakip`.`values` (`id`,`formid`,`field`,`text`) VALUES (UNHEX('861be465a61a31fea5fbe768abc98a28'),UNHEX('b87e6de5e33bc086ececf3b63963c350'),UNHEX('21d25dcf24373baeb847f52815bbd746'),'Seçin');
INSERT INTO `u7417506_dosyatakip`.`values` (`id`,`formid`,`field`,`text`) VALUES (UNHEX('bd42e267c9271d5f658a145113681d3b'),UNHEX('b87e6de5e33bc086ececf3b63963c350'),UNHEX('166ef8d7bb247111578c2e1f6bb0c484'),'');
INSERT INTO `u7417506_dosyatakip`.`values` (`id`,`formid`,`field`,`text`) VALUES (UNHEX('8f5bd2f6910afb6dffd74d5165071cc1'),UNHEX('b87e6de5e33bc086ececf3b63963c350'),UNHEX('097a549f860f84424aedf9c75a6eeb59'),'');
INSERT INTO `u7417506_dosyatakip`.`values` (`id`,`formid`,`field`,`text`) VALUES (UNHEX('9f0ae142e35255e7f7ecb5d3296b64a0'),UNHEX('b87e6de5e33bc086ececf3b63963c350'),UNHEX('a97169a98f9e367527ef3f39ec8dbc65'),'2020-11-14');
INSERT INTO `u7417506_dosyatakip`.`values` (`id`,`formid`,`field`,`text`) VALUES (UNHEX('89f19a53d7f73d7ff10fd9c288621de6'),UNHEX('b08158d7ff761176991c46d2b1a8c750'),UNHEX('44a9c75c7e4763114699697a6307bd00'),'1A403E90179CEFCD582EBBA90D52D512');
INSERT INTO `u7417506_dosyatakip`.`values` (`id`,`formid`,`field`,`text`) VALUES (UNHEX('3b1377bf9dd4cc34df621f3c4eea4279'),UNHEX('b08158d7ff761176991c46d2b1a8c750'),UNHEX('0b6072368adb397a71b6a742d984eb8a'),'7BEB50C6A8C7E85522722BB5A6677F7E');
INSERT INTO `u7417506_dosyatakip`.`values` (`id`,`formid`,`field`,`text`) VALUES (UNHEX('6d16015a8b9fe932bf24a77f31f2ee20'),UNHEX('b08158d7ff761176991c46d2b1a8c750'),UNHEX('f2d0e64de5f3425bad0811bfd26f8d81'),'CBD433A9C6934A1D18BEC4207ED1FD1C');
INSERT INTO `u7417506_dosyatakip`.`values` (`id`,`formid`,`field`,`text`) VALUES (UNHEX('eb45fc85f2ec07a70c1ce65ff40e5692'),UNHEX('b08158d7ff761176991c46d2b1a8c750'),UNHEX('eba9bfbf7bd43efae89813f1dac07bcd'),'2020-11-30');
INSERT INTO `u7417506_dosyatakip`.`values` (`id`,`formid`,`field`,`text`) VALUES (UNHEX('c40317094e1364b5fc1c9c12382beb52'),UNHEX('b08158d7ff761176991c46d2b1a8c750'),UNHEX('4df05a2dae5fddf6b06cb7f9201427ab'),'2020-12-10');
INSERT INTO `u7417506_dosyatakip`.`values` (`id`,`formid`,`field`,`text`) VALUES (UNHEX('341589893e35bc29e26343fe6e30ceb1'),UNHEX('b08158d7ff761176991c46d2b1a8c750'),UNHEX('059cc94c8260ad2c5162613daa2ef5a2'),'');
INSERT INTO `u7417506_dosyatakip`.`values` (`id`,`formid`,`field`,`text`) VALUES (UNHEX('38347283f08018dc5bdff35c62ab243c'),UNHEX('b08158d7ff761176991c46d2b1a8c750'),UNHEX('de359388539e4d1e2ad32756ed576fd6'),'');
INSERT INTO `u7417506_dosyatakip`.`values` (`id`,`formid`,`field`,`text`) VALUES (UNHEX('7c03ddd70f60f5c9acd6d02b9ba01cc3'),UNHEX('b08158d7ff761176991c46d2b1a8c750'),UNHEX('9ad70292ddac62f604f79c57e78896d9'),'HACI İLHAN');
INSERT INTO `u7417506_dosyatakip`.`values` (`id`,`formid`,`field`,`text`) VALUES (UNHEX('d6ea53c134d41fb064237607df7f3113'),UNHEX('b08158d7ff761176991c46d2b1a8c750'),UNHEX('21d25dcf24373baeb847f52815bbd746'),'Seçin');
INSERT INTO `u7417506_dosyatakip`.`values` (`id`,`formid`,`field`,`text`) VALUES (UNHEX('10d97d8d3e13663480064d4d0c776981'),UNHEX('b08158d7ff761176991c46d2b1a8c750'),UNHEX('166ef8d7bb247111578c2e1f6bb0c484'),'');
INSERT INTO `u7417506_dosyatakip`.`values` (`id`,`formid`,`field`,`text`) VALUES (UNHEX('2a60caad526e33e77687b36f49bd5940'),UNHEX('b08158d7ff761176991c46d2b1a8c750'),UNHEX('097a549f860f84424aedf9c75a6eeb59'),'');
INSERT INTO `u7417506_dosyatakip`.`values` (`id`,`formid`,`field`,`text`) VALUES (UNHEX('3bbb0a3522bfec35a03b98b36225827f'),UNHEX('b08158d7ff761176991c46d2b1a8c750'),UNHEX('a97169a98f9e367527ef3f39ec8dbc65'),'2020-11-14');
INSERT INTO `u7417506_dosyatakip`.`values` (`id`,`formid`,`field`,`text`) VALUES (UNHEX('a1905ef05ba2b83af117136d2a22929c'),UNHEX('d7a8219995dce575f223bc1dcbac0bec'),UNHEX('44a9c75c7e4763114699697a6307bd00'),'1A403E90179CEFCD582EBBA90D52D512');
INSERT INTO `u7417506_dosyatakip`.`values` (`id`,`formid`,`field`,`text`) VALUES (UNHEX('13c974562ab279c5c92e06f5c3f8617b'),UNHEX('d7a8219995dce575f223bc1dcbac0bec'),UNHEX('0b6072368adb397a71b6a742d984eb8a'),'65762D7583D8C21AEDFAF3A8E6D43460');
INSERT INTO `u7417506_dosyatakip`.`values` (`id`,`formid`,`field`,`text`) VALUES (UNHEX('6acc9f10f4c3d667b4cc0fc1275891b8'),UNHEX('d7a8219995dce575f223bc1dcbac0bec'),UNHEX('f2d0e64de5f3425bad0811bfd26f8d81'),'CBD433A9C6934A1D18BEC4207ED1FD1C');
INSERT INTO `u7417506_dosyatakip`.`values` (`id`,`formid`,`field`,`text`) VALUES (UNHEX('f4d1b973ab013e1fe5d5e95334f2314d'),UNHEX('d7a8219995dce575f223bc1dcbac0bec'),UNHEX('eba9bfbf7bd43efae89813f1dac07bcd'),'2020-11-30');
INSERT INTO `u7417506_dosyatakip`.`values` (`id`,`formid`,`field`,`text`) VALUES (UNHEX('28a683dda2ca24363058bd9fd69da6d0'),UNHEX('d7a8219995dce575f223bc1dcbac0bec'),UNHEX('4df05a2dae5fddf6b06cb7f9201427ab'),'2020-12-10');
INSERT INTO `u7417506_dosyatakip`.`values` (`id`,`formid`,`field`,`text`) VALUES (UNHEX('88cd4a4fea9a51c8adbae4f10f0a250d'),UNHEX('d7a8219995dce575f223bc1dcbac0bec'),UNHEX('059cc94c8260ad2c5162613daa2ef5a2'),'');
INSERT INTO `u7417506_dosyatakip`.`values` (`id`,`formid`,`field`,`text`) VALUES (UNHEX('528963376824d018a565a84be810b4ab'),UNHEX('d7a8219995dce575f223bc1dcbac0bec'),UNHEX('de359388539e4d1e2ad32756ed576fd6'),'');
INSERT INTO `u7417506_dosyatakip`.`values` (`id`,`formid`,`field`,`text`) VALUES (UNHEX('e53227250630c7f9e6206caa9386a7b0'),UNHEX('d7a8219995dce575f223bc1dcbac0bec'),UNHEX('9ad70292ddac62f604f79c57e78896d9'),'NEVİN İLHAN');
INSERT INTO `u7417506_dosyatakip`.`values` (`id`,`formid`,`field`,`text`) VALUES (UNHEX('b180a6cf6a8699b86009a883f4392a42'),UNHEX('d7a8219995dce575f223bc1dcbac0bec'),UNHEX('21d25dcf24373baeb847f52815bbd746'),'Seçin');
INSERT INTO `u7417506_dosyatakip`.`values` (`id`,`formid`,`field`,`text`) VALUES (UNHEX('49a195e1b23692d87ea583aea791e4da'),UNHEX('d7a8219995dce575f223bc1dcbac0bec'),UNHEX('166ef8d7bb247111578c2e1f6bb0c484'),'');
INSERT INTO `u7417506_dosyatakip`.`values` (`id`,`formid`,`field`,`text`) VALUES (UNHEX('46b16fc8d00614e489d48dffecdee2ed'),UNHEX('d7a8219995dce575f223bc1dcbac0bec'),UNHEX('097a549f860f84424aedf9c75a6eeb59'),'');
INSERT INTO `u7417506_dosyatakip`.`values` (`id`,`formid`,`field`,`text`) VALUES (UNHEX('3ee8c2e660fc372d168f5cf6daec2d32'),UNHEX('d7a8219995dce575f223bc1dcbac0bec'),UNHEX('a97169a98f9e367527ef3f39ec8dbc65'),'2020-11-14');
INSERT INTO `u7417506_dosyatakip`.`values` (`id`,`formid`,`field`,`text`) VALUES (UNHEX('5d5088b2ca7fc44f5a88024d830493f1'),UNHEX('e183cea76090ec1ea9594133a0ebd526'),UNHEX('44a9c75c7e4763114699697a6307bd00'),'1A403E90179CEFCD582EBBA90D52D512');
INSERT INTO `u7417506_dosyatakip`.`values` (`id`,`formid`,`field`,`text`) VALUES (UNHEX('e9d9e1dfff05556e5ff5c8b9a62b5dc8'),UNHEX('e183cea76090ec1ea9594133a0ebd526'),UNHEX('0b6072368adb397a71b6a742d984eb8a'),'65762D7583D8C21AEDFAF3A8E6D43460');
INSERT INTO `u7417506_dosyatakip`.`values` (`id`,`formid`,`field`,`text`) VALUES (UNHEX('15ea08bda278bd4bcbdba74678b828a0'),UNHEX('e183cea76090ec1ea9594133a0ebd526'),UNHEX('f2d0e64de5f3425bad0811bfd26f8d81'),'CBD433A9C6934A1D18BEC4207ED1FD1C');
INSERT INTO `u7417506_dosyatakip`.`values` (`id`,`formid`,`field`,`text`) VALUES (UNHEX('fb2108b90da252fa36b511cc50472e38'),UNHEX('e183cea76090ec1ea9594133a0ebd526'),UNHEX('eba9bfbf7bd43efae89813f1dac07bcd'),'2020-11-30');
INSERT INTO `u7417506_dosyatakip`.`values` (`id`,`formid`,`field`,`text`) VALUES (UNHEX('b83eb906dc9ccaaefe24c5c0a53ce3ba'),UNHEX('e183cea76090ec1ea9594133a0ebd526'),UNHEX('4df05a2dae5fddf6b06cb7f9201427ab'),'2020-12-10');
INSERT INTO `u7417506_dosyatakip`.`values` (`id`,`formid`,`field`,`text`) VALUES (UNHEX('5a418391dab86c0925a158289c04c398'),UNHEX('e183cea76090ec1ea9594133a0ebd526'),UNHEX('059cc94c8260ad2c5162613daa2ef5a2'),'');
INSERT INTO `u7417506_dosyatakip`.`values` (`id`,`formid`,`field`,`text`) VALUES (UNHEX('d65648969b684d57416fb9f18ec83227'),UNHEX('e183cea76090ec1ea9594133a0ebd526'),UNHEX('de359388539e4d1e2ad32756ed576fd6'),'');
INSERT INTO `u7417506_dosyatakip`.`values` (`id`,`formid`,`field`,`text`) VALUES (UNHEX('35fb3e642315fe15193ed3396755d9bc'),UNHEX('e183cea76090ec1ea9594133a0ebd526'),UNHEX('9ad70292ddac62f604f79c57e78896d9'),'AYAZ ALP İLHAN');
INSERT INTO `u7417506_dosyatakip`.`values` (`id`,`formid`,`field`,`text`) VALUES (UNHEX('2504659fa627bc836592e86f08310e29'),UNHEX('e183cea76090ec1ea9594133a0ebd526'),UNHEX('21d25dcf24373baeb847f52815bbd746'),'Seçin');
INSERT INTO `u7417506_dosyatakip`.`values` (`id`,`formid`,`field`,`text`) VALUES (UNHEX('b3b89d781579070267ee90a80de07bf6'),UNHEX('e183cea76090ec1ea9594133a0ebd526'),UNHEX('166ef8d7bb247111578c2e1f6bb0c484'),'');
INSERT INTO `u7417506_dosyatakip`.`values` (`id`,`formid`,`field`,`text`) VALUES (UNHEX('a565fe23c9f0a22959e3f5deefb2df64'),UNHEX('e183cea76090ec1ea9594133a0ebd526'),UNHEX('097a549f860f84424aedf9c75a6eeb59'),'');
INSERT INTO `u7417506_dosyatakip`.`values` (`id`,`formid`,`field`,`text`) VALUES (UNHEX('a82ff0dfbd07caf96549246dcef445a0'),UNHEX('e183cea76090ec1ea9594133a0ebd526'),UNHEX('a97169a98f9e367527ef3f39ec8dbc65'),'2020-11-14');
INSERT INTO `u7417506_dosyatakip`.`values` (`id`,`formid`,`field`,`text`) VALUES (UNHEX('3cffd10e8d6fbcaf55a380f13ccdebab'),UNHEX('4cb913faeeacc1f66c7edea0b0284dcb'),UNHEX('44a9c75c7e4763114699697a6307bd00'),'1A403E90179CEFCD582EBBA90D52D512');
INSERT INTO `u7417506_dosyatakip`.`values` (`id`,`formid`,`field`,`text`) VALUES (UNHEX('985ea03e7129299988ecff0b9ad64e02'),UNHEX('4cb913faeeacc1f66c7edea0b0284dcb'),UNHEX('0b6072368adb397a71b6a742d984eb8a'),'65762D7583D8C21AEDFAF3A8E6D43460');
INSERT INTO `u7417506_dosyatakip`.`values` (`id`,`formid`,`field`,`text`) VALUES (UNHEX('f8948b131fa2739956e475ac4dfef793'),UNHEX('4cb913faeeacc1f66c7edea0b0284dcb'),UNHEX('f2d0e64de5f3425bad0811bfd26f8d81'),'CBD433A9C6934A1D18BEC4207ED1FD1C');
INSERT INTO `u7417506_dosyatakip`.`values` (`id`,`formid`,`field`,`text`) VALUES (UNHEX('63f6ce6f3dd6c4356c840aeb282c07b3'),UNHEX('4cb913faeeacc1f66c7edea0b0284dcb'),UNHEX('eba9bfbf7bd43efae89813f1dac07bcd'),'2020-11-27');
INSERT INTO `u7417506_dosyatakip`.`values` (`id`,`formid`,`field`,`text`) VALUES (UNHEX('09b56c14f48e078f912b3934980ee7b3'),UNHEX('4cb913faeeacc1f66c7edea0b0284dcb'),UNHEX('4df05a2dae5fddf6b06cb7f9201427ab'),'2020-12-10');
INSERT INTO `u7417506_dosyatakip`.`values` (`id`,`formid`,`field`,`text`) VALUES (UNHEX('30f46507be7626877da895547efb1ef0'),UNHEX('4cb913faeeacc1f66c7edea0b0284dcb'),UNHEX('059cc94c8260ad2c5162613daa2ef5a2'),'');
INSERT INTO `u7417506_dosyatakip`.`values` (`id`,`formid`,`field`,`text`) VALUES (UNHEX('27f5ce43c0146c3302688eb5cee245b7'),UNHEX('4cb913faeeacc1f66c7edea0b0284dcb'),UNHEX('de359388539e4d1e2ad32756ed576fd6'),'');
INSERT INTO `u7417506_dosyatakip`.`values` (`id`,`formid`,`field`,`text`) VALUES (UNHEX('96890f0c10896a68fd659b30b4bdd7b7'),UNHEX('4cb913faeeacc1f66c7edea0b0284dcb'),UNHEX('9ad70292ddac62f604f79c57e78896d9'),'HÜSEYİN KIVCI');
INSERT INTO `u7417506_dosyatakip`.`values` (`id`,`formid`,`field`,`text`) VALUES (UNHEX('0fafac1a099ddaf3c663bc1ae8829937'),UNHEX('4cb913faeeacc1f66c7edea0b0284dcb'),UNHEX('21d25dcf24373baeb847f52815bbd746'),'Seçin');
INSERT INTO `u7417506_dosyatakip`.`values` (`id`,`formid`,`field`,`text`) VALUES (UNHEX('0359adf8f2c0c96d6cf1fbcc9be84215'),UNHEX('4cb913faeeacc1f66c7edea0b0284dcb'),UNHEX('166ef8d7bb247111578c2e1f6bb0c484'),'');
INSERT INTO `u7417506_dosyatakip`.`values` (`id`,`formid`,`field`,`text`) VALUES (UNHEX('cbdd695f531648d5feee0a093b6840b1'),UNHEX('4cb913faeeacc1f66c7edea0b0284dcb'),UNHEX('097a549f860f84424aedf9c75a6eeb59'),'');
INSERT INTO `u7417506_dosyatakip`.`values` (`id`,`formid`,`field`,`text`) VALUES (UNHEX('83b554917162692ac27fea879891a717'),UNHEX('4cb913faeeacc1f66c7edea0b0284dcb'),UNHEX('a97169a98f9e367527ef3f39ec8dbc65'),'2020-11-01');
INSERT INTO `u7417506_dosyatakip`.`values` (`id`,`formid`,`field`,`text`) VALUES (UNHEX('eb4de17cfb4c50757484f290c20c9af3'),UNHEX('c15c12f623ebd6f05261d6b8a37f1a02'),UNHEX('44a9c75c7e4763114699697a6307bd00'),'1A403E90179CEFCD582EBBA90D52D512');
INSERT INTO `u7417506_dosyatakip`.`values` (`id`,`formid`,`field`,`text`) VALUES (UNHEX('b01a3a14e78f422093be4d5d850ae260'),UNHEX('c15c12f623ebd6f05261d6b8a37f1a02'),UNHEX('0b6072368adb397a71b6a742d984eb8a'),'65762D7583D8C21AEDFAF3A8E6D43460');
INSERT INTO `u7417506_dosyatakip`.`values` (`id`,`formid`,`field`,`text`) VALUES (UNHEX('b22407c7a020b5806fdaada89b635b37'),UNHEX('c15c12f623ebd6f05261d6b8a37f1a02'),UNHEX('f2d0e64de5f3425bad0811bfd26f8d81'),'CBD433A9C6934A1D18BEC4207ED1FD1C');
INSERT INTO `u7417506_dosyatakip`.`values` (`id`,`formid`,`field`,`text`) VALUES (UNHEX('ef128a030560634276823e510cd3f6cc'),UNHEX('c15c12f623ebd6f05261d6b8a37f1a02'),UNHEX('eba9bfbf7bd43efae89813f1dac07bcd'),'2020-11-26');
INSERT INTO `u7417506_dosyatakip`.`values` (`id`,`formid`,`field`,`text`) VALUES (UNHEX('30b223e7a585bfbf299e92e72d7c91f8'),UNHEX('c15c12f623ebd6f05261d6b8a37f1a02'),UNHEX('4df05a2dae5fddf6b06cb7f9201427ab'),'2020-12-10');
INSERT INTO `u7417506_dosyatakip`.`values` (`id`,`formid`,`field`,`text`) VALUES (UNHEX('cb78ccd26b4ea03a435037b8e692d77f'),UNHEX('c15c12f623ebd6f05261d6b8a37f1a02'),UNHEX('059cc94c8260ad2c5162613daa2ef5a2'),'');
INSERT INTO `u7417506_dosyatakip`.`values` (`id`,`formid`,`field`,`text`) VALUES (UNHEX('4671f33e755b57a31f8ae347baf4da6e'),UNHEX('c15c12f623ebd6f05261d6b8a37f1a02'),UNHEX('de359388539e4d1e2ad32756ed576fd6'),'');
INSERT INTO `u7417506_dosyatakip`.`values` (`id`,`formid`,`field`,`text`) VALUES (UNHEX('c4144127b11c216b9a8d2878c8b0aec1'),UNHEX('c15c12f623ebd6f05261d6b8a37f1a02'),UNHEX('9ad70292ddac62f604f79c57e78896d9'),'OKTAY ŞAHİN');
INSERT INTO `u7417506_dosyatakip`.`values` (`id`,`formid`,`field`,`text`) VALUES (UNHEX('e1db1f378963f2f6b87d80f2b10feb4e'),UNHEX('c15c12f623ebd6f05261d6b8a37f1a02'),UNHEX('21d25dcf24373baeb847f52815bbd746'),'Seçin');
INSERT INTO `u7417506_dosyatakip`.`values` (`id`,`formid`,`field`,`text`) VALUES (UNHEX('ae90f0f72bc0ef6b80527a121ff082c6'),UNHEX('c15c12f623ebd6f05261d6b8a37f1a02'),UNHEX('166ef8d7bb247111578c2e1f6bb0c484'),'');
INSERT INTO `u7417506_dosyatakip`.`values` (`id`,`formid`,`field`,`text`) VALUES (UNHEX('d0678ce0c392b26c78ab0caf4ace4b89'),UNHEX('c15c12f623ebd6f05261d6b8a37f1a02'),UNHEX('097a549f860f84424aedf9c75a6eeb59'),'');
INSERT INTO `u7417506_dosyatakip`.`values` (`id`,`formid`,`field`,`text`) VALUES (UNHEX('9c6c2483aab82015d2e76621bf0af31a'),UNHEX('c15c12f623ebd6f05261d6b8a37f1a02'),UNHEX('a97169a98f9e367527ef3f39ec8dbc65'),'2020-08-01');
INSERT INTO `u7417506_dosyatakip`.`values` (`id`,`formid`,`field`,`text`) VALUES (UNHEX('0d174cb8d99e50296bf54b7679715798'),UNHEX('2493388aec318c57806ada8cba249346'),UNHEX('44a9c75c7e4763114699697a6307bd00'),'1A403E90179CEFCD582EBBA90D52D512');
INSERT INTO `u7417506_dosyatakip`.`values` (`id`,`formid`,`field`,`text`) VALUES (UNHEX('0fbcda06cf4f24d550dcc6fd3f279e35'),UNHEX('2493388aec318c57806ada8cba249346'),UNHEX('0b6072368adb397a71b6a742d984eb8a'),'65762D7583D8C21AEDFAF3A8E6D43460');
INSERT INTO `u7417506_dosyatakip`.`values` (`id`,`formid`,`field`,`text`) VALUES (UNHEX('26043cb7266c2d6733823918801d0b67'),UNHEX('2493388aec318c57806ada8cba249346'),UNHEX('f2d0e64de5f3425bad0811bfd26f8d81'),'CBD433A9C6934A1D18BEC4207ED1FD1C');
INSERT INTO `u7417506_dosyatakip`.`values` (`id`,`formid`,`field`,`text`) VALUES (UNHEX('99cd46c9990f5b7d424e2aac86f20222'),UNHEX('2493388aec318c57806ada8cba249346'),UNHEX('eba9bfbf7bd43efae89813f1dac07bcd'),'2020-11-26');
INSERT INTO `u7417506_dosyatakip`.`values` (`id`,`formid`,`field`,`text`) VALUES (UNHEX('09afac1cb2dc577277944d9db924f00f'),UNHEX('2493388aec318c57806ada8cba249346'),UNHEX('4df05a2dae5fddf6b06cb7f9201427ab'),'2020-12-10');
INSERT INTO `u7417506_dosyatakip`.`values` (`id`,`formid`,`field`,`text`) VALUES (UNHEX('150afef563d8e6b1ff3972ad51b08523'),UNHEX('2493388aec318c57806ada8cba249346'),UNHEX('059cc94c8260ad2c5162613daa2ef5a2'),'');
INSERT INTO `u7417506_dosyatakip`.`values` (`id`,`formid`,`field`,`text`) VALUES (UNHEX('5c692055f1a3d550092e5b258db95f82'),UNHEX('2493388aec318c57806ada8cba249346'),UNHEX('de359388539e4d1e2ad32756ed576fd6'),'');
INSERT INTO `u7417506_dosyatakip`.`values` (`id`,`formid`,`field`,`text`) VALUES (UNHEX('fdb0f785a5c9ff8ac0028ff24dccf238'),UNHEX('2493388aec318c57806ada8cba249346'),UNHEX('9ad70292ddac62f604f79c57e78896d9'),'FATMA ŞAHİN');
INSERT INTO `u7417506_dosyatakip`.`values` (`id`,`formid`,`field`,`text`) VALUES (UNHEX('c9ba3e72d4f6b4fc61d71de258403453'),UNHEX('2493388aec318c57806ada8cba249346'),UNHEX('21d25dcf24373baeb847f52815bbd746'),'Seçin');
INSERT INTO `u7417506_dosyatakip`.`values` (`id`,`formid`,`field`,`text`) VALUES (UNHEX('7224b52b7ba3f09d6c99668ac85b0594'),UNHEX('2493388aec318c57806ada8cba249346'),UNHEX('166ef8d7bb247111578c2e1f6bb0c484'),'');
INSERT INTO `u7417506_dosyatakip`.`values` (`id`,`formid`,`field`,`text`) VALUES (UNHEX('e9e16bb9b93751cc683f74e2d5ebe9e8'),UNHEX('2493388aec318c57806ada8cba249346'),UNHEX('097a549f860f84424aedf9c75a6eeb59'),'');
INSERT INTO `u7417506_dosyatakip`.`values` (`id`,`formid`,`field`,`text`) VALUES (UNHEX('a8a956434de72b227752ebf51b869187'),UNHEX('2493388aec318c57806ada8cba249346'),UNHEX('a97169a98f9e367527ef3f39ec8dbc65'),'2020-08-01');
INSERT INTO `u7417506_dosyatakip`.`values` (`id`,`formid`,`field`,`text`) VALUES (UNHEX('3292c9bfeae2c1b5cc763c24e4a56e06'),UNHEX('969b0768ef0f5ae8d8d8b3265ac79725'),UNHEX('44a9c75c7e4763114699697a6307bd00'),'1A403E90179CEFCD582EBBA90D52D512');
INSERT INTO `u7417506_dosyatakip`.`values` (`id`,`formid`,`field`,`text`) VALUES (UNHEX('bfb0cfb985d3240881db8c22bbc68b90'),UNHEX('969b0768ef0f5ae8d8d8b3265ac79725'),UNHEX('0b6072368adb397a71b6a742d984eb8a'),'Seçin');
INSERT INTO `u7417506_dosyatakip`.`values` (`id`,`formid`,`field`,`text`) VALUES (UNHEX('672cc7e57aeb85f0c2ef7697332f8075'),UNHEX('969b0768ef0f5ae8d8d8b3265ac79725'),UNHEX('f2d0e64de5f3425bad0811bfd26f8d81'),'CBD433A9C6934A1D18BEC4207ED1FD1C');
INSERT INTO `u7417506_dosyatakip`.`values` (`id`,`formid`,`field`,`text`) VALUES (UNHEX('633f121b8f4bcaf0e41472c5bdaec994'),UNHEX('969b0768ef0f5ae8d8d8b3265ac79725'),UNHEX('eba9bfbf7bd43efae89813f1dac07bcd'),'2020-11-24');
INSERT INTO `u7417506_dosyatakip`.`values` (`id`,`formid`,`field`,`text`) VALUES (UNHEX('4fbc43fc94c5cd4cfb26cd9064e97edb'),UNHEX('969b0768ef0f5ae8d8d8b3265ac79725'),UNHEX('4df05a2dae5fddf6b06cb7f9201427ab'),'2020-12-10');
INSERT INTO `u7417506_dosyatakip`.`values` (`id`,`formid`,`field`,`text`) VALUES (UNHEX('a1f1c7dd5670c29a1a40bcfc23d435b0'),UNHEX('969b0768ef0f5ae8d8d8b3265ac79725'),UNHEX('059cc94c8260ad2c5162613daa2ef5a2'),'');
INSERT INTO `u7417506_dosyatakip`.`values` (`id`,`formid`,`field`,`text`) VALUES (UNHEX('47ea9c184e556e3de9cb83ddec24954d'),UNHEX('969b0768ef0f5ae8d8d8b3265ac79725'),UNHEX('de359388539e4d1e2ad32756ed576fd6'),'');
INSERT INTO `u7417506_dosyatakip`.`values` (`id`,`formid`,`field`,`text`) VALUES (UNHEX('e8cb31adfc926e7a83f333704d091a15'),UNHEX('969b0768ef0f5ae8d8d8b3265ac79725'),UNHEX('9ad70292ddac62f604f79c57e78896d9'),'MURAT COŞKUN');
INSERT INTO `u7417506_dosyatakip`.`values` (`id`,`formid`,`field`,`text`) VALUES (UNHEX('75d2523a47c3f5ecec69dd348b14edc7'),UNHEX('969b0768ef0f5ae8d8d8b3265ac79725'),UNHEX('21d25dcf24373baeb847f52815bbd746'),'Seçin');
INSERT INTO `u7417506_dosyatakip`.`values` (`id`,`formid`,`field`,`text`) VALUES (UNHEX('cf9d3b8ae8aa45cca4d30f8a0bb00cf8'),UNHEX('969b0768ef0f5ae8d8d8b3265ac79725'),UNHEX('166ef8d7bb247111578c2e1f6bb0c484'),'');
INSERT INTO `u7417506_dosyatakip`.`values` (`id`,`formid`,`field`,`text`) VALUES (UNHEX('a1478cfbc4bb10bf72d3ab859521cd78'),UNHEX('969b0768ef0f5ae8d8d8b3265ac79725'),UNHEX('097a549f860f84424aedf9c75a6eeb59'),'');
INSERT INTO `u7417506_dosyatakip`.`values` (`id`,`formid`,`field`,`text`) VALUES (UNHEX('40fceca8d5b0bc434086a280fda7ff29'),UNHEX('969b0768ef0f5ae8d8d8b3265ac79725'),UNHEX('a97169a98f9e367527ef3f39ec8dbc65'),'2020-08-05');
INSERT INTO `u7417506_dosyatakip`.`values` (`id`,`formid`,`field`,`text`) VALUES (UNHEX('184bc171a7a95b9399f6f3b16c892451'),UNHEX('e970eaca98ddb947b3afcb64689ad671'),UNHEX('44a9c75c7e4763114699697a6307bd00'),'1A403E90179CEFCD582EBBA90D52D512');
INSERT INTO `u7417506_dosyatakip`.`values` (`id`,`formid`,`field`,`text`) VALUES (UNHEX('0079c30ec0e1c0fa0e53fcd9fddcc9ce'),UNHEX('e970eaca98ddb947b3afcb64689ad671'),UNHEX('0b6072368adb397a71b6a742d984eb8a'),'7BEB50C6A8C7E85522722BB5A6677F7E');
INSERT INTO `u7417506_dosyatakip`.`values` (`id`,`formid`,`field`,`text`) VALUES (UNHEX('c957e552220dbf8931bd611039b01577'),UNHEX('e970eaca98ddb947b3afcb64689ad671'),UNHEX('f2d0e64de5f3425bad0811bfd26f8d81'),'CBD433A9C6934A1D18BEC4207ED1FD1C');
INSERT INTO `u7417506_dosyatakip`.`values` (`id`,`formid`,`field`,`text`) VALUES (UNHEX('f34668134ea86af224c9b3c3aa1be10b'),UNHEX('e970eaca98ddb947b3afcb64689ad671'),UNHEX('eba9bfbf7bd43efae89813f1dac07bcd'),'2020-11-24');
INSERT INTO `u7417506_dosyatakip`.`values` (`id`,`formid`,`field`,`text`) VALUES (UNHEX('1b3ee40c1012949a60f61a4ab9e2f0a2'),UNHEX('e970eaca98ddb947b3afcb64689ad671'),UNHEX('4df05a2dae5fddf6b06cb7f9201427ab'),'2020-12-10');
INSERT INTO `u7417506_dosyatakip`.`values` (`id`,`formid`,`field`,`text`) VALUES (UNHEX('51c443b131209ced0ff168edc4fadf97'),UNHEX('e970eaca98ddb947b3afcb64689ad671'),UNHEX('059cc94c8260ad2c5162613daa2ef5a2'),'');
INSERT INTO `u7417506_dosyatakip`.`values` (`id`,`formid`,`field`,`text`) VALUES (UNHEX('b9d768ba49c524793b7a9ffe3e59fb68'),UNHEX('e970eaca98ddb947b3afcb64689ad671'),UNHEX('de359388539e4d1e2ad32756ed576fd6'),'');
INSERT INTO `u7417506_dosyatakip`.`values` (`id`,`formid`,`field`,`text`) VALUES (UNHEX('27b4ac9761f9ca7054e1f049c87d8f74'),UNHEX('e970eaca98ddb947b3afcb64689ad671'),UNHEX('9ad70292ddac62f604f79c57e78896d9'),'ALPEREN BAŞDEMİRCİ');
INSERT INTO `u7417506_dosyatakip`.`values` (`id`,`formid`,`field`,`text`) VALUES (UNHEX('758023771a9793aa423bb6a033a204f3'),UNHEX('e970eaca98ddb947b3afcb64689ad671'),UNHEX('21d25dcf24373baeb847f52815bbd746'),'Seçin');
INSERT INTO `u7417506_dosyatakip`.`values` (`id`,`formid`,`field`,`text`) VALUES (UNHEX('e07cd504f3bdc62d70b40933d95cd8fa'),UNHEX('e970eaca98ddb947b3afcb64689ad671'),UNHEX('166ef8d7bb247111578c2e1f6bb0c484'),'');
INSERT INTO `u7417506_dosyatakip`.`values` (`id`,`formid`,`field`,`text`) VALUES (UNHEX('e6c3789c5580468f76474cb35656a3dd'),UNHEX('e970eaca98ddb947b3afcb64689ad671'),UNHEX('097a549f860f84424aedf9c75a6eeb59'),'');
INSERT INTO `u7417506_dosyatakip`.`values` (`id`,`formid`,`field`,`text`) VALUES (UNHEX('bb6f05b3c3275e54ec91ea9011c64ec4'),UNHEX('e970eaca98ddb947b3afcb64689ad671'),UNHEX('a97169a98f9e367527ef3f39ec8dbc65'),'2020-08-05');
INSERT INTO `u7417506_dosyatakip`.`values` (`id`,`formid`,`field`,`text`) VALUES (UNHEX('ad2aed0e3bde90b6c8f8af59bf4f04f8'),UNHEX('8e02a3624ab951f74a29619f3b0dfb40'),UNHEX('44a9c75c7e4763114699697a6307bd00'),'1A403E90179CEFCD582EBBA90D52D512');
INSERT INTO `u7417506_dosyatakip`.`values` (`id`,`formid`,`field`,`text`) VALUES (UNHEX('581e9358adf290ae8b206b2211ecc3dc'),UNHEX('8e02a3624ab951f74a29619f3b0dfb40'),UNHEX('0b6072368adb397a71b6a742d984eb8a'),'65762D7583D8C21AEDFAF3A8E6D43460');
INSERT INTO `u7417506_dosyatakip`.`values` (`id`,`formid`,`field`,`text`) VALUES (UNHEX('308ea86f56150e48ae53f4e3ac67e496'),UNHEX('8e02a3624ab951f74a29619f3b0dfb40'),UNHEX('f2d0e64de5f3425bad0811bfd26f8d81'),'CBD433A9C6934A1D18BEC4207ED1FD1C');
INSERT INTO `u7417506_dosyatakip`.`values` (`id`,`formid`,`field`,`text`) VALUES (UNHEX('1466ccaf7699429bca2fa4f8719368a5'),UNHEX('8e02a3624ab951f74a29619f3b0dfb40'),UNHEX('eba9bfbf7bd43efae89813f1dac07bcd'),'2020-11-24');
INSERT INTO `u7417506_dosyatakip`.`values` (`id`,`formid`,`field`,`text`) VALUES (UNHEX('bbe920698146653499f982b43d697635'),UNHEX('8e02a3624ab951f74a29619f3b0dfb40'),UNHEX('4df05a2dae5fddf6b06cb7f9201427ab'),'2020-12-10');
INSERT INTO `u7417506_dosyatakip`.`values` (`id`,`formid`,`field`,`text`) VALUES (UNHEX('f7203689c4e19e66a9148ea543100115'),UNHEX('8e02a3624ab951f74a29619f3b0dfb40'),UNHEX('059cc94c8260ad2c5162613daa2ef5a2'),'');
INSERT INTO `u7417506_dosyatakip`.`values` (`id`,`formid`,`field`,`text`) VALUES (UNHEX('3a59a81f30ba514fb05f64ad6ddfffc2'),UNHEX('8e02a3624ab951f74a29619f3b0dfb40'),UNHEX('de359388539e4d1e2ad32756ed576fd6'),'');
INSERT INTO `u7417506_dosyatakip`.`values` (`id`,`formid`,`field`,`text`) VALUES (UNHEX('c82c7b6de24c1b8db4038bad798f5abf'),UNHEX('8e02a3624ab951f74a29619f3b0dfb40'),UNHEX('9ad70292ddac62f604f79c57e78896d9'),'NAZİFE BAŞDEMİRCİ');
INSERT INTO `u7417506_dosyatakip`.`values` (`id`,`formid`,`field`,`text`) VALUES (UNHEX('430df6538889fdee5495bbc8b089bdc8'),UNHEX('8e02a3624ab951f74a29619f3b0dfb40'),UNHEX('21d25dcf24373baeb847f52815bbd746'),'Seçin');
INSERT INTO `u7417506_dosyatakip`.`values` (`id`,`formid`,`field`,`text`) VALUES (UNHEX('14163c37802dc903bd911afb60d6f0c7'),UNHEX('8e02a3624ab951f74a29619f3b0dfb40'),UNHEX('166ef8d7bb247111578c2e1f6bb0c484'),'');
INSERT INTO `u7417506_dosyatakip`.`values` (`id`,`formid`,`field`,`text`) VALUES (UNHEX('0efe38cde898232e5ea4d204d1d35089'),UNHEX('8e02a3624ab951f74a29619f3b0dfb40'),UNHEX('097a549f860f84424aedf9c75a6eeb59'),'');
INSERT INTO `u7417506_dosyatakip`.`values` (`id`,`formid`,`field`,`text`) VALUES (UNHEX('c9b1611692fa525e4d23b749a1012a0a'),UNHEX('8e02a3624ab951f74a29619f3b0dfb40'),UNHEX('a97169a98f9e367527ef3f39ec8dbc65'),'2020-08-05');
INSERT INTO `u7417506_dosyatakip`.`values` (`id`,`formid`,`field`,`text`) VALUES (UNHEX('ba7972910ec90c52bc8724e7e7416586'),UNHEX('5e85473f43223b67d746d2ae46c384bb'),UNHEX('44a9c75c7e4763114699697a6307bd00'),'1A403E90179CEFCD582EBBA90D52D512');
INSERT INTO `u7417506_dosyatakip`.`values` (`id`,`formid`,`field`,`text`) VALUES (UNHEX('7eaebec10e1ddd508ce0784f07e0145c'),UNHEX('5e85473f43223b67d746d2ae46c384bb'),UNHEX('0b6072368adb397a71b6a742d984eb8a'),'65762D7583D8C21AEDFAF3A8E6D43460');
INSERT INTO `u7417506_dosyatakip`.`values` (`id`,`formid`,`field`,`text`) VALUES (UNHEX('eb30cbd8b604bcb9b9a73e7fefac1472'),UNHEX('5e85473f43223b67d746d2ae46c384bb'),UNHEX('f2d0e64de5f3425bad0811bfd26f8d81'),'CBD433A9C6934A1D18BEC4207ED1FD1C');
INSERT INTO `u7417506_dosyatakip`.`values` (`id`,`formid`,`field`,`text`) VALUES (UNHEX('41318dd1079ec1ffa5d6357d3900d317'),UNHEX('5e85473f43223b67d746d2ae46c384bb'),UNHEX('eba9bfbf7bd43efae89813f1dac07bcd'),'2020-11-24');
INSERT INTO `u7417506_dosyatakip`.`values` (`id`,`formid`,`field`,`text`) VALUES (UNHEX('a0e338cc313f59ebd96e79a219e43025'),UNHEX('5e85473f43223b67d746d2ae46c384bb'),UNHEX('4df05a2dae5fddf6b06cb7f9201427ab'),'2020-12-10');
INSERT INTO `u7417506_dosyatakip`.`values` (`id`,`formid`,`field`,`text`) VALUES (UNHEX('94df49caf22dc772f40f366347dce7e1'),UNHEX('5e85473f43223b67d746d2ae46c384bb'),UNHEX('059cc94c8260ad2c5162613daa2ef5a2'),'');
INSERT INTO `u7417506_dosyatakip`.`values` (`id`,`formid`,`field`,`text`) VALUES (UNHEX('4af72c3784c0f3289519cd34c6bee3e2'),UNHEX('5e85473f43223b67d746d2ae46c384bb'),UNHEX('de359388539e4d1e2ad32756ed576fd6'),'');
INSERT INTO `u7417506_dosyatakip`.`values` (`id`,`formid`,`field`,`text`) VALUES (UNHEX('50643b5a1ea046e917ca15aeb3ed1012'),UNHEX('5e85473f43223b67d746d2ae46c384bb'),UNHEX('9ad70292ddac62f604f79c57e78896d9'),'ÇINAR BAŞDEMİRCİ');
INSERT INTO `u7417506_dosyatakip`.`values` (`id`,`formid`,`field`,`text`) VALUES (UNHEX('ffb661032f514484d5e2d23593a44dfd'),UNHEX('5e85473f43223b67d746d2ae46c384bb'),UNHEX('21d25dcf24373baeb847f52815bbd746'),'Seçin');
INSERT INTO `u7417506_dosyatakip`.`values` (`id`,`formid`,`field`,`text`) VALUES (UNHEX('b4422fb8f7d439276f1d9fa2cd4df1e9'),UNHEX('5e85473f43223b67d746d2ae46c384bb'),UNHEX('166ef8d7bb247111578c2e1f6bb0c484'),'');
INSERT INTO `u7417506_dosyatakip`.`values` (`id`,`formid`,`field`,`text`) VALUES (UNHEX('74152b035655735c126c05c74c160a83'),UNHEX('5e85473f43223b67d746d2ae46c384bb'),UNHEX('097a549f860f84424aedf9c75a6eeb59'),'');
INSERT INTO `u7417506_dosyatakip`.`values` (`id`,`formid`,`field`,`text`) VALUES (UNHEX('a33f5bef01e7313c01bb70b5a2e1f6ba'),UNHEX('5e85473f43223b67d746d2ae46c384bb'),UNHEX('a97169a98f9e367527ef3f39ec8dbc65'),'2020-08-05');
INSERT INTO `u7417506_dosyatakip`.`values` (`id`,`formid`,`field`,`text`) VALUES (UNHEX('3e6da5044b77c483733b828d5448f0d2'),UNHEX('fa6a60d610b1f15147c3c62cd65c1b84'),UNHEX('44a9c75c7e4763114699697a6307bd00'),'1A403E90179CEFCD582EBBA90D52D512');
INSERT INTO `u7417506_dosyatakip`.`values` (`id`,`formid`,`field`,`text`) VALUES (UNHEX('4fc9665ba9010b3c7108512b5911ea3d'),UNHEX('fa6a60d610b1f15147c3c62cd65c1b84'),UNHEX('0b6072368adb397a71b6a742d984eb8a'),'E4F8366A49FDF6070DDDE1121F873EC3');
INSERT INTO `u7417506_dosyatakip`.`values` (`id`,`formid`,`field`,`text`) VALUES (UNHEX('122a2476656bf3822f08f614c735a2a2'),UNHEX('fa6a60d610b1f15147c3c62cd65c1b84'),UNHEX('f2d0e64de5f3425bad0811bfd26f8d81'),'0AF0CAF76201C3E2246D730B0B26DCC2');
INSERT INTO `u7417506_dosyatakip`.`values` (`id`,`formid`,`field`,`text`) VALUES (UNHEX('3b5bd7a57c9f12b668a88916520e0317'),UNHEX('fa6a60d610b1f15147c3c62cd65c1b84'),UNHEX('eba9bfbf7bd43efae89813f1dac07bcd'),'2020-12-01');
INSERT INTO `u7417506_dosyatakip`.`values` (`id`,`formid`,`field`,`text`) VALUES (UNHEX('5b5ca34620a9d1873544c18fcddb065c'),UNHEX('fa6a60d610b1f15147c3c62cd65c1b84'),UNHEX('4df05a2dae5fddf6b06cb7f9201427ab'),'2020-12-10');
INSERT INTO `u7417506_dosyatakip`.`values` (`id`,`formid`,`field`,`text`) VALUES (UNHEX('e3a8e88edab3f569514af2cd3bbd21f3'),UNHEX('fa6a60d610b1f15147c3c62cd65c1b84'),UNHEX('059cc94c8260ad2c5162613daa2ef5a2'),'');
INSERT INTO `u7417506_dosyatakip`.`values` (`id`,`formid`,`field`,`text`) VALUES (UNHEX('e56f8822f44e78f33aa8d5e94e57b047'),UNHEX('fa6a60d610b1f15147c3c62cd65c1b84'),UNHEX('de359388539e4d1e2ad32756ed576fd6'),'');
INSERT INTO `u7417506_dosyatakip`.`values` (`id`,`formid`,`field`,`text`) VALUES (UNHEX('3d8f084a4a340a099fafc0acbb4c113e'),UNHEX('fa6a60d610b1f15147c3c62cd65c1b84'),UNHEX('9ad70292ddac62f604f79c57e78896d9'),'ORHAN KANDEMİR');
INSERT INTO `u7417506_dosyatakip`.`values` (`id`,`formid`,`field`,`text`) VALUES (UNHEX('b9dc3a3d6c7e577324e9578d3674307b'),UNHEX('fa6a60d610b1f15147c3c62cd65c1b84'),UNHEX('21d25dcf24373baeb847f52815bbd746'),'3CA6C3A96185B20FB28088A0455F700B');
INSERT INTO `u7417506_dosyatakip`.`values` (`id`,`formid`,`field`,`text`) VALUES (UNHEX('5303c1438b031b3f8f71884e4f87cfab'),UNHEX('fa6a60d610b1f15147c3c62cd65c1b84'),UNHEX('166ef8d7bb247111578c2e1f6bb0c484'),'');
INSERT INTO `u7417506_dosyatakip`.`values` (`id`,`formid`,`field`,`text`) VALUES (UNHEX('a5f3e728d82f551a274a4fa9f3781a68'),UNHEX('fa6a60d610b1f15147c3c62cd65c1b84'),UNHEX('097a549f860f84424aedf9c75a6eeb59'),'');
INSERT INTO `u7417506_dosyatakip`.`values` (`id`,`formid`,`field`,`text`) VALUES (UNHEX('761d7b09bea6316a0319a86ee54d7441'),UNHEX('fa6a60d610b1f15147c3c62cd65c1b84'),UNHEX('a97169a98f9e367527ef3f39ec8dbc65'),'2009-05-05');
INSERT INTO `u7417506_dosyatakip`.`values` (`id`,`formid`,`field`,`text`) VALUES (UNHEX('63541d2da06035cac8f15cada82d7cc0'),UNHEX('64fe375f92ccd5fa05778da60a688cca'),UNHEX('44a9c75c7e4763114699697a6307bd00'),'1A403E90179CEFCD582EBBA90D52D512');
INSERT INTO `u7417506_dosyatakip`.`values` (`id`,`formid`,`field`,`text`) VALUES (UNHEX('b4aab612f190fd6959c848a9186e941b'),UNHEX('64fe375f92ccd5fa05778da60a688cca'),UNHEX('0b6072368adb397a71b6a742d984eb8a'),'65762D7583D8C21AEDFAF3A8E6D43460');
INSERT INTO `u7417506_dosyatakip`.`values` (`id`,`formid`,`field`,`text`) VALUES (UNHEX('2a87677c42b12e832c036ae12c66fe6b'),UNHEX('64fe375f92ccd5fa05778da60a688cca'),UNHEX('f2d0e64de5f3425bad0811bfd26f8d81'),'CBD433A9C6934A1D18BEC4207ED1FD1C');
INSERT INTO `u7417506_dosyatakip`.`values` (`id`,`formid`,`field`,`text`) VALUES (UNHEX('5bb37807fc9d37987d9ce950dccd9c89'),UNHEX('64fe375f92ccd5fa05778da60a688cca'),UNHEX('eba9bfbf7bd43efae89813f1dac07bcd'),'2020-12-03');
INSERT INTO `u7417506_dosyatakip`.`values` (`id`,`formid`,`field`,`text`) VALUES (UNHEX('f7c14d10f2e5ddd761379b745a86e31e'),UNHEX('64fe375f92ccd5fa05778da60a688cca'),UNHEX('4df05a2dae5fddf6b06cb7f9201427ab'),'2020-12-10');
INSERT INTO `u7417506_dosyatakip`.`values` (`id`,`formid`,`field`,`text`) VALUES (UNHEX('b04ec5a4e8e3eb094b01f5606aecdb8c'),UNHEX('64fe375f92ccd5fa05778da60a688cca'),UNHEX('059cc94c8260ad2c5162613daa2ef5a2'),'');
INSERT INTO `u7417506_dosyatakip`.`values` (`id`,`formid`,`field`,`text`) VALUES (UNHEX('ad374824282eea3bd89c35073986ca9c'),UNHEX('64fe375f92ccd5fa05778da60a688cca'),UNHEX('de359388539e4d1e2ad32756ed576fd6'),'');
INSERT INTO `u7417506_dosyatakip`.`values` (`id`,`formid`,`field`,`text`) VALUES (UNHEX('d0e053a5576cd2430b3d6abcd730564c'),UNHEX('64fe375f92ccd5fa05778da60a688cca'),UNHEX('9ad70292ddac62f604f79c57e78896d9'),'ŞÜKRÜYE ÖZ');
INSERT INTO `u7417506_dosyatakip`.`values` (`id`,`formid`,`field`,`text`) VALUES (UNHEX('f22af57c21f1e800731f0d0ab1d4dd9f'),UNHEX('64fe375f92ccd5fa05778da60a688cca'),UNHEX('21d25dcf24373baeb847f52815bbd746'),'Seçin');
INSERT INTO `u7417506_dosyatakip`.`values` (`id`,`formid`,`field`,`text`) VALUES (UNHEX('3043f6889876cde9af40a8587c0457d6'),UNHEX('64fe375f92ccd5fa05778da60a688cca'),UNHEX('166ef8d7bb247111578c2e1f6bb0c484'),'');
INSERT INTO `u7417506_dosyatakip`.`values` (`id`,`formid`,`field`,`text`) VALUES (UNHEX('6d8d7b5c57720a1b23ee6f07cf900c9e'),UNHEX('64fe375f92ccd5fa05778da60a688cca'),UNHEX('097a549f860f84424aedf9c75a6eeb59'),'');
INSERT INTO `u7417506_dosyatakip`.`values` (`id`,`formid`,`field`,`text`) VALUES (UNHEX('a4c619c9fd5827dc0e8e25de48ad47a0'),UNHEX('64fe375f92ccd5fa05778da60a688cca'),UNHEX('a97169a98f9e367527ef3f39ec8dbc65'),'2020-10-29');
INSERT INTO `u7417506_dosyatakip`.`values` (`id`,`formid`,`field`,`text`) VALUES (UNHEX('9269baca9457cbc13c5ed358555a44db'),UNHEX('00015c864d69058079299502fcf93ea5'),UNHEX('44a9c75c7e4763114699697a6307bd00'),'1A403E90179CEFCD582EBBA90D52D512');
INSERT INTO `u7417506_dosyatakip`.`values` (`id`,`formid`,`field`,`text`) VALUES (UNHEX('06a3d6c98c2f23b30e6deac9e38e422e'),UNHEX('00015c864d69058079299502fcf93ea5'),UNHEX('0b6072368adb397a71b6a742d984eb8a'),'7BEB50C6A8C7E85522722BB5A6677F7E');
INSERT INTO `u7417506_dosyatakip`.`values` (`id`,`formid`,`field`,`text`) VALUES (UNHEX('99729de55e873feca5d3e6b040b88a7a'),UNHEX('00015c864d69058079299502fcf93ea5'),UNHEX('f2d0e64de5f3425bad0811bfd26f8d81'),'CBD433A9C6934A1D18BEC4207ED1FD1C');
INSERT INTO `u7417506_dosyatakip`.`values` (`id`,`formid`,`field`,`text`) VALUES (UNHEX('573caa2ddc062df97d26601f3da23a60'),UNHEX('00015c864d69058079299502fcf93ea5'),UNHEX('eba9bfbf7bd43efae89813f1dac07bcd'),'2020-12-02');
INSERT INTO `u7417506_dosyatakip`.`values` (`id`,`formid`,`field`,`text`) VALUES (UNHEX('08dcd11da685e42e386b647cc1bb0e65'),UNHEX('00015c864d69058079299502fcf93ea5'),UNHEX('4df05a2dae5fddf6b06cb7f9201427ab'),'2020-12-10');
INSERT INTO `u7417506_dosyatakip`.`values` (`id`,`formid`,`field`,`text`) VALUES (UNHEX('bc12f3f21569fa802350baf1e10e52bf'),UNHEX('00015c864d69058079299502fcf93ea5'),UNHEX('059cc94c8260ad2c5162613daa2ef5a2'),'');
INSERT INTO `u7417506_dosyatakip`.`values` (`id`,`formid`,`field`,`text`) VALUES (UNHEX('bcc8d7c3b26dee24898c8a95819f01a6'),UNHEX('00015c864d69058079299502fcf93ea5'),UNHEX('de359388539e4d1e2ad32756ed576fd6'),'');
INSERT INTO `u7417506_dosyatakip`.`values` (`id`,`formid`,`field`,`text`) VALUES (UNHEX('f33ef2d55afa23ee4f58950b61f3fb7e'),UNHEX('00015c864d69058079299502fcf93ea5'),UNHEX('9ad70292ddac62f604f79c57e78896d9'),'ALİ GÜNEŞ ');
INSERT INTO `u7417506_dosyatakip`.`values` (`id`,`formid`,`field`,`text`) VALUES (UNHEX('952d0b7ae0d340257795b347efe222c1'),UNHEX('00015c864d69058079299502fcf93ea5'),UNHEX('21d25dcf24373baeb847f52815bbd746'),'Seçin');
INSERT INTO `u7417506_dosyatakip`.`values` (`id`,`formid`,`field`,`text`) VALUES (UNHEX('6970244ff95f9741bb1b6e543a451251'),UNHEX('00015c864d69058079299502fcf93ea5'),UNHEX('166ef8d7bb247111578c2e1f6bb0c484'),'');
INSERT INTO `u7417506_dosyatakip`.`values` (`id`,`formid`,`field`,`text`) VALUES (UNHEX('5835d8f0915e265cf44d6aab496395fc'),UNHEX('00015c864d69058079299502fcf93ea5'),UNHEX('097a549f860f84424aedf9c75a6eeb59'),'');
INSERT INTO `u7417506_dosyatakip`.`values` (`id`,`formid`,`field`,`text`) VALUES (UNHEX('e1f381c50ebe00a532f6363faf7189f3'),UNHEX('00015c864d69058079299502fcf93ea5'),UNHEX('a97169a98f9e367527ef3f39ec8dbc65'),'2020-10-16');
INSERT INTO `u7417506_dosyatakip`.`values` (`id`,`formid`,`field`,`text`) VALUES (UNHEX('153e13b9b9a7edafe8ed60f2e56f7100'),UNHEX('9da3391791f2d7fd3c24e9bb02f87999'),UNHEX('44a9c75c7e4763114699697a6307bd00'),'1A403E90179CEFCD582EBBA90D52D512');
INSERT INTO `u7417506_dosyatakip`.`values` (`id`,`formid`,`field`,`text`) VALUES (UNHEX('bb3848619cda64864ea7f1fb583d4771'),UNHEX('9da3391791f2d7fd3c24e9bb02f87999'),UNHEX('0b6072368adb397a71b6a742d984eb8a'),'65762D7583D8C21AEDFAF3A8E6D43460');
INSERT INTO `u7417506_dosyatakip`.`values` (`id`,`formid`,`field`,`text`) VALUES (UNHEX('216682c38ea37de16bc6f310c049c6bc'),UNHEX('9da3391791f2d7fd3c24e9bb02f87999'),UNHEX('f2d0e64de5f3425bad0811bfd26f8d81'),'CBD433A9C6934A1D18BEC4207ED1FD1C');
INSERT INTO `u7417506_dosyatakip`.`values` (`id`,`formid`,`field`,`text`) VALUES (UNHEX('c2ac491849165aaec300874c9d89fdc1'),UNHEX('9da3391791f2d7fd3c24e9bb02f87999'),UNHEX('eba9bfbf7bd43efae89813f1dac07bcd'),'2020-12-03');
INSERT INTO `u7417506_dosyatakip`.`values` (`id`,`formid`,`field`,`text`) VALUES (UNHEX('d59d2c29fb89118369e3a841adbd0be3'),UNHEX('9da3391791f2d7fd3c24e9bb02f87999'),UNHEX('4df05a2dae5fddf6b06cb7f9201427ab'),'2020-12-10');
INSERT INTO `u7417506_dosyatakip`.`values` (`id`,`formid`,`field`,`text`) VALUES (UNHEX('1d74d484f4128828967348e9dd9dee2f'),UNHEX('9da3391791f2d7fd3c24e9bb02f87999'),UNHEX('059cc94c8260ad2c5162613daa2ef5a2'),'');
INSERT INTO `u7417506_dosyatakip`.`values` (`id`,`formid`,`field`,`text`) VALUES (UNHEX('eb2db78de6020eaf46aadc6a75186676'),UNHEX('9da3391791f2d7fd3c24e9bb02f87999'),UNHEX('de359388539e4d1e2ad32756ed576fd6'),'');
INSERT INTO `u7417506_dosyatakip`.`values` (`id`,`formid`,`field`,`text`) VALUES (UNHEX('3b8c51a5331eea27985aced1c4c3619f'),UNHEX('9da3391791f2d7fd3c24e9bb02f87999'),UNHEX('9ad70292ddac62f604f79c57e78896d9'),'DÖNDÜ BARBAROS');
INSERT INTO `u7417506_dosyatakip`.`values` (`id`,`formid`,`field`,`text`) VALUES (UNHEX('f1a3242e89287a7193ce429b38eb121b'),UNHEX('9da3391791f2d7fd3c24e9bb02f87999'),UNHEX('21d25dcf24373baeb847f52815bbd746'),'Seçin');
INSERT INTO `u7417506_dosyatakip`.`values` (`id`,`formid`,`field`,`text`) VALUES (UNHEX('8f9828d53cfc15153269b3d671b4bb60'),UNHEX('9da3391791f2d7fd3c24e9bb02f87999'),UNHEX('166ef8d7bb247111578c2e1f6bb0c484'),'');
INSERT INTO `u7417506_dosyatakip`.`values` (`id`,`formid`,`field`,`text`) VALUES (UNHEX('9e1960f78e3540099b03785bf74910d1'),UNHEX('9da3391791f2d7fd3c24e9bb02f87999'),UNHEX('097a549f860f84424aedf9c75a6eeb59'),'');
INSERT INTO `u7417506_dosyatakip`.`values` (`id`,`formid`,`field`,`text`) VALUES (UNHEX('ff7a6da0e79ea7d6c3a908211e935ba8'),UNHEX('9da3391791f2d7fd3c24e9bb02f87999'),UNHEX('a97169a98f9e367527ef3f39ec8dbc65'),'2020-10-29');
INSERT INTO `u7417506_dosyatakip`.`values` (`id`,`formid`,`field`,`text`) VALUES (UNHEX('53b02a79aa9a041df2a0f304282d7d23'),UNHEX('29780cf94221086a77c905522f8629bb'),UNHEX('44a9c75c7e4763114699697a6307bd00'),'1A403E90179CEFCD582EBBA90D52D512');
INSERT INTO `u7417506_dosyatakip`.`values` (`id`,`formid`,`field`,`text`) VALUES (UNHEX('c84cb1708bf9e8196534b2f338d79e35'),UNHEX('29780cf94221086a77c905522f8629bb'),UNHEX('0b6072368adb397a71b6a742d984eb8a'),'65762D7583D8C21AEDFAF3A8E6D43460');
INSERT INTO `u7417506_dosyatakip`.`values` (`id`,`formid`,`field`,`text`) VALUES (UNHEX('595fa859789ce7a62328e55d4e47f1fb'),UNHEX('29780cf94221086a77c905522f8629bb'),UNHEX('f2d0e64de5f3425bad0811bfd26f8d81'),'CBD433A9C6934A1D18BEC4207ED1FD1C');
INSERT INTO `u7417506_dosyatakip`.`values` (`id`,`formid`,`field`,`text`) VALUES (UNHEX('6062bc1e8c06d1c3372d62b4bbfa5b00'),UNHEX('29780cf94221086a77c905522f8629bb'),UNHEX('eba9bfbf7bd43efae89813f1dac07bcd'),'2020-11-09');
INSERT INTO `u7417506_dosyatakip`.`values` (`id`,`formid`,`field`,`text`) VALUES (UNHEX('14f994277b48c086ff03c27c23575cd6'),UNHEX('29780cf94221086a77c905522f8629bb'),UNHEX('4df05a2dae5fddf6b06cb7f9201427ab'),'2020-12-10');
INSERT INTO `u7417506_dosyatakip`.`values` (`id`,`formid`,`field`,`text`) VALUES (UNHEX('f9b1c204a4d0283ebb69a80db72ed4b4'),UNHEX('29780cf94221086a77c905522f8629bb'),UNHEX('059cc94c8260ad2c5162613daa2ef5a2'),'');
INSERT INTO `u7417506_dosyatakip`.`values` (`id`,`formid`,`field`,`text`) VALUES (UNHEX('a91fc90d67961b536108a49e9a6fe595'),UNHEX('29780cf94221086a77c905522f8629bb'),UNHEX('de359388539e4d1e2ad32756ed576fd6'),'');
INSERT INTO `u7417506_dosyatakip`.`values` (`id`,`formid`,`field`,`text`) VALUES (UNHEX('2b13d36fe5f23b10ad564c621d10536e'),UNHEX('29780cf94221086a77c905522f8629bb'),UNHEX('9ad70292ddac62f604f79c57e78896d9'),'İBRAHİM BİRGÜL');
INSERT INTO `u7417506_dosyatakip`.`values` (`id`,`formid`,`field`,`text`) VALUES (UNHEX('32bf80009e186488302e02fed0180b14'),UNHEX('29780cf94221086a77c905522f8629bb'),UNHEX('21d25dcf24373baeb847f52815bbd746'),'76E09D7FD6E3DBA8342D64D1BBF61CE2');
INSERT INTO `u7417506_dosyatakip`.`values` (`id`,`formid`,`field`,`text`) VALUES (UNHEX('6d7bc3bb01a4b5529a872c5f9442cec8'),UNHEX('29780cf94221086a77c905522f8629bb'),UNHEX('166ef8d7bb247111578c2e1f6bb0c484'),'');
INSERT INTO `u7417506_dosyatakip`.`values` (`id`,`formid`,`field`,`text`) VALUES (UNHEX('ece277f9d9c475970c9b907967bbcda6'),UNHEX('29780cf94221086a77c905522f8629bb'),UNHEX('097a549f860f84424aedf9c75a6eeb59'),'');
INSERT INTO `u7417506_dosyatakip`.`values` (`id`,`formid`,`field`,`text`) VALUES (UNHEX('e846a5bd03c779c23f8eb361aa6df98b'),UNHEX('29780cf94221086a77c905522f8629bb'),UNHEX('a97169a98f9e367527ef3f39ec8dbc65'),'2015-12-26');
INSERT INTO `u7417506_dosyatakip`.`values` (`id`,`formid`,`field`,`text`) VALUES (UNHEX('53d0b0ed1af2d9a31a86b6078671446b'),UNHEX('86ca67fd73fa3c61bb663f78a4b9c1da'),UNHEX('44a9c75c7e4763114699697a6307bd00'),'1A403E90179CEFCD582EBBA90D52D512');
INSERT INTO `u7417506_dosyatakip`.`values` (`id`,`formid`,`field`,`text`) VALUES (UNHEX('a3b0569b4aed41fde5cab9e8ac51aa9d'),UNHEX('86ca67fd73fa3c61bb663f78a4b9c1da'),UNHEX('0b6072368adb397a71b6a742d984eb8a'),'7BEB50C6A8C7E85522722BB5A6677F7E');
INSERT INTO `u7417506_dosyatakip`.`values` (`id`,`formid`,`field`,`text`) VALUES (UNHEX('ed6d04459a166cff8c50cb53ea402f7b'),UNHEX('86ca67fd73fa3c61bb663f78a4b9c1da'),UNHEX('f2d0e64de5f3425bad0811bfd26f8d81'),'CBD433A9C6934A1D18BEC4207ED1FD1C');
INSERT INTO `u7417506_dosyatakip`.`values` (`id`,`formid`,`field`,`text`) VALUES (UNHEX('799bda6c7853d56a2895031e1930b1ac'),UNHEX('86ca67fd73fa3c61bb663f78a4b9c1da'),UNHEX('eba9bfbf7bd43efae89813f1dac07bcd'),'2020-12-07');
INSERT INTO `u7417506_dosyatakip`.`values` (`id`,`formid`,`field`,`text`) VALUES (UNHEX('79167b0c1e292ff9e17ba06069d6dcf7'),UNHEX('86ca67fd73fa3c61bb663f78a4b9c1da'),UNHEX('4df05a2dae5fddf6b06cb7f9201427ab'),'2020-12-11');
INSERT INTO `u7417506_dosyatakip`.`values` (`id`,`formid`,`field`,`text`) VALUES (UNHEX('791954a00627d7100954b1786e90a82a'),UNHEX('86ca67fd73fa3c61bb663f78a4b9c1da'),UNHEX('059cc94c8260ad2c5162613daa2ef5a2'),'');
INSERT INTO `u7417506_dosyatakip`.`values` (`id`,`formid`,`field`,`text`) VALUES (UNHEX('3ed49ce85c15fd7931f1b9da9659b9b4'),UNHEX('86ca67fd73fa3c61bb663f78a4b9c1da'),UNHEX('de359388539e4d1e2ad32756ed576fd6'),'');
INSERT INTO `u7417506_dosyatakip`.`values` (`id`,`formid`,`field`,`text`) VALUES (UNHEX('8db2f0b90d26376e805da8dbf0186878'),UNHEX('86ca67fd73fa3c61bb663f78a4b9c1da'),UNHEX('9ad70292ddac62f604f79c57e78896d9'),'GALİP SÜMER');
INSERT INTO `u7417506_dosyatakip`.`values` (`id`,`formid`,`field`,`text`) VALUES (UNHEX('c9fd0bdb7e52892c094922c82e81b2db'),UNHEX('86ca67fd73fa3c61bb663f78a4b9c1da'),UNHEX('21d25dcf24373baeb847f52815bbd746'),'D0FC09ADB61E7F8BEBAA6D5D814C5484');
INSERT INTO `u7417506_dosyatakip`.`values` (`id`,`formid`,`field`,`text`) VALUES (UNHEX('ab1b4c4202a6821212f939e04afdc1df'),UNHEX('86ca67fd73fa3c61bb663f78a4b9c1da'),UNHEX('166ef8d7bb247111578c2e1f6bb0c484'),'');
INSERT INTO `u7417506_dosyatakip`.`values` (`id`,`formid`,`field`,`text`) VALUES (UNHEX('0d61962dd0bf9193030372a78b370a08'),UNHEX('86ca67fd73fa3c61bb663f78a4b9c1da'),UNHEX('097a549f860f84424aedf9c75a6eeb59'),'');
INSERT INTO `u7417506_dosyatakip`.`values` (`id`,`formid`,`field`,`text`) VALUES (UNHEX('7173689fb2698631bbb3def148da4313'),UNHEX('86ca67fd73fa3c61bb663f78a4b9c1da'),UNHEX('a97169a98f9e367527ef3f39ec8dbc65'),'2017-06-13');
INSERT INTO `u7417506_dosyatakip`.`values` (`id`,`formid`,`field`,`text`) VALUES (UNHEX('7ab6bcd4578f51506ba8131aed6ea225'),UNHEX('167e796324877414efc02e0553e64309'),UNHEX('44a9c75c7e4763114699697a6307bd00'),'1A403E90179CEFCD582EBBA90D52D512');
INSERT INTO `u7417506_dosyatakip`.`values` (`id`,`formid`,`field`,`text`) VALUES (UNHEX('f3e72caacb2071efa982d3e7e7b75294'),UNHEX('167e796324877414efc02e0553e64309'),UNHEX('0b6072368adb397a71b6a742d984eb8a'),'65762D7583D8C21AEDFAF3A8E6D43460');
INSERT INTO `u7417506_dosyatakip`.`values` (`id`,`formid`,`field`,`text`) VALUES (UNHEX('7e0e80809efa22758b34aa3b71238cf0'),UNHEX('167e796324877414efc02e0553e64309'),UNHEX('f2d0e64de5f3425bad0811bfd26f8d81'),'CBD433A9C6934A1D18BEC4207ED1FD1C');
INSERT INTO `u7417506_dosyatakip`.`values` (`id`,`formid`,`field`,`text`) VALUES (UNHEX('5c1ce8302608c2d3966b4f6d6329ecdc'),UNHEX('167e796324877414efc02e0553e64309'),UNHEX('eba9bfbf7bd43efae89813f1dac07bcd'),'2020-11-24');
INSERT INTO `u7417506_dosyatakip`.`values` (`id`,`formid`,`field`,`text`) VALUES (UNHEX('ea98ae63d2153b69cc2a954ae379b8fc'),UNHEX('167e796324877414efc02e0553e64309'),UNHEX('4df05a2dae5fddf6b06cb7f9201427ab'),'2020-12-10');
INSERT INTO `u7417506_dosyatakip`.`values` (`id`,`formid`,`field`,`text`) VALUES (UNHEX('3fd3cff49a7f1bb8af1879136fc354a9'),UNHEX('167e796324877414efc02e0553e64309'),UNHEX('059cc94c8260ad2c5162613daa2ef5a2'),'');
INSERT INTO `u7417506_dosyatakip`.`values` (`id`,`formid`,`field`,`text`) VALUES (UNHEX('fd7db72137ab61e74d0147acc8033dd6'),UNHEX('167e796324877414efc02e0553e64309'),UNHEX('de359388539e4d1e2ad32756ed576fd6'),'');
INSERT INTO `u7417506_dosyatakip`.`values` (`id`,`formid`,`field`,`text`) VALUES (UNHEX('dab00bd2601f0e11abc835a3bc44b4a7'),UNHEX('167e796324877414efc02e0553e64309'),UNHEX('9ad70292ddac62f604f79c57e78896d9'),'DAVUT SALMAZ');
INSERT INTO `u7417506_dosyatakip`.`values` (`id`,`formid`,`field`,`text`) VALUES (UNHEX('75017e6562e214bcd1d466249926c948'),UNHEX('167e796324877414efc02e0553e64309'),UNHEX('21d25dcf24373baeb847f52815bbd746'),'Seçin');
INSERT INTO `u7417506_dosyatakip`.`values` (`id`,`formid`,`field`,`text`) VALUES (UNHEX('454d44f8f2ffb397b89862c8936c1264'),UNHEX('167e796324877414efc02e0553e64309'),UNHEX('166ef8d7bb247111578c2e1f6bb0c484'),'');
INSERT INTO `u7417506_dosyatakip`.`values` (`id`,`formid`,`field`,`text`) VALUES (UNHEX('6e70cc0e23e352dd16021bc4bb363820'),UNHEX('167e796324877414efc02e0553e64309'),UNHEX('097a549f860f84424aedf9c75a6eeb59'),'');
INSERT INTO `u7417506_dosyatakip`.`values` (`id`,`formid`,`field`,`text`) VALUES (UNHEX('261e746a6e0ac741fa6a31f4fdbea5dc'),UNHEX('167e796324877414efc02e0553e64309'),UNHEX('a97169a98f9e367527ef3f39ec8dbc65'),'2015-09-26');
INSERT INTO `u7417506_dosyatakip`.`values` (`id`,`formid`,`field`,`text`) VALUES (UNHEX('6974cc853f84e88453f2750fb48e0779'),UNHEX('153df901e9b9f7a6a2e067093cbd4b4f'),UNHEX('44a9c75c7e4763114699697a6307bd00'),'1A403E90179CEFCD582EBBA90D52D512');
INSERT INTO `u7417506_dosyatakip`.`values` (`id`,`formid`,`field`,`text`) VALUES (UNHEX('36c32cf899f667fbfcaa0545c1c03f36'),UNHEX('153df901e9b9f7a6a2e067093cbd4b4f'),UNHEX('0b6072368adb397a71b6a742d984eb8a'),'65762D7583D8C21AEDFAF3A8E6D43460');
INSERT INTO `u7417506_dosyatakip`.`values` (`id`,`formid`,`field`,`text`) VALUES (UNHEX('6a5f840c708eb5104b316074a669c3bc'),UNHEX('153df901e9b9f7a6a2e067093cbd4b4f'),UNHEX('f2d0e64de5f3425bad0811bfd26f8d81'),'CBD433A9C6934A1D18BEC4207ED1FD1C');
INSERT INTO `u7417506_dosyatakip`.`values` (`id`,`formid`,`field`,`text`) VALUES (UNHEX('06bf75670d58bea4af5ba81da5e3da55'),UNHEX('153df901e9b9f7a6a2e067093cbd4b4f'),UNHEX('eba9bfbf7bd43efae89813f1dac07bcd'),'2020-11-30');
INSERT INTO `u7417506_dosyatakip`.`values` (`id`,`formid`,`field`,`text`) VALUES (UNHEX('e9daee9e055ce4f3e3d4425aa50e2326'),UNHEX('153df901e9b9f7a6a2e067093cbd4b4f'),UNHEX('4df05a2dae5fddf6b06cb7f9201427ab'),'2020-12-10');
INSERT INTO `u7417506_dosyatakip`.`values` (`id`,`formid`,`field`,`text`) VALUES (UNHEX('bd7ef108a7a5303371814730bc4be059'),UNHEX('153df901e9b9f7a6a2e067093cbd4b4f'),UNHEX('059cc94c8260ad2c5162613daa2ef5a2'),'');
INSERT INTO `u7417506_dosyatakip`.`values` (`id`,`formid`,`field`,`text`) VALUES (UNHEX('06da5e69d74ef18daad66efb0d885de9'),UNHEX('153df901e9b9f7a6a2e067093cbd4b4f'),UNHEX('de359388539e4d1e2ad32756ed576fd6'),'');
INSERT INTO `u7417506_dosyatakip`.`values` (`id`,`formid`,`field`,`text`) VALUES (UNHEX('80f813c94d900796d32a37e6e6f68105'),UNHEX('153df901e9b9f7a6a2e067093cbd4b4f'),UNHEX('9ad70292ddac62f604f79c57e78896d9'),'NAİL PALAS');
INSERT INTO `u7417506_dosyatakip`.`values` (`id`,`formid`,`field`,`text`) VALUES (UNHEX('d8ca497021bb0b0ef09392c30c821152'),UNHEX('153df901e9b9f7a6a2e067093cbd4b4f'),UNHEX('21d25dcf24373baeb847f52815bbd746'),'C042E5CAB09C98865DA1E49310631376');
INSERT INTO `u7417506_dosyatakip`.`values` (`id`,`formid`,`field`,`text`) VALUES (UNHEX('3a29cc85a150da318b87b367f4cb03ae'),UNHEX('153df901e9b9f7a6a2e067093cbd4b4f'),UNHEX('166ef8d7bb247111578c2e1f6bb0c484'),'');
INSERT INTO `u7417506_dosyatakip`.`values` (`id`,`formid`,`field`,`text`) VALUES (UNHEX('573f5a507abd8cf525616693dacd5c24'),UNHEX('153df901e9b9f7a6a2e067093cbd4b4f'),UNHEX('097a549f860f84424aedf9c75a6eeb59'),'');
INSERT INTO `u7417506_dosyatakip`.`values` (`id`,`formid`,`field`,`text`) VALUES (UNHEX('9b2748314fbb3058d6086ddba906df2b'),UNHEX('153df901e9b9f7a6a2e067093cbd4b4f'),UNHEX('a97169a98f9e367527ef3f39ec8dbc65'),'2020-08-20');
INSERT INTO `u7417506_dosyatakip`.`values` (`id`,`formid`,`field`,`text`) VALUES (UNHEX('5575a24ede2e605641db9b2610675615'),UNHEX('3fc4cded032df6879629d8c7ad8eeb6a'),UNHEX('44a9c75c7e4763114699697a6307bd00'),'1A403E90179CEFCD582EBBA90D52D512');
INSERT INTO `u7417506_dosyatakip`.`values` (`id`,`formid`,`field`,`text`) VALUES (UNHEX('932c87b16ae4aa518f8540f145535717'),UNHEX('3fc4cded032df6879629d8c7ad8eeb6a'),UNHEX('0b6072368adb397a71b6a742d984eb8a'),'65762D7583D8C21AEDFAF3A8E6D43460');
INSERT INTO `u7417506_dosyatakip`.`values` (`id`,`formid`,`field`,`text`) VALUES (UNHEX('ff53546c1f5511e1d524f5231eccbc4b'),UNHEX('3fc4cded032df6879629d8c7ad8eeb6a'),UNHEX('f2d0e64de5f3425bad0811bfd26f8d81'),'CBD433A9C6934A1D18BEC4207ED1FD1C');
INSERT INTO `u7417506_dosyatakip`.`values` (`id`,`formid`,`field`,`text`) VALUES (UNHEX('e1c750bf151bcbb87fdcd7ee08f06a7f'),UNHEX('3fc4cded032df6879629d8c7ad8eeb6a'),UNHEX('eba9bfbf7bd43efae89813f1dac07bcd'),'2020-11-23');
INSERT INTO `u7417506_dosyatakip`.`values` (`id`,`formid`,`field`,`text`) VALUES (UNHEX('00d067b18dfe1e8954765ad1a6908fd4'),UNHEX('3fc4cded032df6879629d8c7ad8eeb6a'),UNHEX('4df05a2dae5fddf6b06cb7f9201427ab'),'2020-12-10');
INSERT INTO `u7417506_dosyatakip`.`values` (`id`,`formid`,`field`,`text`) VALUES (UNHEX('ed97479feb526b6c4143147f6d1f6392'),UNHEX('3fc4cded032df6879629d8c7ad8eeb6a'),UNHEX('059cc94c8260ad2c5162613daa2ef5a2'),'');
INSERT INTO `u7417506_dosyatakip`.`values` (`id`,`formid`,`field`,`text`) VALUES (UNHEX('716576e2179d4bea87dd200ba8c5be58'),UNHEX('3fc4cded032df6879629d8c7ad8eeb6a'),UNHEX('de359388539e4d1e2ad32756ed576fd6'),'');
INSERT INTO `u7417506_dosyatakip`.`values` (`id`,`formid`,`field`,`text`) VALUES (UNHEX('45dc4b279bf6c1a4ed2c13c65704a66a'),UNHEX('3fc4cded032df6879629d8c7ad8eeb6a'),UNHEX('9ad70292ddac62f604f79c57e78896d9'),'ARİF OLDAÇ');
INSERT INTO `u7417506_dosyatakip`.`values` (`id`,`formid`,`field`,`text`) VALUES (UNHEX('aea3dece6d4b6683e01c696d3df39ebf'),UNHEX('3fc4cded032df6879629d8c7ad8eeb6a'),UNHEX('21d25dcf24373baeb847f52815bbd746'),'Seçin');
INSERT INTO `u7417506_dosyatakip`.`values` (`id`,`formid`,`field`,`text`) VALUES (UNHEX('44bc6adae6245dd6a6ae0d261f735a90'),UNHEX('3fc4cded032df6879629d8c7ad8eeb6a'),UNHEX('166ef8d7bb247111578c2e1f6bb0c484'),'');
INSERT INTO `u7417506_dosyatakip`.`values` (`id`,`formid`,`field`,`text`) VALUES (UNHEX('75781904705f61c5a5504fee6c10c456'),UNHEX('3fc4cded032df6879629d8c7ad8eeb6a'),UNHEX('097a549f860f84424aedf9c75a6eeb59'),'');
INSERT INTO `u7417506_dosyatakip`.`values` (`id`,`formid`,`field`,`text`) VALUES (UNHEX('631d29801157ec5a54b79c1b180d2d7e'),UNHEX('3fc4cded032df6879629d8c7ad8eeb6a'),UNHEX('a97169a98f9e367527ef3f39ec8dbc65'),'2020-11-11');
INSERT INTO `u7417506_dosyatakip`.`values` (`id`,`formid`,`field`,`text`) VALUES (UNHEX('1a3d8f95ea52572179e8ac5190383bee'),UNHEX('c89572becd20ffb711eb23f5a59c6771'),UNHEX('44a9c75c7e4763114699697a6307bd00'),'1A403E90179CEFCD582EBBA90D52D512');
INSERT INTO `u7417506_dosyatakip`.`values` (`id`,`formid`,`field`,`text`) VALUES (UNHEX('69dccd5609f5c9f6c73168627454f069'),UNHEX('c89572becd20ffb711eb23f5a59c6771'),UNHEX('0b6072368adb397a71b6a742d984eb8a'),'65762D7583D8C21AEDFAF3A8E6D43460');
INSERT INTO `u7417506_dosyatakip`.`values` (`id`,`formid`,`field`,`text`) VALUES (UNHEX('2f95450e750f91af0cf17bc18fe1c69a'),UNHEX('c89572becd20ffb711eb23f5a59c6771'),UNHEX('f2d0e64de5f3425bad0811bfd26f8d81'),'CBD433A9C6934A1D18BEC4207ED1FD1C');
INSERT INTO `u7417506_dosyatakip`.`values` (`id`,`formid`,`field`,`text`) VALUES (UNHEX('897197dc9d89d02ff7637f1146deea06'),UNHEX('c89572becd20ffb711eb23f5a59c6771'),UNHEX('eba9bfbf7bd43efae89813f1dac07bcd'),'2020-11-23');
INSERT INTO `u7417506_dosyatakip`.`values` (`id`,`formid`,`field`,`text`) VALUES (UNHEX('01da1da325f6acd84b3055ce3f7fff7a'),UNHEX('c89572becd20ffb711eb23f5a59c6771'),UNHEX('4df05a2dae5fddf6b06cb7f9201427ab'),'2020-12-10');
INSERT INTO `u7417506_dosyatakip`.`values` (`id`,`formid`,`field`,`text`) VALUES (UNHEX('065ec10ca0a0deed4de381859a19d5ce'),UNHEX('c89572becd20ffb711eb23f5a59c6771'),UNHEX('059cc94c8260ad2c5162613daa2ef5a2'),'');
INSERT INTO `u7417506_dosyatakip`.`values` (`id`,`formid`,`field`,`text`) VALUES (UNHEX('c3a35a60db849408909c862829fac314'),UNHEX('c89572becd20ffb711eb23f5a59c6771'),UNHEX('de359388539e4d1e2ad32756ed576fd6'),'');
INSERT INTO `u7417506_dosyatakip`.`values` (`id`,`formid`,`field`,`text`) VALUES (UNHEX('2a806d44d11e89231c7fc057e7bc8914'),UNHEX('c89572becd20ffb711eb23f5a59c6771'),UNHEX('9ad70292ddac62f604f79c57e78896d9'),'EMRE ELÇİN');
INSERT INTO `u7417506_dosyatakip`.`values` (`id`,`formid`,`field`,`text`) VALUES (UNHEX('99578ae19706df7c92400161a87f9292'),UNHEX('c89572becd20ffb711eb23f5a59c6771'),UNHEX('21d25dcf24373baeb847f52815bbd746'),'Seçin');
INSERT INTO `u7417506_dosyatakip`.`values` (`id`,`formid`,`field`,`text`) VALUES (UNHEX('b8b211db15438baba81328a131362a2c'),UNHEX('c89572becd20ffb711eb23f5a59c6771'),UNHEX('166ef8d7bb247111578c2e1f6bb0c484'),'');
INSERT INTO `u7417506_dosyatakip`.`values` (`id`,`formid`,`field`,`text`) VALUES (UNHEX('661e8ad839bb4e0c86bd5f3a41f68d0a'),UNHEX('c89572becd20ffb711eb23f5a59c6771'),UNHEX('097a549f860f84424aedf9c75a6eeb59'),'');
INSERT INTO `u7417506_dosyatakip`.`values` (`id`,`formid`,`field`,`text`) VALUES (UNHEX('27ea42563d2a0b83622b336dff7e20d4'),UNHEX('c89572becd20ffb711eb23f5a59c6771'),UNHEX('a97169a98f9e367527ef3f39ec8dbc65'),'2020-11-11');
INSERT INTO `u7417506_dosyatakip`.`values` (`id`,`formid`,`field`,`text`) VALUES (UNHEX('5240ace5b93ac35b52c7264a6b1a9e9d'),UNHEX('159cf5c32b7fdf76ce2825f7a199439b'),UNHEX('44a9c75c7e4763114699697a6307bd00'),'1A403E90179CEFCD582EBBA90D52D512');
INSERT INTO `u7417506_dosyatakip`.`values` (`id`,`formid`,`field`,`text`) VALUES (UNHEX('79d84666b0c687b3e145f896c9c16c82'),UNHEX('159cf5c32b7fdf76ce2825f7a199439b'),UNHEX('0b6072368adb397a71b6a742d984eb8a'),'7BEB50C6A8C7E85522722BB5A6677F7E');
INSERT INTO `u7417506_dosyatakip`.`values` (`id`,`formid`,`field`,`text`) VALUES (UNHEX('aa639d3eaed5574686bcb3c0db19c4ad'),UNHEX('159cf5c32b7fdf76ce2825f7a199439b'),UNHEX('f2d0e64de5f3425bad0811bfd26f8d81'),'CBD433A9C6934A1D18BEC4207ED1FD1C');
INSERT INTO `u7417506_dosyatakip`.`values` (`id`,`formid`,`field`,`text`) VALUES (UNHEX('f87dc02b3a98c71951d26e45a1aea10f'),UNHEX('159cf5c32b7fdf76ce2825f7a199439b'),UNHEX('eba9bfbf7bd43efae89813f1dac07bcd'),'2020-11-27');
INSERT INTO `u7417506_dosyatakip`.`values` (`id`,`formid`,`field`,`text`) VALUES (UNHEX('450046c0e50633c5abad6290d8333e3c'),UNHEX('159cf5c32b7fdf76ce2825f7a199439b'),UNHEX('4df05a2dae5fddf6b06cb7f9201427ab'),'2020-12-10');
INSERT INTO `u7417506_dosyatakip`.`values` (`id`,`formid`,`field`,`text`) VALUES (UNHEX('24803641b50f9ef9cd2cbe31f0f418fb'),UNHEX('159cf5c32b7fdf76ce2825f7a199439b'),UNHEX('059cc94c8260ad2c5162613daa2ef5a2'),'');
INSERT INTO `u7417506_dosyatakip`.`values` (`id`,`formid`,`field`,`text`) VALUES (UNHEX('52b5e8f0cb01c0e09d1eb13ab6dcd52e'),UNHEX('159cf5c32b7fdf76ce2825f7a199439b'),UNHEX('de359388539e4d1e2ad32756ed576fd6'),'');
INSERT INTO `u7417506_dosyatakip`.`values` (`id`,`formid`,`field`,`text`) VALUES (UNHEX('c175287ee397cde2d02c6c93f87b90ed'),UNHEX('159cf5c32b7fdf76ce2825f7a199439b'),UNHEX('9ad70292ddac62f604f79c57e78896d9'),'MEVLÜT ÖZCAN');
INSERT INTO `u7417506_dosyatakip`.`values` (`id`,`formid`,`field`,`text`) VALUES (UNHEX('e8061119fb7fbd04a0e930343849dea0'),UNHEX('159cf5c32b7fdf76ce2825f7a199439b'),UNHEX('21d25dcf24373baeb847f52815bbd746'),'76E09D7FD6E3DBA8342D64D1BBF61CE2');
INSERT INTO `u7417506_dosyatakip`.`values` (`id`,`formid`,`field`,`text`) VALUES (UNHEX('8d949dab32ef95feb0f151a87f69f210'),UNHEX('159cf5c32b7fdf76ce2825f7a199439b'),UNHEX('166ef8d7bb247111578c2e1f6bb0c484'),'');
INSERT INTO `u7417506_dosyatakip`.`values` (`id`,`formid`,`field`,`text`) VALUES (UNHEX('396f8248e6ebd7304eda949fb6f16cfa'),UNHEX('159cf5c32b7fdf76ce2825f7a199439b'),UNHEX('097a549f860f84424aedf9c75a6eeb59'),'');
INSERT INTO `u7417506_dosyatakip`.`values` (`id`,`formid`,`field`,`text`) VALUES (UNHEX('356537c7d3b3f8948c912a080dfafa7d'),UNHEX('159cf5c32b7fdf76ce2825f7a199439b'),UNHEX('a97169a98f9e367527ef3f39ec8dbc65'),'2020-08-22');
INSERT INTO `u7417506_dosyatakip`.`values` (`id`,`formid`,`field`,`text`) VALUES (UNHEX('5a1be02acbf3db1cc2095ce885bf125c'),UNHEX('e6703cdf20d4430c989c02ee43bc522c'),UNHEX('44a9c75c7e4763114699697a6307bd00'),'1A403E90179CEFCD582EBBA90D52D512');
INSERT INTO `u7417506_dosyatakip`.`values` (`id`,`formid`,`field`,`text`) VALUES (UNHEX('bbcf102869b20fa4b1a6b7201de162af'),UNHEX('e6703cdf20d4430c989c02ee43bc522c'),UNHEX('0b6072368adb397a71b6a742d984eb8a'),'65762D7583D8C21AEDFAF3A8E6D43460');
INSERT INTO `u7417506_dosyatakip`.`values` (`id`,`formid`,`field`,`text`) VALUES (UNHEX('9e2626d6dc5c78ced0c67d8fddcf3498'),UNHEX('e6703cdf20d4430c989c02ee43bc522c'),UNHEX('f2d0e64de5f3425bad0811bfd26f8d81'),'0AF0CAF76201C3E2246D730B0B26DCC2');
INSERT INTO `u7417506_dosyatakip`.`values` (`id`,`formid`,`field`,`text`) VALUES (UNHEX('df401bee887ab42f2eed119bfd47ed30'),UNHEX('e6703cdf20d4430c989c02ee43bc522c'),UNHEX('eba9bfbf7bd43efae89813f1dac07bcd'),'2020-11-24');
INSERT INTO `u7417506_dosyatakip`.`values` (`id`,`formid`,`field`,`text`) VALUES (UNHEX('57c741ec2d9d9292d9f7bc8c27af0446'),UNHEX('e6703cdf20d4430c989c02ee43bc522c'),UNHEX('4df05a2dae5fddf6b06cb7f9201427ab'),'2020-12-10');
INSERT INTO `u7417506_dosyatakip`.`values` (`id`,`formid`,`field`,`text`) VALUES (UNHEX('ec180bb034c5d488069cd24aa3be0de6'),UNHEX('e6703cdf20d4430c989c02ee43bc522c'),UNHEX('059cc94c8260ad2c5162613daa2ef5a2'),'');
INSERT INTO `u7417506_dosyatakip`.`values` (`id`,`formid`,`field`,`text`) VALUES (UNHEX('1f369db432ebfee6f0e94ec051f1ec65'),UNHEX('e6703cdf20d4430c989c02ee43bc522c'),UNHEX('de359388539e4d1e2ad32756ed576fd6'),'');
INSERT INTO `u7417506_dosyatakip`.`values` (`id`,`formid`,`field`,`text`) VALUES (UNHEX('b1d8137f00f4523594549411d400effb'),UNHEX('e6703cdf20d4430c989c02ee43bc522c'),UNHEX('9ad70292ddac62f604f79c57e78896d9'),'MUHAMMET EMİN BAŞTÜRK');
INSERT INTO `u7417506_dosyatakip`.`values` (`id`,`formid`,`field`,`text`) VALUES (UNHEX('ac2b614ff3073766f98e6f04db860059'),UNHEX('e6703cdf20d4430c989c02ee43bc522c'),UNHEX('21d25dcf24373baeb847f52815bbd746'),'Seçin');
INSERT INTO `u7417506_dosyatakip`.`values` (`id`,`formid`,`field`,`text`) VALUES (UNHEX('f541f9ae87de3db3ece1dbf7a84285dd'),UNHEX('e6703cdf20d4430c989c02ee43bc522c'),UNHEX('166ef8d7bb247111578c2e1f6bb0c484'),'');
INSERT INTO `u7417506_dosyatakip`.`values` (`id`,`formid`,`field`,`text`) VALUES (UNHEX('f48489e33a5fbac2e597864997cf5fbe'),UNHEX('e6703cdf20d4430c989c02ee43bc522c'),UNHEX('097a549f860f84424aedf9c75a6eeb59'),'');
INSERT INTO `u7417506_dosyatakip`.`values` (`id`,`formid`,`field`,`text`) VALUES (UNHEX('e4f0565a0ac51225aa8ce67780b468ed'),UNHEX('e6703cdf20d4430c989c02ee43bc522c'),UNHEX('a97169a98f9e367527ef3f39ec8dbc65'),'2020-09-18');
INSERT INTO `u7417506_dosyatakip`.`values` (`id`,`formid`,`field`,`text`) VALUES (UNHEX('3d36aa1d23bdbf0920c9d4534bb36598'),UNHEX('7d67eb59ff520c65e57ef56254fef42c'),UNHEX('44a9c75c7e4763114699697a6307bd00'),'1A403E90179CEFCD582EBBA90D52D512');
INSERT INTO `u7417506_dosyatakip`.`values` (`id`,`formid`,`field`,`text`) VALUES (UNHEX('63ac9987101830e71e570b6d7b2240e7'),UNHEX('7d67eb59ff520c65e57ef56254fef42c'),UNHEX('0b6072368adb397a71b6a742d984eb8a'),'65762D7583D8C21AEDFAF3A8E6D43460');
INSERT INTO `u7417506_dosyatakip`.`values` (`id`,`formid`,`field`,`text`) VALUES (UNHEX('c66bd35ff18a8d43e44b56453c616f2c'),UNHEX('7d67eb59ff520c65e57ef56254fef42c'),UNHEX('f2d0e64de5f3425bad0811bfd26f8d81'),'CBD433A9C6934A1D18BEC4207ED1FD1C');
INSERT INTO `u7417506_dosyatakip`.`values` (`id`,`formid`,`field`,`text`) VALUES (UNHEX('8527ffcb8b65c6ad28b949819f2a2ccc'),UNHEX('7d67eb59ff520c65e57ef56254fef42c'),UNHEX('eba9bfbf7bd43efae89813f1dac07bcd'),'2020-12-03');
INSERT INTO `u7417506_dosyatakip`.`values` (`id`,`formid`,`field`,`text`) VALUES (UNHEX('d6e812b84dc5daf98689511cd7261ce3'),UNHEX('7d67eb59ff520c65e57ef56254fef42c'),UNHEX('4df05a2dae5fddf6b06cb7f9201427ab'),'2020-12-10');
INSERT INTO `u7417506_dosyatakip`.`values` (`id`,`formid`,`field`,`text`) VALUES (UNHEX('34568fa148880142bab5f1f479973b91'),UNHEX('7d67eb59ff520c65e57ef56254fef42c'),UNHEX('059cc94c8260ad2c5162613daa2ef5a2'),'');
INSERT INTO `u7417506_dosyatakip`.`values` (`id`,`formid`,`field`,`text`) VALUES (UNHEX('b5471ea127c206d10fdcd03fcccd79d4'),UNHEX('7d67eb59ff520c65e57ef56254fef42c'),UNHEX('de359388539e4d1e2ad32756ed576fd6'),'');
INSERT INTO `u7417506_dosyatakip`.`values` (`id`,`formid`,`field`,`text`) VALUES (UNHEX('528b660b8b7dec0c133b1cff80d65edf'),UNHEX('7d67eb59ff520c65e57ef56254fef42c'),UNHEX('9ad70292ddac62f604f79c57e78896d9'),'NAİME ASLAN');
INSERT INTO `u7417506_dosyatakip`.`values` (`id`,`formid`,`field`,`text`) VALUES (UNHEX('ecd415d7374d079aae565eee16ab36bb'),UNHEX('7d67eb59ff520c65e57ef56254fef42c'),UNHEX('21d25dcf24373baeb847f52815bbd746'),'76E09D7FD6E3DBA8342D64D1BBF61CE2');
INSERT INTO `u7417506_dosyatakip`.`values` (`id`,`formid`,`field`,`text`) VALUES (UNHEX('696fe98b404ce24f545f7b896c9b7b00'),UNHEX('7d67eb59ff520c65e57ef56254fef42c'),UNHEX('166ef8d7bb247111578c2e1f6bb0c484'),'');
INSERT INTO `u7417506_dosyatakip`.`values` (`id`,`formid`,`field`,`text`) VALUES (UNHEX('fc239268da9beac2066f8782035f40f5'),UNHEX('7d67eb59ff520c65e57ef56254fef42c'),UNHEX('097a549f860f84424aedf9c75a6eeb59'),'');
INSERT INTO `u7417506_dosyatakip`.`values` (`id`,`formid`,`field`,`text`) VALUES (UNHEX('796291813046685ac054093f8ba82351'),UNHEX('7d67eb59ff520c65e57ef56254fef42c'),UNHEX('a97169a98f9e367527ef3f39ec8dbc65'),'2020-10-29');
INSERT INTO `u7417506_dosyatakip`.`values` (`id`,`formid`,`field`,`text`) VALUES (UNHEX('c22a28f610769850214d7d1c55a13f95'),UNHEX('3baddb9dbc6148592eb6a6e110562211'),UNHEX('44a9c75c7e4763114699697a6307bd00'),'1A403E90179CEFCD582EBBA90D52D512');
INSERT INTO `u7417506_dosyatakip`.`values` (`id`,`formid`,`field`,`text`) VALUES (UNHEX('be517cf950b3a880aae1c4801addae72'),UNHEX('3baddb9dbc6148592eb6a6e110562211'),UNHEX('0b6072368adb397a71b6a742d984eb8a'),'65762D7583D8C21AEDFAF3A8E6D43460');
INSERT INTO `u7417506_dosyatakip`.`values` (`id`,`formid`,`field`,`text`) VALUES (UNHEX('ba951cb92f8f35d62a0297a9c76d8619'),UNHEX('3baddb9dbc6148592eb6a6e110562211'),UNHEX('f2d0e64de5f3425bad0811bfd26f8d81'),'CBD433A9C6934A1D18BEC4207ED1FD1C');
INSERT INTO `u7417506_dosyatakip`.`values` (`id`,`formid`,`field`,`text`) VALUES (UNHEX('9a19e6998de9fad89e9acc1bc88fbbb7'),UNHEX('3baddb9dbc6148592eb6a6e110562211'),UNHEX('eba9bfbf7bd43efae89813f1dac07bcd'),'2020-12-03');
INSERT INTO `u7417506_dosyatakip`.`values` (`id`,`formid`,`field`,`text`) VALUES (UNHEX('46266c3e988c70631d19dcac0f0eec4f'),UNHEX('3baddb9dbc6148592eb6a6e110562211'),UNHEX('4df05a2dae5fddf6b06cb7f9201427ab'),'2020-12-10');
INSERT INTO `u7417506_dosyatakip`.`values` (`id`,`formid`,`field`,`text`) VALUES (UNHEX('cdd8c298c57dfb8fe3592ec4d7cc125d'),UNHEX('3baddb9dbc6148592eb6a6e110562211'),UNHEX('059cc94c8260ad2c5162613daa2ef5a2'),'');
INSERT INTO `u7417506_dosyatakip`.`values` (`id`,`formid`,`field`,`text`) VALUES (UNHEX('829a02c1854ac16c8777b25adad5c1a7'),UNHEX('3baddb9dbc6148592eb6a6e110562211'),UNHEX('de359388539e4d1e2ad32756ed576fd6'),'');
INSERT INTO `u7417506_dosyatakip`.`values` (`id`,`formid`,`field`,`text`) VALUES (UNHEX('75242efc68ec1f0fd56a46163f6135c5'),UNHEX('3baddb9dbc6148592eb6a6e110562211'),UNHEX('9ad70292ddac62f604f79c57e78896d9'),'ŞAİZE BULUT');
INSERT INTO `u7417506_dosyatakip`.`values` (`id`,`formid`,`field`,`text`) VALUES (UNHEX('814584cacd789e65586f4514b5109849'),UNHEX('3baddb9dbc6148592eb6a6e110562211'),UNHEX('21d25dcf24373baeb847f52815bbd746'),'76E09D7FD6E3DBA8342D64D1BBF61CE2');
INSERT INTO `u7417506_dosyatakip`.`values` (`id`,`formid`,`field`,`text`) VALUES (UNHEX('df2ae184947c10febfbd97695a60abb1'),UNHEX('3baddb9dbc6148592eb6a6e110562211'),UNHEX('166ef8d7bb247111578c2e1f6bb0c484'),'');
INSERT INTO `u7417506_dosyatakip`.`values` (`id`,`formid`,`field`,`text`) VALUES (UNHEX('8991704c5726f2ce83cbc38942613764'),UNHEX('3baddb9dbc6148592eb6a6e110562211'),UNHEX('097a549f860f84424aedf9c75a6eeb59'),'');
INSERT INTO `u7417506_dosyatakip`.`values` (`id`,`formid`,`field`,`text`) VALUES (UNHEX('83bf1f6765fb7ce992b7267df075aa40'),UNHEX('3baddb9dbc6148592eb6a6e110562211'),UNHEX('a97169a98f9e367527ef3f39ec8dbc65'),'2020-10-29');
INSERT INTO `u7417506_dosyatakip`.`values` (`id`,`formid`,`field`,`text`) VALUES (UNHEX('660bd2c75050f9d4669979c64964ae2a'),UNHEX('c339bbd72990a6c7579897dddd3857c6'),UNHEX('44a9c75c7e4763114699697a6307bd00'),'1A403E90179CEFCD582EBBA90D52D512');
INSERT INTO `u7417506_dosyatakip`.`values` (`id`,`formid`,`field`,`text`) VALUES (UNHEX('7479b3e325d31f64988089aa90b2bcb2'),UNHEX('c339bbd72990a6c7579897dddd3857c6'),UNHEX('0b6072368adb397a71b6a742d984eb8a'),'65762D7583D8C21AEDFAF3A8E6D43460');
INSERT INTO `u7417506_dosyatakip`.`values` (`id`,`formid`,`field`,`text`) VALUES (UNHEX('5f7fd25ce569484ce3bb2d9b302487fe'),UNHEX('c339bbd72990a6c7579897dddd3857c6'),UNHEX('f2d0e64de5f3425bad0811bfd26f8d81'),'CBD433A9C6934A1D18BEC4207ED1FD1C');
INSERT INTO `u7417506_dosyatakip`.`values` (`id`,`formid`,`field`,`text`) VALUES (UNHEX('9672247a598bbbd397b83a5f5b0ed55d'),UNHEX('c339bbd72990a6c7579897dddd3857c6'),UNHEX('eba9bfbf7bd43efae89813f1dac07bcd'),'2020-12-03');
INSERT INTO `u7417506_dosyatakip`.`values` (`id`,`formid`,`field`,`text`) VALUES (UNHEX('f1ce86af869dc017c2b5018bcaee0c4a'),UNHEX('c339bbd72990a6c7579897dddd3857c6'),UNHEX('4df05a2dae5fddf6b06cb7f9201427ab'),'2020-12-10');
INSERT INTO `u7417506_dosyatakip`.`values` (`id`,`formid`,`field`,`text`) VALUES (UNHEX('ee77a8c2e26e7c1f7f5362da6a498a95'),UNHEX('c339bbd72990a6c7579897dddd3857c6'),UNHEX('059cc94c8260ad2c5162613daa2ef5a2'),'');
INSERT INTO `u7417506_dosyatakip`.`values` (`id`,`formid`,`field`,`text`) VALUES (UNHEX('6f0e4c8bf870940f583fbc1d99ac552b'),UNHEX('c339bbd72990a6c7579897dddd3857c6'),UNHEX('de359388539e4d1e2ad32756ed576fd6'),'');
INSERT INTO `u7417506_dosyatakip`.`values` (`id`,`formid`,`field`,`text`) VALUES (UNHEX('03a677abd1a252daff6cae0707fb1992'),UNHEX('c339bbd72990a6c7579897dddd3857c6'),UNHEX('9ad70292ddac62f604f79c57e78896d9'),'HÜLYA BARBAROS');
INSERT INTO `u7417506_dosyatakip`.`values` (`id`,`formid`,`field`,`text`) VALUES (UNHEX('1393e8c2698aaac795f4d9ec363af03d'),UNHEX('c339bbd72990a6c7579897dddd3857c6'),UNHEX('21d25dcf24373baeb847f52815bbd746'),'76E09D7FD6E3DBA8342D64D1BBF61CE2');
INSERT INTO `u7417506_dosyatakip`.`values` (`id`,`formid`,`field`,`text`) VALUES (UNHEX('70fb1f9612adb8ecb1f3a78809c64612'),UNHEX('c339bbd72990a6c7579897dddd3857c6'),UNHEX('166ef8d7bb247111578c2e1f6bb0c484'),'');
INSERT INTO `u7417506_dosyatakip`.`values` (`id`,`formid`,`field`,`text`) VALUES (UNHEX('f36b8f0bf2e4d099abfc4d77bfd5d8ab'),UNHEX('c339bbd72990a6c7579897dddd3857c6'),UNHEX('097a549f860f84424aedf9c75a6eeb59'),'');
INSERT INTO `u7417506_dosyatakip`.`values` (`id`,`formid`,`field`,`text`) VALUES (UNHEX('20fe6d3496ce222ee2beb78ab9117961'),UNHEX('c339bbd72990a6c7579897dddd3857c6'),UNHEX('a97169a98f9e367527ef3f39ec8dbc65'),'2020-10-29');
INSERT INTO `u7417506_dosyatakip`.`values` (`id`,`formid`,`field`,`text`) VALUES (UNHEX('d93f4d6197e39cb353a7fb6d025ea321'),UNHEX('81275d4772acd51ab664fd2ab6f0103c'),UNHEX('44a9c75c7e4763114699697a6307bd00'),'1A403E90179CEFCD582EBBA90D52D512');
INSERT INTO `u7417506_dosyatakip`.`values` (`id`,`formid`,`field`,`text`) VALUES (UNHEX('9b16373fa8331ca7ed87233d638f9edd'),UNHEX('81275d4772acd51ab664fd2ab6f0103c'),UNHEX('0b6072368adb397a71b6a742d984eb8a'),'65762D7583D8C21AEDFAF3A8E6D43460');
INSERT INTO `u7417506_dosyatakip`.`values` (`id`,`formid`,`field`,`text`) VALUES (UNHEX('9bd9e20cdc02c1bb6381d21a8faa52e4'),UNHEX('81275d4772acd51ab664fd2ab6f0103c'),UNHEX('f2d0e64de5f3425bad0811bfd26f8d81'),'CBD433A9C6934A1D18BEC4207ED1FD1C');
INSERT INTO `u7417506_dosyatakip`.`values` (`id`,`formid`,`field`,`text`) VALUES (UNHEX('5deb0192008e28873d2a4730afcf000a'),UNHEX('81275d4772acd51ab664fd2ab6f0103c'),UNHEX('eba9bfbf7bd43efae89813f1dac07bcd'),'2020-12-03');
INSERT INTO `u7417506_dosyatakip`.`values` (`id`,`formid`,`field`,`text`) VALUES (UNHEX('c1f1d86875e3494f8fbb176a09a1af3a'),UNHEX('81275d4772acd51ab664fd2ab6f0103c'),UNHEX('4df05a2dae5fddf6b06cb7f9201427ab'),'2020-12-10');
INSERT INTO `u7417506_dosyatakip`.`values` (`id`,`formid`,`field`,`text`) VALUES (UNHEX('117fa1947689a25af7520465339f2b53'),UNHEX('81275d4772acd51ab664fd2ab6f0103c'),UNHEX('059cc94c8260ad2c5162613daa2ef5a2'),'');
INSERT INTO `u7417506_dosyatakip`.`values` (`id`,`formid`,`field`,`text`) VALUES (UNHEX('aadfbeae5195b376c7052473b2a97616'),UNHEX('81275d4772acd51ab664fd2ab6f0103c'),UNHEX('de359388539e4d1e2ad32756ed576fd6'),'');
INSERT INTO `u7417506_dosyatakip`.`values` (`id`,`formid`,`field`,`text`) VALUES (UNHEX('831cb2f9b3adcf36b9a3e4713d630dac'),UNHEX('81275d4772acd51ab664fd2ab6f0103c'),UNHEX('9ad70292ddac62f604f79c57e78896d9'),'NURCAN BARBAROS');
INSERT INTO `u7417506_dosyatakip`.`values` (`id`,`formid`,`field`,`text`) VALUES (UNHEX('aa0acbac5eac2526f465f0ca97dfe694'),UNHEX('81275d4772acd51ab664fd2ab6f0103c'),UNHEX('21d25dcf24373baeb847f52815bbd746'),'76E09D7FD6E3DBA8342D64D1BBF61CE2');
INSERT INTO `u7417506_dosyatakip`.`values` (`id`,`formid`,`field`,`text`) VALUES (UNHEX('a6c4a62890428f37b38163a1bd80f223'),UNHEX('81275d4772acd51ab664fd2ab6f0103c'),UNHEX('166ef8d7bb247111578c2e1f6bb0c484'),'');
INSERT INTO `u7417506_dosyatakip`.`values` (`id`,`formid`,`field`,`text`) VALUES (UNHEX('e0c4509371fe3e4866deb8855f53d662'),UNHEX('81275d4772acd51ab664fd2ab6f0103c'),UNHEX('097a549f860f84424aedf9c75a6eeb59'),'');
INSERT INTO `u7417506_dosyatakip`.`values` (`id`,`formid`,`field`,`text`) VALUES (UNHEX('70fa31e7bd29801e2cda38bcefbba720'),UNHEX('81275d4772acd51ab664fd2ab6f0103c'),UNHEX('a97169a98f9e367527ef3f39ec8dbc65'),'2020-10-29');
INSERT INTO `u7417506_dosyatakip`.`values` (`id`,`formid`,`field`,`text`) VALUES (UNHEX('dc2b9d3dabcd7ca087f11804d2cc73cf'),UNHEX('3925dbbce50c27fd8658280ead0163c5'),UNHEX('44a9c75c7e4763114699697a6307bd00'),'1A403E90179CEFCD582EBBA90D52D512');
INSERT INTO `u7417506_dosyatakip`.`values` (`id`,`formid`,`field`,`text`) VALUES (UNHEX('3454c1ec5d2106a8bc6a109d337fef06'),UNHEX('3925dbbce50c27fd8658280ead0163c5'),UNHEX('0b6072368adb397a71b6a742d984eb8a'),'65762D7583D8C21AEDFAF3A8E6D43460');
INSERT INTO `u7417506_dosyatakip`.`values` (`id`,`formid`,`field`,`text`) VALUES (UNHEX('cc320f228cd5c88534fea6cbf5a36c0f'),UNHEX('3925dbbce50c27fd8658280ead0163c5'),UNHEX('f2d0e64de5f3425bad0811bfd26f8d81'),'CBD433A9C6934A1D18BEC4207ED1FD1C');
INSERT INTO `u7417506_dosyatakip`.`values` (`id`,`formid`,`field`,`text`) VALUES (UNHEX('77a575a679c987afff1d374fb31de1ea'),UNHEX('3925dbbce50c27fd8658280ead0163c5'),UNHEX('eba9bfbf7bd43efae89813f1dac07bcd'),'2020-12-03');
INSERT INTO `u7417506_dosyatakip`.`values` (`id`,`formid`,`field`,`text`) VALUES (UNHEX('a7464343c03815adca9b6138fa9496d8'),UNHEX('3925dbbce50c27fd8658280ead0163c5'),UNHEX('4df05a2dae5fddf6b06cb7f9201427ab'),'2020-12-10');
INSERT INTO `u7417506_dosyatakip`.`values` (`id`,`formid`,`field`,`text`) VALUES (UNHEX('29a3f318734d3e4180a4d99b2281d36c'),UNHEX('3925dbbce50c27fd8658280ead0163c5'),UNHEX('059cc94c8260ad2c5162613daa2ef5a2'),'');
INSERT INTO `u7417506_dosyatakip`.`values` (`id`,`formid`,`field`,`text`) VALUES (UNHEX('93acc92e3b776559d34281e48f02b0e8'),UNHEX('3925dbbce50c27fd8658280ead0163c5'),UNHEX('de359388539e4d1e2ad32756ed576fd6'),'');
INSERT INTO `u7417506_dosyatakip`.`values` (`id`,`formid`,`field`,`text`) VALUES (UNHEX('93eb50ba83999acb804ae15376704d50'),UNHEX('3925dbbce50c27fd8658280ead0163c5'),UNHEX('9ad70292ddac62f604f79c57e78896d9'),'ŞÜKRİYE CEYLAN');
INSERT INTO `u7417506_dosyatakip`.`values` (`id`,`formid`,`field`,`text`) VALUES (UNHEX('137e651cf2c5f2eb9440b5b1a39d46de'),UNHEX('3925dbbce50c27fd8658280ead0163c5'),UNHEX('21d25dcf24373baeb847f52815bbd746'),'76E09D7FD6E3DBA8342D64D1BBF61CE2');
INSERT INTO `u7417506_dosyatakip`.`values` (`id`,`formid`,`field`,`text`) VALUES (UNHEX('7333183b88a4ef332018ec4b7770105e'),UNHEX('3925dbbce50c27fd8658280ead0163c5'),UNHEX('166ef8d7bb247111578c2e1f6bb0c484'),'');
INSERT INTO `u7417506_dosyatakip`.`values` (`id`,`formid`,`field`,`text`) VALUES (UNHEX('8858a5fbc55a064fced169e20043e310'),UNHEX('3925dbbce50c27fd8658280ead0163c5'),UNHEX('097a549f860f84424aedf9c75a6eeb59'),'');
INSERT INTO `u7417506_dosyatakip`.`values` (`id`,`formid`,`field`,`text`) VALUES (UNHEX('778c5e40ef2a579bc3d55692065382d7'),UNHEX('3925dbbce50c27fd8658280ead0163c5'),UNHEX('a97169a98f9e367527ef3f39ec8dbc65'),'2020-10-29');
INSERT INTO `u7417506_dosyatakip`.`values` (`id`,`formid`,`field`,`text`) VALUES (UNHEX('387641f8cd9caecb7a6352e10cfe287b'),UNHEX('95127ac75c4aab271420ecaf13be4bfc'),UNHEX('44a9c75c7e4763114699697a6307bd00'),'1A403E90179CEFCD582EBBA90D52D512');
INSERT INTO `u7417506_dosyatakip`.`values` (`id`,`formid`,`field`,`text`) VALUES (UNHEX('02e656d60225e6d7ca52aaacf1ab86a5'),UNHEX('95127ac75c4aab271420ecaf13be4bfc'),UNHEX('0b6072368adb397a71b6a742d984eb8a'),'65762D7583D8C21AEDFAF3A8E6D43460');
INSERT INTO `u7417506_dosyatakip`.`values` (`id`,`formid`,`field`,`text`) VALUES (UNHEX('cc2bd26f98856020163f1a4ab72a006a'),UNHEX('95127ac75c4aab271420ecaf13be4bfc'),UNHEX('f2d0e64de5f3425bad0811bfd26f8d81'),'CBD433A9C6934A1D18BEC4207ED1FD1C');
INSERT INTO `u7417506_dosyatakip`.`values` (`id`,`formid`,`field`,`text`) VALUES (UNHEX('dd24990a8ca578b90cc23385c20f5e9a'),UNHEX('95127ac75c4aab271420ecaf13be4bfc'),UNHEX('eba9bfbf7bd43efae89813f1dac07bcd'),'2020-12-03');
INSERT INTO `u7417506_dosyatakip`.`values` (`id`,`formid`,`field`,`text`) VALUES (UNHEX('bdda49efce7f171443be24edb1ebc9f5'),UNHEX('95127ac75c4aab271420ecaf13be4bfc'),UNHEX('4df05a2dae5fddf6b06cb7f9201427ab'),'2020-12-10');
INSERT INTO `u7417506_dosyatakip`.`values` (`id`,`formid`,`field`,`text`) VALUES (UNHEX('5b478b3f4a1136f458242a649923a9bb'),UNHEX('95127ac75c4aab271420ecaf13be4bfc'),UNHEX('059cc94c8260ad2c5162613daa2ef5a2'),'');
INSERT INTO `u7417506_dosyatakip`.`values` (`id`,`formid`,`field`,`text`) VALUES (UNHEX('7276c7801a1ae7215c82c903f37f12d8'),UNHEX('95127ac75c4aab271420ecaf13be4bfc'),UNHEX('de359388539e4d1e2ad32756ed576fd6'),'');
INSERT INTO `u7417506_dosyatakip`.`values` (`id`,`formid`,`field`,`text`) VALUES (UNHEX('603a87d379f7ca118961565408f815f9'),UNHEX('95127ac75c4aab271420ecaf13be4bfc'),UNHEX('9ad70292ddac62f604f79c57e78896d9'),'ZABİT ALKAN');
INSERT INTO `u7417506_dosyatakip`.`values` (`id`,`formid`,`field`,`text`) VALUES (UNHEX('7c39899c3f1c39ebd2b16b7ea9b55e74'),UNHEX('95127ac75c4aab271420ecaf13be4bfc'),UNHEX('21d25dcf24373baeb847f52815bbd746'),'76E09D7FD6E3DBA8342D64D1BBF61CE2');
INSERT INTO `u7417506_dosyatakip`.`values` (`id`,`formid`,`field`,`text`) VALUES (UNHEX('fbd6295f9d627369ac273be06a90e89e'),UNHEX('95127ac75c4aab271420ecaf13be4bfc'),UNHEX('166ef8d7bb247111578c2e1f6bb0c484'),'');
INSERT INTO `u7417506_dosyatakip`.`values` (`id`,`formid`,`field`,`text`) VALUES (UNHEX('6dc3cf001f343ddcf263475bcd7b04ac'),UNHEX('95127ac75c4aab271420ecaf13be4bfc'),UNHEX('097a549f860f84424aedf9c75a6eeb59'),'');
INSERT INTO `u7417506_dosyatakip`.`values` (`id`,`formid`,`field`,`text`) VALUES (UNHEX('e407c84514a1cad3ee918a6eec9ada94'),UNHEX('95127ac75c4aab271420ecaf13be4bfc'),UNHEX('a97169a98f9e367527ef3f39ec8dbc65'),'2020-10-29');
INSERT INTO `u7417506_dosyatakip`.`values` (`id`,`formid`,`field`,`text`) VALUES (UNHEX('53023a4bcb086428ef5b950e59aeca88'),UNHEX('367017a430db93f09c35aa0fd86512bf'),UNHEX('44a9c75c7e4763114699697a6307bd00'),'1A403E90179CEFCD582EBBA90D52D512');
INSERT INTO `u7417506_dosyatakip`.`values` (`id`,`formid`,`field`,`text`) VALUES (UNHEX('c3c68c3c9e04d8d827c7810801570bda'),UNHEX('367017a430db93f09c35aa0fd86512bf'),UNHEX('0b6072368adb397a71b6a742d984eb8a'),'65762D7583D8C21AEDFAF3A8E6D43460');
INSERT INTO `u7417506_dosyatakip`.`values` (`id`,`formid`,`field`,`text`) VALUES (UNHEX('5ac7cb2964dbf804ce78afc062626d50'),UNHEX('367017a430db93f09c35aa0fd86512bf'),UNHEX('f2d0e64de5f3425bad0811bfd26f8d81'),'CBD433A9C6934A1D18BEC4207ED1FD1C');
INSERT INTO `u7417506_dosyatakip`.`values` (`id`,`formid`,`field`,`text`) VALUES (UNHEX('fbd8bb9e52c5cb679b9ef54efbfb3802'),UNHEX('367017a430db93f09c35aa0fd86512bf'),UNHEX('eba9bfbf7bd43efae89813f1dac07bcd'),'2020-12-03');
INSERT INTO `u7417506_dosyatakip`.`values` (`id`,`formid`,`field`,`text`) VALUES (UNHEX('1674b8d6f0a7ddc47a4d88a918f80cc2'),UNHEX('367017a430db93f09c35aa0fd86512bf'),UNHEX('4df05a2dae5fddf6b06cb7f9201427ab'),'2020-12-10');
INSERT INTO `u7417506_dosyatakip`.`values` (`id`,`formid`,`field`,`text`) VALUES (UNHEX('32ad988385527945f1923a6398ae0f6d'),UNHEX('367017a430db93f09c35aa0fd86512bf'),UNHEX('059cc94c8260ad2c5162613daa2ef5a2'),'');
INSERT INTO `u7417506_dosyatakip`.`values` (`id`,`formid`,`field`,`text`) VALUES (UNHEX('09b88794db774a9a9070fe4e2b4191bc'),UNHEX('367017a430db93f09c35aa0fd86512bf'),UNHEX('de359388539e4d1e2ad32756ed576fd6'),'');
INSERT INTO `u7417506_dosyatakip`.`values` (`id`,`formid`,`field`,`text`) VALUES (UNHEX('3823fae896d7aa708db2e16f57fa266c'),UNHEX('367017a430db93f09c35aa0fd86512bf'),UNHEX('9ad70292ddac62f604f79c57e78896d9'),'AYŞEGÜL TAŞTAN');
INSERT INTO `u7417506_dosyatakip`.`values` (`id`,`formid`,`field`,`text`) VALUES (UNHEX('e08b3b41415491db3f7944b52e6a5771'),UNHEX('367017a430db93f09c35aa0fd86512bf'),UNHEX('21d25dcf24373baeb847f52815bbd746'),'76E09D7FD6E3DBA8342D64D1BBF61CE2');
INSERT INTO `u7417506_dosyatakip`.`values` (`id`,`formid`,`field`,`text`) VALUES (UNHEX('bacebbd767bc8fca2ec05d21b3426d3d'),UNHEX('367017a430db93f09c35aa0fd86512bf'),UNHEX('166ef8d7bb247111578c2e1f6bb0c484'),'');
INSERT INTO `u7417506_dosyatakip`.`values` (`id`,`formid`,`field`,`text`) VALUES (UNHEX('2c0602942696005f0d19eaf036b186eb'),UNHEX('367017a430db93f09c35aa0fd86512bf'),UNHEX('097a549f860f84424aedf9c75a6eeb59'),'');
INSERT INTO `u7417506_dosyatakip`.`values` (`id`,`formid`,`field`,`text`) VALUES (UNHEX('06393bb2543b532707a7d1289c5862d4'),UNHEX('367017a430db93f09c35aa0fd86512bf'),UNHEX('a97169a98f9e367527ef3f39ec8dbc65'),'2020-10-29');
INSERT INTO `u7417506_dosyatakip`.`values` (`id`,`formid`,`field`,`text`) VALUES (UNHEX('d5d6d3c63cfc14cd9715640893568571'),UNHEX('0da164ac50c61386147086bdb0418ad8'),UNHEX('44a9c75c7e4763114699697a6307bd00'),'1A403E90179CEFCD582EBBA90D52D512');
INSERT INTO `u7417506_dosyatakip`.`values` (`id`,`formid`,`field`,`text`) VALUES (UNHEX('45eaa17fe3dfd76aecbc24570dbce088'),UNHEX('0da164ac50c61386147086bdb0418ad8'),UNHEX('0b6072368adb397a71b6a742d984eb8a'),'65762D7583D8C21AEDFAF3A8E6D43460');
INSERT INTO `u7417506_dosyatakip`.`values` (`id`,`formid`,`field`,`text`) VALUES (UNHEX('b8284a1508f25c48b21850e098edae59'),UNHEX('0da164ac50c61386147086bdb0418ad8'),UNHEX('f2d0e64de5f3425bad0811bfd26f8d81'),'CBD433A9C6934A1D18BEC4207ED1FD1C');
INSERT INTO `u7417506_dosyatakip`.`values` (`id`,`formid`,`field`,`text`) VALUES (UNHEX('fa500906689c5568c83e48e0b805401a'),UNHEX('0da164ac50c61386147086bdb0418ad8'),UNHEX('eba9bfbf7bd43efae89813f1dac07bcd'),'2020-12-03');
INSERT INTO `u7417506_dosyatakip`.`values` (`id`,`formid`,`field`,`text`) VALUES (UNHEX('3811d7543c9d0aa1f8f94a9ff8cdc210'),UNHEX('0da164ac50c61386147086bdb0418ad8'),UNHEX('4df05a2dae5fddf6b06cb7f9201427ab'),'2020-12-10');
INSERT INTO `u7417506_dosyatakip`.`values` (`id`,`formid`,`field`,`text`) VALUES (UNHEX('fd8fbe6963daeaa31dd1cb60571ebb17'),UNHEX('0da164ac50c61386147086bdb0418ad8'),UNHEX('059cc94c8260ad2c5162613daa2ef5a2'),'');
INSERT INTO `u7417506_dosyatakip`.`values` (`id`,`formid`,`field`,`text`) VALUES (UNHEX('8a1a6f3e8506c6575d8603f4f5c5a16b'),UNHEX('0da164ac50c61386147086bdb0418ad8'),UNHEX('de359388539e4d1e2ad32756ed576fd6'),'');
INSERT INTO `u7417506_dosyatakip`.`values` (`id`,`formid`,`field`,`text`) VALUES (UNHEX('aee9bcf59d63660fb1f9883691a907a5'),UNHEX('0da164ac50c61386147086bdb0418ad8'),UNHEX('9ad70292ddac62f604f79c57e78896d9'),'SAİME BARBAROS');
INSERT INTO `u7417506_dosyatakip`.`values` (`id`,`formid`,`field`,`text`) VALUES (UNHEX('eb39bfbb103d4473eb604804efbe0825'),UNHEX('0da164ac50c61386147086bdb0418ad8'),UNHEX('21d25dcf24373baeb847f52815bbd746'),'76E09D7FD6E3DBA8342D64D1BBF61CE2');
INSERT INTO `u7417506_dosyatakip`.`values` (`id`,`formid`,`field`,`text`) VALUES (UNHEX('ece5ad0f7b448cdd697122c65664e60a'),UNHEX('0da164ac50c61386147086bdb0418ad8'),UNHEX('166ef8d7bb247111578c2e1f6bb0c484'),'');
INSERT INTO `u7417506_dosyatakip`.`values` (`id`,`formid`,`field`,`text`) VALUES (UNHEX('3438c53862480452dc146d396baccc47'),UNHEX('0da164ac50c61386147086bdb0418ad8'),UNHEX('097a549f860f84424aedf9c75a6eeb59'),'');
INSERT INTO `u7417506_dosyatakip`.`values` (`id`,`formid`,`field`,`text`) VALUES (UNHEX('965c857d50a49ba1dd9a8a152c3a2083'),UNHEX('0da164ac50c61386147086bdb0418ad8'),UNHEX('a97169a98f9e367527ef3f39ec8dbc65'),'2020-10-29');
INSERT INTO `u7417506_dosyatakip`.`values` (`id`,`formid`,`field`,`text`) VALUES (UNHEX('665e9ad70044b1672382c34b859f228d'),UNHEX('e11a67ed56d1884252ce0c93974e9b85'),UNHEX('44a9c75c7e4763114699697a6307bd00'),'1A403E90179CEFCD582EBBA90D52D512');
INSERT INTO `u7417506_dosyatakip`.`values` (`id`,`formid`,`field`,`text`) VALUES (UNHEX('d0b1c539331b259a8c23bd515a64cb85'),UNHEX('e11a67ed56d1884252ce0c93974e9b85'),UNHEX('0b6072368adb397a71b6a742d984eb8a'),'65762D7583D8C21AEDFAF3A8E6D43460');
INSERT INTO `u7417506_dosyatakip`.`values` (`id`,`formid`,`field`,`text`) VALUES (UNHEX('fdac57a31d96864f27d2ff51a1bd63ec'),UNHEX('e11a67ed56d1884252ce0c93974e9b85'),UNHEX('f2d0e64de5f3425bad0811bfd26f8d81'),'CBD433A9C6934A1D18BEC4207ED1FD1C');
INSERT INTO `u7417506_dosyatakip`.`values` (`id`,`formid`,`field`,`text`) VALUES (UNHEX('0b9c29d8aa66a544f503563d5315bf4c'),UNHEX('e11a67ed56d1884252ce0c93974e9b85'),UNHEX('eba9bfbf7bd43efae89813f1dac07bcd'),'2020-12-03');
INSERT INTO `u7417506_dosyatakip`.`values` (`id`,`formid`,`field`,`text`) VALUES (UNHEX('5c8ce3b436892012e44a9ee52f536974'),UNHEX('e11a67ed56d1884252ce0c93974e9b85'),UNHEX('4df05a2dae5fddf6b06cb7f9201427ab'),'2020-12-10');
INSERT INTO `u7417506_dosyatakip`.`values` (`id`,`formid`,`field`,`text`) VALUES (UNHEX('bffebc9dd7cf245b6566211ecf2b6995'),UNHEX('e11a67ed56d1884252ce0c93974e9b85'),UNHEX('059cc94c8260ad2c5162613daa2ef5a2'),'');
INSERT INTO `u7417506_dosyatakip`.`values` (`id`,`formid`,`field`,`text`) VALUES (UNHEX('427cacb8f4f19296642e04c2f54b9bf3'),UNHEX('e11a67ed56d1884252ce0c93974e9b85'),UNHEX('de359388539e4d1e2ad32756ed576fd6'),'');
INSERT INTO `u7417506_dosyatakip`.`values` (`id`,`formid`,`field`,`text`) VALUES (UNHEX('4e9c2d71839c898cb4b0c29f9be67dba'),UNHEX('e11a67ed56d1884252ce0c93974e9b85'),UNHEX('9ad70292ddac62f604f79c57e78896d9'),'DİLEK MELEK TAŞDAN');
INSERT INTO `u7417506_dosyatakip`.`values` (`id`,`formid`,`field`,`text`) VALUES (UNHEX('8662c73ee47d2a1db12c55b942f4ca48'),UNHEX('e11a67ed56d1884252ce0c93974e9b85'),UNHEX('21d25dcf24373baeb847f52815bbd746'),'76E09D7FD6E3DBA8342D64D1BBF61CE2');
INSERT INTO `u7417506_dosyatakip`.`values` (`id`,`formid`,`field`,`text`) VALUES (UNHEX('b559a78e1d947d3ce159568e74f38f25'),UNHEX('e11a67ed56d1884252ce0c93974e9b85'),UNHEX('166ef8d7bb247111578c2e1f6bb0c484'),'');
INSERT INTO `u7417506_dosyatakip`.`values` (`id`,`formid`,`field`,`text`) VALUES (UNHEX('6bf0713973d747b59b078291c4192a6f'),UNHEX('e11a67ed56d1884252ce0c93974e9b85'),UNHEX('097a549f860f84424aedf9c75a6eeb59'),'');
INSERT INTO `u7417506_dosyatakip`.`values` (`id`,`formid`,`field`,`text`) VALUES (UNHEX('fd3da255f77891ec4c167645b055129c'),UNHEX('e11a67ed56d1884252ce0c93974e9b85'),UNHEX('a97169a98f9e367527ef3f39ec8dbc65'),'2020-10-29');
INSERT INTO `u7417506_dosyatakip`.`values` (`id`,`formid`,`field`,`text`) VALUES (UNHEX('ccb8504293acd3e310f6defa1200171e'),UNHEX('c926ea06c7e0b4e4660193168c459265'),UNHEX('44a9c75c7e4763114699697a6307bd00'),'1A403E90179CEFCD582EBBA90D52D512');
INSERT INTO `u7417506_dosyatakip`.`values` (`id`,`formid`,`field`,`text`) VALUES (UNHEX('52f3a59549beefc135cd3cdf8a2476ef'),UNHEX('c926ea06c7e0b4e4660193168c459265'),UNHEX('0b6072368adb397a71b6a742d984eb8a'),'Seçin');
INSERT INTO `u7417506_dosyatakip`.`values` (`id`,`formid`,`field`,`text`) VALUES (UNHEX('37d867a6e48b8aa419815f79c9a5acae'),UNHEX('c926ea06c7e0b4e4660193168c459265'),UNHEX('f2d0e64de5f3425bad0811bfd26f8d81'),'Seçin');
INSERT INTO `u7417506_dosyatakip`.`values` (`id`,`formid`,`field`,`text`) VALUES (UNHEX('356614148fb66900cb80b8f8622af55e'),UNHEX('c926ea06c7e0b4e4660193168c459265'),UNHEX('eba9bfbf7bd43efae89813f1dac07bcd'),'2020-12-04');
INSERT INTO `u7417506_dosyatakip`.`values` (`id`,`formid`,`field`,`text`) VALUES (UNHEX('07623026d6486ab22976985a04de3bf8'),UNHEX('c926ea06c7e0b4e4660193168c459265'),UNHEX('4df05a2dae5fddf6b06cb7f9201427ab'),'2020-12-10');
INSERT INTO `u7417506_dosyatakip`.`values` (`id`,`formid`,`field`,`text`) VALUES (UNHEX('f938842c81fc53afb536889a8a4806f9'),UNHEX('c926ea06c7e0b4e4660193168c459265'),UNHEX('059cc94c8260ad2c5162613daa2ef5a2'),'');
INSERT INTO `u7417506_dosyatakip`.`values` (`id`,`formid`,`field`,`text`) VALUES (UNHEX('8068c5e67fe8fd3081d647ec2ced14a5'),UNHEX('c926ea06c7e0b4e4660193168c459265'),UNHEX('de359388539e4d1e2ad32756ed576fd6'),'');
INSERT INTO `u7417506_dosyatakip`.`values` (`id`,`formid`,`field`,`text`) VALUES (UNHEX('f85a74401f0f42d0b1a131e899c2d165'),UNHEX('c926ea06c7e0b4e4660193168c459265'),UNHEX('9ad70292ddac62f604f79c57e78896d9'),'SEBA ÇELİK');
INSERT INTO `u7417506_dosyatakip`.`values` (`id`,`formid`,`field`,`text`) VALUES (UNHEX('5a97d048593cdc8580d0526c7c0d25e7'),UNHEX('c926ea06c7e0b4e4660193168c459265'),UNHEX('21d25dcf24373baeb847f52815bbd746'),'Seçin');
INSERT INTO `u7417506_dosyatakip`.`values` (`id`,`formid`,`field`,`text`) VALUES (UNHEX('71acebba97aaeaa26d3d29a4686f9bc6'),UNHEX('c926ea06c7e0b4e4660193168c459265'),UNHEX('166ef8d7bb247111578c2e1f6bb0c484'),'');
INSERT INTO `u7417506_dosyatakip`.`values` (`id`,`formid`,`field`,`text`) VALUES (UNHEX('3ef4426b4e82a713a0cb834d14e3e203'),UNHEX('c926ea06c7e0b4e4660193168c459265'),UNHEX('097a549f860f84424aedf9c75a6eeb59'),'');
INSERT INTO `u7417506_dosyatakip`.`values` (`id`,`formid`,`field`,`text`) VALUES (UNHEX('d142bc4d79d032ade9fe97d059f01d9d'),UNHEX('c926ea06c7e0b4e4660193168c459265'),UNHEX('a97169a98f9e367527ef3f39ec8dbc65'),'2018-02-20');
INSERT INTO `u7417506_dosyatakip`.`values` (`id`,`formid`,`field`,`text`) VALUES (UNHEX('85d142f9d2d1de479cc69ca60b99455a'),UNHEX('07ae498771b065cd61cbd52a9421b7e5'),UNHEX('44a9c75c7e4763114699697a6307bd00'),'1A403E90179CEFCD582EBBA90D52D512');
INSERT INTO `u7417506_dosyatakip`.`values` (`id`,`formid`,`field`,`text`) VALUES (UNHEX('16deabc657b934cc9eaacbbd9734fbeb'),UNHEX('07ae498771b065cd61cbd52a9421b7e5'),UNHEX('0b6072368adb397a71b6a742d984eb8a'),'7BEB50C6A8C7E85522722BB5A6677F7E');
INSERT INTO `u7417506_dosyatakip`.`values` (`id`,`formid`,`field`,`text`) VALUES (UNHEX('8829d12388185f84af37c8241b197e32'),UNHEX('07ae498771b065cd61cbd52a9421b7e5'),UNHEX('f2d0e64de5f3425bad0811bfd26f8d81'),'CBD433A9C6934A1D18BEC4207ED1FD1C');
INSERT INTO `u7417506_dosyatakip`.`values` (`id`,`formid`,`field`,`text`) VALUES (UNHEX('997cc9cae2318636013938e59d669584'),UNHEX('07ae498771b065cd61cbd52a9421b7e5'),UNHEX('eba9bfbf7bd43efae89813f1dac07bcd'),'2020-11-18');
INSERT INTO `u7417506_dosyatakip`.`values` (`id`,`formid`,`field`,`text`) VALUES (UNHEX('f5dc2bd7f38016ba740c66f231cda7e6'),UNHEX('07ae498771b065cd61cbd52a9421b7e5'),UNHEX('4df05a2dae5fddf6b06cb7f9201427ab'),'2020-12-10');
INSERT INTO `u7417506_dosyatakip`.`values` (`id`,`formid`,`field`,`text`) VALUES (UNHEX('9c057c93d77d38a0a18659c06172d273'),UNHEX('07ae498771b065cd61cbd52a9421b7e5'),UNHEX('059cc94c8260ad2c5162613daa2ef5a2'),'');
INSERT INTO `u7417506_dosyatakip`.`values` (`id`,`formid`,`field`,`text`) VALUES (UNHEX('e8cb0b5a0f97b4dfa657867b63551ff5'),UNHEX('07ae498771b065cd61cbd52a9421b7e5'),UNHEX('de359388539e4d1e2ad32756ed576fd6'),'');
INSERT INTO `u7417506_dosyatakip`.`values` (`id`,`formid`,`field`,`text`) VALUES (UNHEX('7b8cd72b2b5d2d2a64ee454a8956437d'),UNHEX('07ae498771b065cd61cbd52a9421b7e5'),UNHEX('9ad70292ddac62f604f79c57e78896d9'),'HACI ÜNAL');
INSERT INTO `u7417506_dosyatakip`.`values` (`id`,`formid`,`field`,`text`) VALUES (UNHEX('8518a0612a3043fc98a221891db3bcb3'),UNHEX('07ae498771b065cd61cbd52a9421b7e5'),UNHEX('21d25dcf24373baeb847f52815bbd746'),'831432218D977A0440DE83BD0BCC92C3');
INSERT INTO `u7417506_dosyatakip`.`values` (`id`,`formid`,`field`,`text`) VALUES (UNHEX('4bf0723102111404a4d45dc1292ca7fb'),UNHEX('07ae498771b065cd61cbd52a9421b7e5'),UNHEX('166ef8d7bb247111578c2e1f6bb0c484'),'');
INSERT INTO `u7417506_dosyatakip`.`values` (`id`,`formid`,`field`,`text`) VALUES (UNHEX('57a94e47ec75f6a22a5dc45df44ef956'),UNHEX('07ae498771b065cd61cbd52a9421b7e5'),UNHEX('097a549f860f84424aedf9c75a6eeb59'),'');
INSERT INTO `u7417506_dosyatakip`.`values` (`id`,`formid`,`field`,`text`) VALUES (UNHEX('28fc75e8c12c9d7076caad856101be85'),UNHEX('07ae498771b065cd61cbd52a9421b7e5'),UNHEX('a97169a98f9e367527ef3f39ec8dbc65'),'2018-07-09');
INSERT INTO `u7417506_dosyatakip`.`values` (`id`,`formid`,`field`,`text`) VALUES (UNHEX('36deeff1f7b61bf4c59d21029457343a'),UNHEX('69fc45bcd18871348a906d0f98dd8310'),UNHEX('44a9c75c7e4763114699697a6307bd00'),'1A403E90179CEFCD582EBBA90D52D512');
INSERT INTO `u7417506_dosyatakip`.`values` (`id`,`formid`,`field`,`text`) VALUES (UNHEX('57f75a099b0365d13a544bb7c8434d7c'),UNHEX('69fc45bcd18871348a906d0f98dd8310'),UNHEX('0b6072368adb397a71b6a742d984eb8a'),'65762D7583D8C21AEDFAF3A8E6D43460');
INSERT INTO `u7417506_dosyatakip`.`values` (`id`,`formid`,`field`,`text`) VALUES (UNHEX('5ffa63db28f150196416d1439d349852'),UNHEX('69fc45bcd18871348a906d0f98dd8310'),UNHEX('f2d0e64de5f3425bad0811bfd26f8d81'),'CBD433A9C6934A1D18BEC4207ED1FD1C');
INSERT INTO `u7417506_dosyatakip`.`values` (`id`,`formid`,`field`,`text`) VALUES (UNHEX('c0aab1fd391e470c556cb0e890dfe8de'),UNHEX('69fc45bcd18871348a906d0f98dd8310'),UNHEX('eba9bfbf7bd43efae89813f1dac07bcd'),'2020-12-14');
INSERT INTO `u7417506_dosyatakip`.`values` (`id`,`formid`,`field`,`text`) VALUES (UNHEX('618605896643f107e6c445fad9ddeb28'),UNHEX('69fc45bcd18871348a906d0f98dd8310'),UNHEX('4df05a2dae5fddf6b06cb7f9201427ab'),'');
INSERT INTO `u7417506_dosyatakip`.`values` (`id`,`formid`,`field`,`text`) VALUES (UNHEX('24fc2070865b30972e3ca9c7acbed5a6'),UNHEX('69fc45bcd18871348a906d0f98dd8310'),UNHEX('059cc94c8260ad2c5162613daa2ef5a2'),'');
INSERT INTO `u7417506_dosyatakip`.`values` (`id`,`formid`,`field`,`text`) VALUES (UNHEX('b82502b850f2d326b0d9a9afa1871528'),UNHEX('69fc45bcd18871348a906d0f98dd8310'),UNHEX('de359388539e4d1e2ad32756ed576fd6'),'');
INSERT INTO `u7417506_dosyatakip`.`values` (`id`,`formid`,`field`,`text`) VALUES (UNHEX('5bdc6e359348a8a20fd76d364b0ff296'),UNHEX('69fc45bcd18871348a906d0f98dd8310'),UNHEX('9ad70292ddac62f604f79c57e78896d9'),'BİRCAN ERKEK');
INSERT INTO `u7417506_dosyatakip`.`values` (`id`,`formid`,`field`,`text`) VALUES (UNHEX('abab60750bceab97e57a2e5e1c49e2b7'),UNHEX('69fc45bcd18871348a906d0f98dd8310'),UNHEX('21d25dcf24373baeb847f52815bbd746'),'2E4FE27CC8DC59CDE5EA61E2E133A4CB');
INSERT INTO `u7417506_dosyatakip`.`values` (`id`,`formid`,`field`,`text`) VALUES (UNHEX('a259152ea92ec22121ff63747cfac10b'),UNHEX('69fc45bcd18871348a906d0f98dd8310'),UNHEX('166ef8d7bb247111578c2e1f6bb0c484'),'');
INSERT INTO `u7417506_dosyatakip`.`values` (`id`,`formid`,`field`,`text`) VALUES (UNHEX('39159c5857a448fe3d623c4bf84ec44e'),UNHEX('69fc45bcd18871348a906d0f98dd8310'),UNHEX('097a549f860f84424aedf9c75a6eeb59'),'');
INSERT INTO `u7417506_dosyatakip`.`values` (`id`,`formid`,`field`,`text`) VALUES (UNHEX('669bab3c5e312ed5f91ddc76fe994ff6'),UNHEX('69fc45bcd18871348a906d0f98dd8310'),UNHEX('a97169a98f9e367527ef3f39ec8dbc65'),'2016-01-26');
INSERT INTO `u7417506_dosyatakip`.`values` (`id`,`formid`,`field`,`text`) VALUES (UNHEX('90907c2b9fc94bda4383cfca130256a2'),UNHEX('e2a39d21ebfca8a66e64263c2dfc4d52'),UNHEX('44a9c75c7e4763114699697a6307bd00'),'1A403E90179CEFCD582EBBA90D52D512');
INSERT INTO `u7417506_dosyatakip`.`values` (`id`,`formid`,`field`,`text`) VALUES (UNHEX('9055b70f05c1058f5f7df6e6fb377696'),UNHEX('e2a39d21ebfca8a66e64263c2dfc4d52'),UNHEX('0b6072368adb397a71b6a742d984eb8a'),'65762D7583D8C21AEDFAF3A8E6D43460');
INSERT INTO `u7417506_dosyatakip`.`values` (`id`,`formid`,`field`,`text`) VALUES (UNHEX('96cad9b569d008f660e9a0ae6db21db7'),UNHEX('e2a39d21ebfca8a66e64263c2dfc4d52'),UNHEX('f2d0e64de5f3425bad0811bfd26f8d81'),'CBD433A9C6934A1D18BEC4207ED1FD1C');
INSERT INTO `u7417506_dosyatakip`.`values` (`id`,`formid`,`field`,`text`) VALUES (UNHEX('20b27c115662e28756583d97ef62af5b'),UNHEX('e2a39d21ebfca8a66e64263c2dfc4d52'),UNHEX('eba9bfbf7bd43efae89813f1dac07bcd'),'2020-12-14');
INSERT INTO `u7417506_dosyatakip`.`values` (`id`,`formid`,`field`,`text`) VALUES (UNHEX('2d6f89cba55edd6b4356ad49ee9cd2a7'),UNHEX('e2a39d21ebfca8a66e64263c2dfc4d52'),UNHEX('4df05a2dae5fddf6b06cb7f9201427ab'),'');
INSERT INTO `u7417506_dosyatakip`.`values` (`id`,`formid`,`field`,`text`) VALUES (UNHEX('57e2276974a7c77daa8635c009538058'),UNHEX('e2a39d21ebfca8a66e64263c2dfc4d52'),UNHEX('059cc94c8260ad2c5162613daa2ef5a2'),'');
INSERT INTO `u7417506_dosyatakip`.`values` (`id`,`formid`,`field`,`text`) VALUES (UNHEX('2966b5da7115b80a5b759a0095d9bb4f'),UNHEX('e2a39d21ebfca8a66e64263c2dfc4d52'),UNHEX('de359388539e4d1e2ad32756ed576fd6'),'');
INSERT INTO `u7417506_dosyatakip`.`values` (`id`,`formid`,`field`,`text`) VALUES (UNHEX('0dd435439ceba55dad4706cdd819c741'),UNHEX('e2a39d21ebfca8a66e64263c2dfc4d52'),UNHEX('9ad70292ddac62f604f79c57e78896d9'),'BİRCAN ERKEK');
INSERT INTO `u7417506_dosyatakip`.`values` (`id`,`formid`,`field`,`text`) VALUES (UNHEX('f4090ec15f56e0d9f7fda961cf46430a'),UNHEX('e2a39d21ebfca8a66e64263c2dfc4d52'),UNHEX('21d25dcf24373baeb847f52815bbd746'),'2E4FE27CC8DC59CDE5EA61E2E133A4CB');
INSERT INTO `u7417506_dosyatakip`.`values` (`id`,`formid`,`field`,`text`) VALUES (UNHEX('27cb7e8b6910a822c12938e5b4f544f4'),UNHEX('e2a39d21ebfca8a66e64263c2dfc4d52'),UNHEX('166ef8d7bb247111578c2e1f6bb0c484'),'');
INSERT INTO `u7417506_dosyatakip`.`values` (`id`,`formid`,`field`,`text`) VALUES (UNHEX('94c9c054b732e0196189115d5471a678'),UNHEX('e2a39d21ebfca8a66e64263c2dfc4d52'),UNHEX('097a549f860f84424aedf9c75a6eeb59'),'');
INSERT INTO `u7417506_dosyatakip`.`values` (`id`,`formid`,`field`,`text`) VALUES (UNHEX('3677924d5f23ddc759617efd28119009'),UNHEX('e2a39d21ebfca8a66e64263c2dfc4d52'),UNHEX('a97169a98f9e367527ef3f39ec8dbc65'),'2016-01-26');
INSERT INTO `u7417506_dosyatakip`.`values` (`id`,`formid`,`field`,`text`) VALUES (UNHEX('793aea1153b44a26ab1064ef3ac351b0'),UNHEX('129f4453761871bd3b75d16103d11613'),UNHEX('44a9c75c7e4763114699697a6307bd00'),'1A403E90179CEFCD582EBBA90D52D512');
INSERT INTO `u7417506_dosyatakip`.`values` (`id`,`formid`,`field`,`text`) VALUES (UNHEX('dc368a64ad7b9ca22a93d9d2aff32601'),UNHEX('129f4453761871bd3b75d16103d11613'),UNHEX('0b6072368adb397a71b6a742d984eb8a'),'65762D7583D8C21AEDFAF3A8E6D43460');
INSERT INTO `u7417506_dosyatakip`.`values` (`id`,`formid`,`field`,`text`) VALUES (UNHEX('cf3a3d44f59046e87b6b06d81c1710ac'),UNHEX('129f4453761871bd3b75d16103d11613'),UNHEX('f2d0e64de5f3425bad0811bfd26f8d81'),'CBD433A9C6934A1D18BEC4207ED1FD1C');
INSERT INTO `u7417506_dosyatakip`.`values` (`id`,`formid`,`field`,`text`) VALUES (UNHEX('4215b9ef75ac1351d7108be9735b34ef'),UNHEX('129f4453761871bd3b75d16103d11613'),UNHEX('eba9bfbf7bd43efae89813f1dac07bcd'),'2020-12-14');
INSERT INTO `u7417506_dosyatakip`.`values` (`id`,`formid`,`field`,`text`) VALUES (UNHEX('58dbdf22295f93c98e1c62b719fb98b4'),UNHEX('129f4453761871bd3b75d16103d11613'),UNHEX('4df05a2dae5fddf6b06cb7f9201427ab'),'');
INSERT INTO `u7417506_dosyatakip`.`values` (`id`,`formid`,`field`,`text`) VALUES (UNHEX('45c5c957957ae424d4faeac209237004'),UNHEX('129f4453761871bd3b75d16103d11613'),UNHEX('059cc94c8260ad2c5162613daa2ef5a2'),'');
INSERT INTO `u7417506_dosyatakip`.`values` (`id`,`formid`,`field`,`text`) VALUES (UNHEX('c531e46570d981234d6dc28989d90412'),UNHEX('129f4453761871bd3b75d16103d11613'),UNHEX('de359388539e4d1e2ad32756ed576fd6'),'');
INSERT INTO `u7417506_dosyatakip`.`values` (`id`,`formid`,`field`,`text`) VALUES (UNHEX('1b397d3ed386c2cfe596cdc6911f37a0'),UNHEX('129f4453761871bd3b75d16103d11613'),UNHEX('9ad70292ddac62f604f79c57e78896d9'),'BİRCAN ERKEK');
INSERT INTO `u7417506_dosyatakip`.`values` (`id`,`formid`,`field`,`text`) VALUES (UNHEX('79ec2bf8f9a0f604008c861862ce4a49'),UNHEX('129f4453761871bd3b75d16103d11613'),UNHEX('21d25dcf24373baeb847f52815bbd746'),'2E4FE27CC8DC59CDE5EA61E2E133A4CB');
INSERT INTO `u7417506_dosyatakip`.`values` (`id`,`formid`,`field`,`text`) VALUES (UNHEX('0d2a32fdae696023956f1ce60bd658f2'),UNHEX('129f4453761871bd3b75d16103d11613'),UNHEX('166ef8d7bb247111578c2e1f6bb0c484'),'');
INSERT INTO `u7417506_dosyatakip`.`values` (`id`,`formid`,`field`,`text`) VALUES (UNHEX('cba725a307828b789d7af166d4e81008'),UNHEX('129f4453761871bd3b75d16103d11613'),UNHEX('097a549f860f84424aedf9c75a6eeb59'),'');
INSERT INTO `u7417506_dosyatakip`.`values` (`id`,`formid`,`field`,`text`) VALUES (UNHEX('b43e1a993190a1a770ea5b3354279942'),UNHEX('129f4453761871bd3b75d16103d11613'),UNHEX('a97169a98f9e367527ef3f39ec8dbc65'),'2016-01-26');
INSERT INTO `u7417506_dosyatakip`.`values` (`id`,`formid`,`field`,`text`) VALUES (UNHEX('44e6ef7089a6c1621f1caccc82139ad9'),UNHEX('9679e00ba2122cfe56643af4dfa08189'),UNHEX('44a9c75c7e4763114699697a6307bd00'),'1A403E90179CEFCD582EBBA90D52D512');
INSERT INTO `u7417506_dosyatakip`.`values` (`id`,`formid`,`field`,`text`) VALUES (UNHEX('18dad5e8646720a6ead70899ee12c01a'),UNHEX('9679e00ba2122cfe56643af4dfa08189'),UNHEX('0b6072368adb397a71b6a742d984eb8a'),'65762D7583D8C21AEDFAF3A8E6D43460');
INSERT INTO `u7417506_dosyatakip`.`values` (`id`,`formid`,`field`,`text`) VALUES (UNHEX('705f579db03c96fbc26437db4adf9852'),UNHEX('9679e00ba2122cfe56643af4dfa08189'),UNHEX('f2d0e64de5f3425bad0811bfd26f8d81'),'CBD433A9C6934A1D18BEC4207ED1FD1C');
INSERT INTO `u7417506_dosyatakip`.`values` (`id`,`formid`,`field`,`text`) VALUES (UNHEX('ec5d6c1f2cbbc7ccdb8913ca222b84de'),UNHEX('9679e00ba2122cfe56643af4dfa08189'),UNHEX('eba9bfbf7bd43efae89813f1dac07bcd'),'2020-12-14');
INSERT INTO `u7417506_dosyatakip`.`values` (`id`,`formid`,`field`,`text`) VALUES (UNHEX('23424a7a9c653d61c523df97d000f847'),UNHEX('9679e00ba2122cfe56643af4dfa08189'),UNHEX('4df05a2dae5fddf6b06cb7f9201427ab'),'');
INSERT INTO `u7417506_dosyatakip`.`values` (`id`,`formid`,`field`,`text`) VALUES (UNHEX('11680706beae995e4ddc483009161c2c'),UNHEX('9679e00ba2122cfe56643af4dfa08189'),UNHEX('059cc94c8260ad2c5162613daa2ef5a2'),'');
INSERT INTO `u7417506_dosyatakip`.`values` (`id`,`formid`,`field`,`text`) VALUES (UNHEX('80686d2c61423afb7a725c4e4e74ce31'),UNHEX('9679e00ba2122cfe56643af4dfa08189'),UNHEX('de359388539e4d1e2ad32756ed576fd6'),'');
INSERT INTO `u7417506_dosyatakip`.`values` (`id`,`formid`,`field`,`text`) VALUES (UNHEX('3ea51d4e4267f999318498f4c9a7650b'),UNHEX('9679e00ba2122cfe56643af4dfa08189'),UNHEX('9ad70292ddac62f604f79c57e78896d9'),'BİRCAN ERKEK');
INSERT INTO `u7417506_dosyatakip`.`values` (`id`,`formid`,`field`,`text`) VALUES (UNHEX('e8cb51af086788c4f80d52684d1435de'),UNHEX('9679e00ba2122cfe56643af4dfa08189'),UNHEX('21d25dcf24373baeb847f52815bbd746'),'2E4FE27CC8DC59CDE5EA61E2E133A4CB');
INSERT INTO `u7417506_dosyatakip`.`values` (`id`,`formid`,`field`,`text`) VALUES (UNHEX('3abf590ae5c2f100790d552c9754e231'),UNHEX('9679e00ba2122cfe56643af4dfa08189'),UNHEX('166ef8d7bb247111578c2e1f6bb0c484'),'');
INSERT INTO `u7417506_dosyatakip`.`values` (`id`,`formid`,`field`,`text`) VALUES (UNHEX('07c3b2e32bdb5b1a180e541f29f5b36a'),UNHEX('9679e00ba2122cfe56643af4dfa08189'),UNHEX('097a549f860f84424aedf9c75a6eeb59'),'');
INSERT INTO `u7417506_dosyatakip`.`values` (`id`,`formid`,`field`,`text`) VALUES (UNHEX('71d942012faace9bc8c066ea531a59d5'),UNHEX('9679e00ba2122cfe56643af4dfa08189'),UNHEX('a97169a98f9e367527ef3f39ec8dbc65'),'2016-01-26');
INSERT INTO `u7417506_dosyatakip`.`values` (`id`,`formid`,`field`,`text`) VALUES (UNHEX('67cdfd9759c15ad1281b6b7f11917348'),UNHEX('42f78eafe0077999e6bf7bd5316fd403'),UNHEX('44a9c75c7e4763114699697a6307bd00'),'1A403E90179CEFCD582EBBA90D52D512');
INSERT INTO `u7417506_dosyatakip`.`values` (`id`,`formid`,`field`,`text`) VALUES (UNHEX('96a7a761422d76e80f9865db55984906'),UNHEX('42f78eafe0077999e6bf7bd5316fd403'),UNHEX('0b6072368adb397a71b6a742d984eb8a'),'65762D7583D8C21AEDFAF3A8E6D43460');
INSERT INTO `u7417506_dosyatakip`.`values` (`id`,`formid`,`field`,`text`) VALUES (UNHEX('eb4fcaf75f91649db96f56c9303eda27'),UNHEX('42f78eafe0077999e6bf7bd5316fd403'),UNHEX('f2d0e64de5f3425bad0811bfd26f8d81'),'CBD433A9C6934A1D18BEC4207ED1FD1C');
INSERT INTO `u7417506_dosyatakip`.`values` (`id`,`formid`,`field`,`text`) VALUES (UNHEX('99c0cfa3358b5ee41b44e55df4f3db32'),UNHEX('42f78eafe0077999e6bf7bd5316fd403'),UNHEX('eba9bfbf7bd43efae89813f1dac07bcd'),'2020-12-14');
INSERT INTO `u7417506_dosyatakip`.`values` (`id`,`formid`,`field`,`text`) VALUES (UNHEX('365602dcaba0b2289936f552904b0d28'),UNHEX('42f78eafe0077999e6bf7bd5316fd403'),UNHEX('4df05a2dae5fddf6b06cb7f9201427ab'),'');
INSERT INTO `u7417506_dosyatakip`.`values` (`id`,`formid`,`field`,`text`) VALUES (UNHEX('c389dec28b932e8894eb92228ff67770'),UNHEX('42f78eafe0077999e6bf7bd5316fd403'),UNHEX('059cc94c8260ad2c5162613daa2ef5a2'),'');
INSERT INTO `u7417506_dosyatakip`.`values` (`id`,`formid`,`field`,`text`) VALUES (UNHEX('f94198087f7ad94b14f842b858b531c0'),UNHEX('42f78eafe0077999e6bf7bd5316fd403'),UNHEX('de359388539e4d1e2ad32756ed576fd6'),'');
INSERT INTO `u7417506_dosyatakip`.`values` (`id`,`formid`,`field`,`text`) VALUES (UNHEX('e4b054830cf0096ef88d5efb35f9e552'),UNHEX('42f78eafe0077999e6bf7bd5316fd403'),UNHEX('9ad70292ddac62f604f79c57e78896d9'),'BİRCAN ERKEK');
INSERT INTO `u7417506_dosyatakip`.`values` (`id`,`formid`,`field`,`text`) VALUES (UNHEX('54b8cf2d5e2fbb67e7cc66b1b6deba76'),UNHEX('42f78eafe0077999e6bf7bd5316fd403'),UNHEX('21d25dcf24373baeb847f52815bbd746'),'2E4FE27CC8DC59CDE5EA61E2E133A4CB');
INSERT INTO `u7417506_dosyatakip`.`values` (`id`,`formid`,`field`,`text`) VALUES (UNHEX('8f617d4b1d9074e447eeb7e968cbbf6e'),UNHEX('42f78eafe0077999e6bf7bd5316fd403'),UNHEX('166ef8d7bb247111578c2e1f6bb0c484'),'');
INSERT INTO `u7417506_dosyatakip`.`values` (`id`,`formid`,`field`,`text`) VALUES (UNHEX('c31eac91d19730ac828e376be9c1bf0d'),UNHEX('42f78eafe0077999e6bf7bd5316fd403'),UNHEX('097a549f860f84424aedf9c75a6eeb59'),'');
INSERT INTO `u7417506_dosyatakip`.`values` (`id`,`formid`,`field`,`text`) VALUES (UNHEX('dc0b1bf533851ba838bd456ca09f0a34'),UNHEX('42f78eafe0077999e6bf7bd5316fd403'),UNHEX('a97169a98f9e367527ef3f39ec8dbc65'),'2016-01-26');
INSERT INTO `u7417506_dosyatakip`.`values` (`id`,`formid`,`field`,`text`) VALUES (UNHEX('28feff44097e3d0ce575c7fb1ced4393'),UNHEX('afe46c16d6dc3d583d5d65be75d9fc46'),UNHEX('44a9c75c7e4763114699697a6307bd00'),'1A403E90179CEFCD582EBBA90D52D512');
INSERT INTO `u7417506_dosyatakip`.`values` (`id`,`formid`,`field`,`text`) VALUES (UNHEX('1159775d40f2563ae88e6fe8099cd6c4'),UNHEX('afe46c16d6dc3d583d5d65be75d9fc46'),UNHEX('0b6072368adb397a71b6a742d984eb8a'),'65762D7583D8C21AEDFAF3A8E6D43460');
INSERT INTO `u7417506_dosyatakip`.`values` (`id`,`formid`,`field`,`text`) VALUES (UNHEX('4c168113f91202436e1673a4c1a650e8'),UNHEX('afe46c16d6dc3d583d5d65be75d9fc46'),UNHEX('f2d0e64de5f3425bad0811bfd26f8d81'),'CBD433A9C6934A1D18BEC4207ED1FD1C');
INSERT INTO `u7417506_dosyatakip`.`values` (`id`,`formid`,`field`,`text`) VALUES (UNHEX('92d8085d84e0d714b52dd0199e6824c0'),UNHEX('afe46c16d6dc3d583d5d65be75d9fc46'),UNHEX('eba9bfbf7bd43efae89813f1dac07bcd'),'2020-12-14');
INSERT INTO `u7417506_dosyatakip`.`values` (`id`,`formid`,`field`,`text`) VALUES (UNHEX('04b4ebb04555a0d8961fb2d48931d5da'),UNHEX('afe46c16d6dc3d583d5d65be75d9fc46'),UNHEX('4df05a2dae5fddf6b06cb7f9201427ab'),'');
INSERT INTO `u7417506_dosyatakip`.`values` (`id`,`formid`,`field`,`text`) VALUES (UNHEX('63ad3b46ae8fdf73944ece2ef2c72c67'),UNHEX('afe46c16d6dc3d583d5d65be75d9fc46'),UNHEX('059cc94c8260ad2c5162613daa2ef5a2'),'');
INSERT INTO `u7417506_dosyatakip`.`values` (`id`,`formid`,`field`,`text`) VALUES (UNHEX('8c37aa24e028339310f7427f399e149f'),UNHEX('afe46c16d6dc3d583d5d65be75d9fc46'),UNHEX('de359388539e4d1e2ad32756ed576fd6'),'');
INSERT INTO `u7417506_dosyatakip`.`values` (`id`,`formid`,`field`,`text`) VALUES (UNHEX('508c2854d73e868c015e20daf5d436df'),UNHEX('afe46c16d6dc3d583d5d65be75d9fc46'),UNHEX('9ad70292ddac62f604f79c57e78896d9'),'BİRCAN ERKEK');
INSERT INTO `u7417506_dosyatakip`.`values` (`id`,`formid`,`field`,`text`) VALUES (UNHEX('b5424a9a69cf3f7b363dcd68bcec28d1'),UNHEX('afe46c16d6dc3d583d5d65be75d9fc46'),UNHEX('21d25dcf24373baeb847f52815bbd746'),'2E4FE27CC8DC59CDE5EA61E2E133A4CB');
INSERT INTO `u7417506_dosyatakip`.`values` (`id`,`formid`,`field`,`text`) VALUES (UNHEX('c99bc193f748ba0d56133939d67b6c06'),UNHEX('afe46c16d6dc3d583d5d65be75d9fc46'),UNHEX('166ef8d7bb247111578c2e1f6bb0c484'),'');
INSERT INTO `u7417506_dosyatakip`.`values` (`id`,`formid`,`field`,`text`) VALUES (UNHEX('4b63e020a1606c960568cb335052af16'),UNHEX('afe46c16d6dc3d583d5d65be75d9fc46'),UNHEX('097a549f860f84424aedf9c75a6eeb59'),'');
INSERT INTO `u7417506_dosyatakip`.`values` (`id`,`formid`,`field`,`text`) VALUES (UNHEX('79dcb78765662dfa77b16ad8896fefa8'),UNHEX('afe46c16d6dc3d583d5d65be75d9fc46'),UNHEX('a97169a98f9e367527ef3f39ec8dbc65'),'2016-01-26');
INSERT INTO `u7417506_dosyatakip`.`values` (`id`,`formid`,`field`,`text`) VALUES (UNHEX('05388cc9122831d6383babcc7bf13c2f'),UNHEX('476da35535a19987bdf494ced924f1dc'),UNHEX('44a9c75c7e4763114699697a6307bd00'),'1A403E90179CEFCD582EBBA90D52D512');
INSERT INTO `u7417506_dosyatakip`.`values` (`id`,`formid`,`field`,`text`) VALUES (UNHEX('ef839b4a4fd875d5bf583f78ef941e8b'),UNHEX('476da35535a19987bdf494ced924f1dc'),UNHEX('0b6072368adb397a71b6a742d984eb8a'),'65762D7583D8C21AEDFAF3A8E6D43460');
INSERT INTO `u7417506_dosyatakip`.`values` (`id`,`formid`,`field`,`text`) VALUES (UNHEX('8e8404d52f451802eddd341c4faa6c68'),UNHEX('476da35535a19987bdf494ced924f1dc'),UNHEX('f2d0e64de5f3425bad0811bfd26f8d81'),'CBD433A9C6934A1D18BEC4207ED1FD1C');
INSERT INTO `u7417506_dosyatakip`.`values` (`id`,`formid`,`field`,`text`) VALUES (UNHEX('419ee61bbe1fc19b5c6b9efc10eb2d6e'),UNHEX('476da35535a19987bdf494ced924f1dc'),UNHEX('eba9bfbf7bd43efae89813f1dac07bcd'),'2020-12-14');
INSERT INTO `u7417506_dosyatakip`.`values` (`id`,`formid`,`field`,`text`) VALUES (UNHEX('17b9c2617e788ce05b0b732d7e94ed3a'),UNHEX('476da35535a19987bdf494ced924f1dc'),UNHEX('4df05a2dae5fddf6b06cb7f9201427ab'),'');
INSERT INTO `u7417506_dosyatakip`.`values` (`id`,`formid`,`field`,`text`) VALUES (UNHEX('47ef1aebb28c754e8fd0c16c21bc2c47'),UNHEX('476da35535a19987bdf494ced924f1dc'),UNHEX('059cc94c8260ad2c5162613daa2ef5a2'),'');
INSERT INTO `u7417506_dosyatakip`.`values` (`id`,`formid`,`field`,`text`) VALUES (UNHEX('0decdf6676ac0c4ed0e4ec25b3e644a1'),UNHEX('476da35535a19987bdf494ced924f1dc'),UNHEX('de359388539e4d1e2ad32756ed576fd6'),'');
INSERT INTO `u7417506_dosyatakip`.`values` (`id`,`formid`,`field`,`text`) VALUES (UNHEX('d403a9e4ac0e39ca42b53051927d74d8'),UNHEX('476da35535a19987bdf494ced924f1dc'),UNHEX('9ad70292ddac62f604f79c57e78896d9'),'BİRCAN ERKEK');
INSERT INTO `u7417506_dosyatakip`.`values` (`id`,`formid`,`field`,`text`) VALUES (UNHEX('812fe9b1a309493ba84454c17e270698'),UNHEX('476da35535a19987bdf494ced924f1dc'),UNHEX('21d25dcf24373baeb847f52815bbd746'),'2E4FE27CC8DC59CDE5EA61E2E133A4CB');
INSERT INTO `u7417506_dosyatakip`.`values` (`id`,`formid`,`field`,`text`) VALUES (UNHEX('bffaf684e80857b7c5a51b41cc294d5e'),UNHEX('476da35535a19987bdf494ced924f1dc'),UNHEX('166ef8d7bb247111578c2e1f6bb0c484'),'');
INSERT INTO `u7417506_dosyatakip`.`values` (`id`,`formid`,`field`,`text`) VALUES (UNHEX('c4c7575280924cbb0fe69242c0c43cef'),UNHEX('476da35535a19987bdf494ced924f1dc'),UNHEX('097a549f860f84424aedf9c75a6eeb59'),'');
INSERT INTO `u7417506_dosyatakip`.`values` (`id`,`formid`,`field`,`text`) VALUES (UNHEX('6e2d435e1fab97ba1c5cb66b5a708d58'),UNHEX('476da35535a19987bdf494ced924f1dc'),UNHEX('a97169a98f9e367527ef3f39ec8dbc65'),'2016-01-26');
INSERT INTO `u7417506_dosyatakip`.`values` (`id`,`formid`,`field`,`text`) VALUES (UNHEX('ea32a6d702c70d50ae81d08b9c605cab'),UNHEX('4ab3ba8c43022774a2030aefb05ea50d'),UNHEX('44a9c75c7e4763114699697a6307bd00'),'1A403E90179CEFCD582EBBA90D52D512');
INSERT INTO `u7417506_dosyatakip`.`values` (`id`,`formid`,`field`,`text`) VALUES (UNHEX('d90970e7692b3abe78dbbf275afee7d6'),UNHEX('4ab3ba8c43022774a2030aefb05ea50d'),UNHEX('0b6072368adb397a71b6a742d984eb8a'),'65762D7583D8C21AEDFAF3A8E6D43460');
INSERT INTO `u7417506_dosyatakip`.`values` (`id`,`formid`,`field`,`text`) VALUES (UNHEX('243bcafe923d7ac35a76e023c054b84c'),UNHEX('4ab3ba8c43022774a2030aefb05ea50d'),UNHEX('f2d0e64de5f3425bad0811bfd26f8d81'),'CBD433A9C6934A1D18BEC4207ED1FD1C');
INSERT INTO `u7417506_dosyatakip`.`values` (`id`,`formid`,`field`,`text`) VALUES (UNHEX('d9c80444728ce00c1bb694589df23861'),UNHEX('4ab3ba8c43022774a2030aefb05ea50d'),UNHEX('eba9bfbf7bd43efae89813f1dac07bcd'),'2020-12-14');
INSERT INTO `u7417506_dosyatakip`.`values` (`id`,`formid`,`field`,`text`) VALUES (UNHEX('e2e3577a80a1cf56d2149c0e82e8b0c4'),UNHEX('4ab3ba8c43022774a2030aefb05ea50d'),UNHEX('4df05a2dae5fddf6b06cb7f9201427ab'),'');
INSERT INTO `u7417506_dosyatakip`.`values` (`id`,`formid`,`field`,`text`) VALUES (UNHEX('0a4db69afc7a17bc6f0882e0209264dc'),UNHEX('4ab3ba8c43022774a2030aefb05ea50d'),UNHEX('059cc94c8260ad2c5162613daa2ef5a2'),'');
INSERT INTO `u7417506_dosyatakip`.`values` (`id`,`formid`,`field`,`text`) VALUES (UNHEX('cc6de0371a3e6fa0029e1c2fe43aa207'),UNHEX('4ab3ba8c43022774a2030aefb05ea50d'),UNHEX('de359388539e4d1e2ad32756ed576fd6'),'');
INSERT INTO `u7417506_dosyatakip`.`values` (`id`,`formid`,`field`,`text`) VALUES (UNHEX('9271a6ba0bdf2507306c2a0b27f6cfb3'),UNHEX('4ab3ba8c43022774a2030aefb05ea50d'),UNHEX('9ad70292ddac62f604f79c57e78896d9'),'BİRCAN ERKEK');
INSERT INTO `u7417506_dosyatakip`.`values` (`id`,`formid`,`field`,`text`) VALUES (UNHEX('d44f83f7d4d445a3227d832702da2144'),UNHEX('4ab3ba8c43022774a2030aefb05ea50d'),UNHEX('21d25dcf24373baeb847f52815bbd746'),'2E4FE27CC8DC59CDE5EA61E2E133A4CB');
INSERT INTO `u7417506_dosyatakip`.`values` (`id`,`formid`,`field`,`text`) VALUES (UNHEX('2ed533d7ee4cea3436624362f15cb0c8'),UNHEX('4ab3ba8c43022774a2030aefb05ea50d'),UNHEX('166ef8d7bb247111578c2e1f6bb0c484'),'');
INSERT INTO `u7417506_dosyatakip`.`values` (`id`,`formid`,`field`,`text`) VALUES (UNHEX('16c728a021c58330affcef5e1827a1e2'),UNHEX('4ab3ba8c43022774a2030aefb05ea50d'),UNHEX('097a549f860f84424aedf9c75a6eeb59'),'');
INSERT INTO `u7417506_dosyatakip`.`values` (`id`,`formid`,`field`,`text`) VALUES (UNHEX('160914592adc13c42f0e60228c5271ea'),UNHEX('4ab3ba8c43022774a2030aefb05ea50d'),UNHEX('a97169a98f9e367527ef3f39ec8dbc65'),'2016-01-26');
INSERT INTO `u7417506_dosyatakip`.`values` (`id`,`formid`,`field`,`text`) VALUES (UNHEX('e70be3cae1c6688767a74846d8ddebe3'),UNHEX('33873cbc6a408c253a570ef7e5b65a13'),UNHEX('44a9c75c7e4763114699697a6307bd00'),'1A403E90179CEFCD582EBBA90D52D512');
INSERT INTO `u7417506_dosyatakip`.`values` (`id`,`formid`,`field`,`text`) VALUES (UNHEX('50b363c02f47972359879947b07529fc'),UNHEX('33873cbc6a408c253a570ef7e5b65a13'),UNHEX('0b6072368adb397a71b6a742d984eb8a'),'65762D7583D8C21AEDFAF3A8E6D43460');
INSERT INTO `u7417506_dosyatakip`.`values` (`id`,`formid`,`field`,`text`) VALUES (UNHEX('53c1211b8ab2209ed896e90c1a25f975'),UNHEX('33873cbc6a408c253a570ef7e5b65a13'),UNHEX('f2d0e64de5f3425bad0811bfd26f8d81'),'CBD433A9C6934A1D18BEC4207ED1FD1C');
INSERT INTO `u7417506_dosyatakip`.`values` (`id`,`formid`,`field`,`text`) VALUES (UNHEX('66bbf775d17f886936491d901e18bcd8'),UNHEX('33873cbc6a408c253a570ef7e5b65a13'),UNHEX('eba9bfbf7bd43efae89813f1dac07bcd'),'2020-12-14');
INSERT INTO `u7417506_dosyatakip`.`values` (`id`,`formid`,`field`,`text`) VALUES (UNHEX('2d468a489297b131de91b6c994b99cb1'),UNHEX('33873cbc6a408c253a570ef7e5b65a13'),UNHEX('4df05a2dae5fddf6b06cb7f9201427ab'),'');
INSERT INTO `u7417506_dosyatakip`.`values` (`id`,`formid`,`field`,`text`) VALUES (UNHEX('a9526ec7e5ad7a6a37cf4ed7ba1e03e2'),UNHEX('33873cbc6a408c253a570ef7e5b65a13'),UNHEX('059cc94c8260ad2c5162613daa2ef5a2'),'');
INSERT INTO `u7417506_dosyatakip`.`values` (`id`,`formid`,`field`,`text`) VALUES (UNHEX('013f3caaaa20450229f336c62f3436ca'),UNHEX('33873cbc6a408c253a570ef7e5b65a13'),UNHEX('de359388539e4d1e2ad32756ed576fd6'),'');
INSERT INTO `u7417506_dosyatakip`.`values` (`id`,`formid`,`field`,`text`) VALUES (UNHEX('43d40c0bf1e382be8cc6424ceb7b97e3'),UNHEX('33873cbc6a408c253a570ef7e5b65a13'),UNHEX('9ad70292ddac62f604f79c57e78896d9'),'BİRCAN ERKEK');
INSERT INTO `u7417506_dosyatakip`.`values` (`id`,`formid`,`field`,`text`) VALUES (UNHEX('ad98426ac8311cab6a1928d8b197f5f4'),UNHEX('33873cbc6a408c253a570ef7e5b65a13'),UNHEX('21d25dcf24373baeb847f52815bbd746'),'2E4FE27CC8DC59CDE5EA61E2E133A4CB');
INSERT INTO `u7417506_dosyatakip`.`values` (`id`,`formid`,`field`,`text`) VALUES (UNHEX('77b26aca5766319599b68436647ea4e4'),UNHEX('33873cbc6a408c253a570ef7e5b65a13'),UNHEX('166ef8d7bb247111578c2e1f6bb0c484'),'');
INSERT INTO `u7417506_dosyatakip`.`values` (`id`,`formid`,`field`,`text`) VALUES (UNHEX('0c5a0b0bc36e2dd1df16e0c07fe7a9ad'),UNHEX('33873cbc6a408c253a570ef7e5b65a13'),UNHEX('097a549f860f84424aedf9c75a6eeb59'),'');
INSERT INTO `u7417506_dosyatakip`.`values` (`id`,`formid`,`field`,`text`) VALUES (UNHEX('334440b75c13709651d41119470a4edc'),UNHEX('33873cbc6a408c253a570ef7e5b65a13'),UNHEX('a97169a98f9e367527ef3f39ec8dbc65'),'2016-01-26');
INSERT INTO `u7417506_dosyatakip`.`values` (`id`,`formid`,`field`,`text`) VALUES (UNHEX('75bc75690ce4d903ed3dcd536403d301'),UNHEX('08813327c5ee9ba1542aa25d6d2b4472'),UNHEX('44a9c75c7e4763114699697a6307bd00'),'Seçin');
INSERT INTO `u7417506_dosyatakip`.`values` (`id`,`formid`,`field`,`text`) VALUES (UNHEX('31906bb72fa34eb2b2ceb6c73615aa0c'),UNHEX('08813327c5ee9ba1542aa25d6d2b4472'),UNHEX('0b6072368adb397a71b6a742d984eb8a'),'Seçin');
INSERT INTO `u7417506_dosyatakip`.`values` (`id`,`formid`,`field`,`text`) VALUES (UNHEX('1443e766eba96f15c38c38347a6fa9f8'),UNHEX('08813327c5ee9ba1542aa25d6d2b4472'),UNHEX('f2d0e64de5f3425bad0811bfd26f8d81'),'Seçin');
INSERT INTO `u7417506_dosyatakip`.`values` (`id`,`formid`,`field`,`text`) VALUES (UNHEX('686554ec83132acd29432d2639623fa9'),UNHEX('08813327c5ee9ba1542aa25d6d2b4472'),UNHEX('eba9bfbf7bd43efae89813f1dac07bcd'),'');
INSERT INTO `u7417506_dosyatakip`.`values` (`id`,`formid`,`field`,`text`) VALUES (UNHEX('4a702e00ee3402ec5bc3a411aa91e4bd'),UNHEX('08813327c5ee9ba1542aa25d6d2b4472'),UNHEX('4df05a2dae5fddf6b06cb7f9201427ab'),'');
INSERT INTO `u7417506_dosyatakip`.`values` (`id`,`formid`,`field`,`text`) VALUES (UNHEX('73b5a4578d92ba8972f43ca75ff2f30f'),UNHEX('08813327c5ee9ba1542aa25d6d2b4472'),UNHEX('059cc94c8260ad2c5162613daa2ef5a2'),'');
INSERT INTO `u7417506_dosyatakip`.`values` (`id`,`formid`,`field`,`text`) VALUES (UNHEX('e55e39032690009de82f3344e70184f8'),UNHEX('08813327c5ee9ba1542aa25d6d2b4472'),UNHEX('de359388539e4d1e2ad32756ed576fd6'),'');
INSERT INTO `u7417506_dosyatakip`.`values` (`id`,`formid`,`field`,`text`) VALUES (UNHEX('0548ce7e886f38d0b3dfa09fe5360f50'),UNHEX('08813327c5ee9ba1542aa25d6d2b4472'),UNHEX('9ad70292ddac62f604f79c57e78896d9'),'BİRCAN ERKEK');
INSERT INTO `u7417506_dosyatakip`.`values` (`id`,`formid`,`field`,`text`) VALUES (UNHEX('c1d1ab9ead6fecf13f1331cf16946123'),UNHEX('08813327c5ee9ba1542aa25d6d2b4472'),UNHEX('21d25dcf24373baeb847f52815bbd746'),'Seçin');
INSERT INTO `u7417506_dosyatakip`.`values` (`id`,`formid`,`field`,`text`) VALUES (UNHEX('2720ad671f52f995cd49bd8d3513b626'),UNHEX('08813327c5ee9ba1542aa25d6d2b4472'),UNHEX('166ef8d7bb247111578c2e1f6bb0c484'),'');
INSERT INTO `u7417506_dosyatakip`.`values` (`id`,`formid`,`field`,`text`) VALUES (UNHEX('eb4f6cf2476e2b86eebbece13bf07e3e'),UNHEX('08813327c5ee9ba1542aa25d6d2b4472'),UNHEX('097a549f860f84424aedf9c75a6eeb59'),'');
INSERT INTO `u7417506_dosyatakip`.`values` (`id`,`formid`,`field`,`text`) VALUES (UNHEX('9832ea415af18a5377eaffb2dcaf0f6e'),UNHEX('08813327c5ee9ba1542aa25d6d2b4472'),UNHEX('a97169a98f9e367527ef3f39ec8dbc65'),'');

COMMIT;